,name,date,sales ,sales_share,boxoffice_num,num_of_screen,num_of_screenings,rep_nation,nation,distributor,director1,director2,director3,director4,director5,director6,director7,actor1,actor2,actor3,actor4,actor5,actor6,actor7,actor8,actor9,actor10,actor11,actor12,actor13,actor14,actor15,actor16,director8,director9,actor17,actor18,actor19,actor20,actor21,actor22,actor23,actor24,actor25,actor26,actor27,actor28,actor29,actor30,actor31,actor32,actor33,actor34,actor35,actor36,actor37,actor38,actor39,actor40,actor41,actor42,actor43,actor44,actor45,actor46
3,알라딘,2019.5.23,"106,955,138,359",5.6%,"12,552,283","1,409","266,469",미국,미국,월트디즈니컴퍼니코리아 유한책임회사,,,,,,,,,,,,,,,,,,,,,,,,,,,,,,,,,,,,,,,,,,,,,,,,,,,,,,,
7,백두산,2019.12.19,"52,905,789,770",2.8%,"6,290,502","1,971","99,915",한국,한국,"(주)씨제이이엔엠,(주)덱스터스튜디오",,,,,,,,,,,,,,,,,,,,,,,,,,,,,,,,,,,,,,,,,,,,,,,,,,,,,,,
11,라이온 킹,2019.7.17,"41,519,457,430",2.2%,"4,743,264","1,936","126,496",미국,미국,월트디즈니컴퍼니코리아 유한책임회사,,,,,,,,,,,,,,,,,,,,,,,,,,,,,,,,,,,,,,,,,,,,,,,,,,,,,,,
16,돈,2019.3.20,"28,870,244,062",1.5%,"3,389,125","1,431","120,809",한국,한국,(주)쇼박스,,,,,,,,,,,,,,,,,,,,,,,,,,,,,,,,,,,,,,,,,,,,,,,,,,,,,,,
20,증인,2019.2.13,"20,482,789,331",1.1%,"2,534,748","1,047","89,564",한국,한국,롯데컬처웍스(주)롯데엔터테인먼트, 페테르 바스코,,,,,,,,,,,,,,,,,,,,,,,,,,,,,,,,,,,,,,,,,,,,,,,,,,,,,,
33,사자,2019.7.31,"12,931,566,145",0.7%,"1,611,163","1,405","47,683",한국,한국,롯데컬처웍스(주)롯데엔터테인먼트,,,,,,,,,,,,,,,,,,,,,,,,,,,,,,,,,,,,,,,,,,,,,,,,,,,,,,,
42,생일,2019.4.3,"9,885,147,340",0.5%,"1,197,565",878,"71,797",한국,한국,(주)넥스트엔터테인먼트월드(NEW),,,,,,,,,,,,,,,,,,,,,,,,,,,,,,,,,,,,,,,,,,,,,,,,,,,,,,,
54,레드슈즈,2019.7.25,"6,103,833,190",0.3%,"817,729",717,"20,376",한국,한국,(주)넥스트엔터테인먼트월드(NEW), 안나 포드칼스카,,,,,,,,,,,,,,,,,,,,,,,,,,,,,,,,,,,,,,,,,,,,,,,,,,,,,,
77,장난스런 키스,2019.3.27,"3,501,463,050",0.2%,"428,009",532,"20,458",대만,대만,"오드,(주)홈초이스",,,,,,,,,,,,,,,,,,,,,,,,,,,,,,,,,,,,,,,,,,,,,,,,,,,,,,,
80,범블비,2018.12.25,"3,334,865,955",0.2%,"394,493",766,"18,199",미국,미국,롯데컬처웍스(주)롯데엔터테인먼트,,,,,,,,,,,,,,,,,,,,,,,,,,,,,,,,,,,,,,,,,,,,,,,,,,,,,,,
84,러브 유어셀프 인 서울,2019.1.26,"3,209,682,900",0.2%,"342,366",224,"4,535",한국,한국,씨제이 씨지브이(CJ CGV)(주), RM, 진, 슈가, 제이홉, 지민, 뷔, 정국,,,,,,,,,,,,,,,,,,,,,,,,,,,,,,,,,,,,,,,,,,,,,,,,
88,예스터데이,2019.9.18,"2,580,213,100",0.1%,"306,332",816,"23,340",미국,"미국,영국",유니버설픽쳐스인터내셔널 코리아(유),,,,,,,,,,,,,,,,,,,,,,,,,,,,,,,,,,,,,,,,,,,,,,,,,,,,,,,
97,라스트 크리스마스,2019.12.5,"2,058,391,130",0.1%,"249,323",623,"14,580",미국,미국,유니버설픽쳐스인터내셔널 코리아(유),,,,,,,,,,,,,,,,,,,,,,,,,,,,,,,,,,,,,,,,,,,,,,,,,,,,,,,
104,비스트,2019.6.26,"1,606,470,590",0.1%,"203,042",737,"12,404",한국,한국,(주)넥스트엔터테인먼트월드(NEW),,,,,,,,,,,,,,,,,,,,,,,,,,,,,,,,,,,,,,,,,,,,,,,,,,,,,,,
106,언니,2019.1.1,"1,746,373,250",0.1%,"197,134",530,"11,315",한국,한국,"(주)제이앤씨미디어그룹,TCO(주)더콘텐츠온",,,,,,,,,,,,,,,,,,,,,,,,,,,,,,,,,,,,,,,,,,,,,,,,,,,,,,,
107,언더독,2019.1.16,"1,494,957,830",0.1%,"195,183",612,"10,774",한국,한국,(주)넥스트엔터테인먼트월드(NEW),,,,,,,,,,,,,,,,,,,,,,,,,,,,,,,,,,,,,,,,,,,,,,,,,,,,,,,
109,앵그리 버드 2: 독수리 왕국의 침공,2019.8.7,"1,437,751,073",0.1%,"188,987",512,"7,252",미국,미국,소니픽쳐스엔터테인먼트코리아주식회사극장배급지점,,,,,,,,,,,,,,,,,,,,,,,,,,,,,,,,,,,,,,,,,,,,,,,,,,,,,,,
119,벌새,2019.8.29,"1,172,373,574",0.1%,"144,255",145,"7,457",한국,한국,"(주)엣나인필름,(주)콘텐츠판다",,,,,,,,,,,,,,,,,,,,,,,,,,,,,,,,,,,,,,,,,,,,,,,,,,,,,,,
126,바이스,2019.4.11,"1,158,371,984",0.1%,"136,483",241,"9,835",미국,미국,(주)콘텐츠판다,,,,,,,,,,,,,,,,,,,,,,,,,,,,,,,,,,,,,,,,,,,,,,,,,,,,,,,
131,안나,2019.8.28,"958,388,240",0.1%,"116,029",431,"7,492",프랑스,프랑스,판씨네마(주),,,,,,,,,,,,,,,,,,,,,,,,,,,,,,,,,,,,,,,,,,,,,,,,,,,,,,,
133,로켓맨,2019.6.5,"936,108,063",0.0%,"108,586",640,"9,870",영국,"영국,미국",롯데컬처웍스(주)롯데엔터테인먼트, 니콜라스 콜라,,,,,,,,,,,,,,,,,,,,,,,,,,,,,,,,,,,,,,,,,,,,,,,,,,,,,,
144,아이 엠 마더,2019.4.11,"774,580,700",0.0%,"94,119",213,"8,218",미국,미국,"(주)삼백상회,(주)팬엔터테인먼트",,,,,,,,,,,,,,,,,,,,,,,,,,,,,,,,,,,,,,,,,,,,,,,,,,,,,,,
149,김복동,2019.8.8,"711,947,060",0.0%,"89,011",366,"5,719",한국,한국,(주)엣나인필름,,,,,,,,,,,,,,,,,,,,,,,,,,,,,,,,,,,,,,,,,,,,,,,,,,,,,,,
154,로망,2019.4.3,"600,174,900",0.0%,"81,754",405,"6,636",한국,한국,(주)메리크리스마스,,,,,,,,,,,,,,,,,,,,,,,,,,,,,,,,,,,,,,,,,,,,,,,,,,,,,,,
162,노팅 힐,1999.7.3,"524,009,082",0.0%,"63,272",183,"5,759",미국,"미국,영국",유니버설픽쳐스인터내셔널 코리아(유),,,,,,,,,,,,,,,,,,,,,,,,,,,,,,,,,,,,,,,,,,,,,,,,,,,,,,,
168,더 룸,2019.9.25,"461,964,100",0.0%,"56,787",163,"4,078",프랑스,"프랑스,룩셈부르크,벨기에","(주)퍼스트런,(주)팬엔터테인먼트",,,,,,,,,,,,,,,,,,,,,,,,,,,,,,,,,,,,,,,,,,,,,,,,,,,,,,,
169,우리집,2019.8.22,"444,391,340",0.0%,"56,087",147,"4,595",한국,한국,롯데컬처웍스(주)롯데엔터테인먼트,,,,,,,,,,,,,,,,,,,,,,,,,,,,,,,,,,,,,,,,,,,,,,,,,,,,,,,
173,어글리 돌,2019.5.1,"382,560,870",0.0%,"52,586",353,"2,588",미국,미국,판씨네마(주),,,,,,,,,,,,,,,,,,,,,,,,,,,,,,,,,,,,,,,,,,,,,,,,,,,,,,,
174,콜레트,2019.3.27,"409,586,989",0.0%,"51,246",169,"3,385",영국,"영국,미국,헝가리","(주)넥스트엔터테인먼트월드(NEW),(주)팬엔터테인먼트",,,,,,,,,,,,,,,,,,,,,,,,,,,,,,,,,,,,,,,,,,,,,,,,,,,,,,,
180,허슬러,2019.11.27,"356,771,960",0.0%,"43,809",445,"5,360",미국,미국,"(주)제이앤씨미디어그룹,TCO(주)더콘텐츠온",,,,,,,,,,,,,,,,,,,,,,,,,,,,,,,,,,,,,,,,,,,,,,,,,,,,,,,
188,레플리카,2019.9.25,"324,884,230",0.0%,"40,985",360,"5,138",미국,미국,(주)제이앤씨미디어그룹,,,,,,,,,,,,,,,,,,,,,,,,,,,,,,,,,,,,,,,,,,,,,,,,,,,,,,,
190,몬스터 파크,2019.1.23,"275,767,940",0.0%,"38,262",344,"2,756",영국,"영국,멕시코",(주)박수엔터테인먼트,,,,,,,,,,,,,,,,,,,,,,,,,,,,,,,,,,,,,,,,,,,,,,,,,,,,,,,
195,안도 타다오,2019.4.25,"285,639,985",0.0%,"34,807",75,"1,834",일본,일본,(주)영화사 진진,,,,,,,,,,,,,,,,,,,,,,,,,,,,,,,,,,,,,,,,,,,,,,,,,,,,,,,
197,빠삐용,2019.2.27,"275,814,950",0.0%,"34,638",191,"2,354",미국,미국,(주)드림팩트엔터테인먼트,,,,,,,,,,,,,,,,,,,,,,,,,,,,,,,,,,,,,,,,,,,,,,,,,,,,,,,
199,빅 위시,2019.10.30,"251,990,300",0.0%,"32,684",336,"1,886",멕시코,멕시코,(주)박수엔터테인먼트, 카를로스 구티에레스 메드라노,,,,,,,,,,,,,,,,,,,,,,,,,,,,,,,,,,,,,,,,,,,,,,,,,,,,,,
201,마녀배달부 키키,2007.11.22,"269,749,604",0.0%,"32,410",180,"1,962",일본,일본,"(주)스마일이엔티,(주)키다리이엔티,대원미디어(주)",,,,,,,,,,,,,,,,,,,,,,,,,,,,,,,,,,,,,,,,,,,,,,,,,,,,,,,
207,북클럽,2019.6.20,"220,647,690",0.0%,"30,063",73,"1,592",미국,미국,(주)영화사 진진,,,,,,,,,,,,,,,,,,,,,,,,,,,,,,,,,,,,,,,,,,,,,,,,,,,,,,,
208,캐리tv 러브콘서트 더 무비,2019.8.7,"230,599,700",0.0%,"29,277",155,"1,538",한국,한국,롯데컬처웍스(주)롯데엔터테인먼트,,,,,,,,,,,,,,,,,,,,,,,,,,,,,,,,,,,,,,,,,,,,,,,,,,,,,,,
210,"다시, 봄",2019.4.17,"233,916,700",0.0%,"29,048",360,"4,844",한국,한국,(주)스마일이엔티,,,,,,,,,,,,,,,,,,,,,,,,,,,,,,,,,,,,,,,,,,,,,,,,,,,,,,,
211,플레이모빌: 더 무비,2019.9.11,"225,898,260",0.0%,"28,850",295,"1,851",캐나다,캐나다,(주)올스타엔터테인먼트,,,,,,,,,,,,,,,,,,,,,,,,,,,,,,,,,,,,,,,,,,,,,,,,,,,,,,,
214,콜드 워,2019.2.7,"229,481,373",0.0%,"27,739",65,"1,587",폴란드,폴란드,아이 엠,,,,,,,,,,,,,,,,,,,,,,,,,,,,,,,,,,,,,,,,,,,,,,,,,,,,,,,
221,세계는 오늘부터 너의 것,,"139,300,020",0.0%,"25,996",9,156,일본,일본,제인앤유,,,,,,,,,,,,,,,,,,,,,,,,,,,,,,,,,,,,,,,,,,,,,,,,,,,,,,,
228,BIFAN2019 판타스틱 단편 걸작선 1,,"150,000,000",0.0%,"25,000",5,125,한국,한국,, 노영미, 강소연, 김태진, 이민섭, 이광재,,,,,,,,,,,,,,,,,,,,,,,,,,,,,,,,,,,,,,,,,,,,,,,,,,
237,마녀: 소녀의 비밀,2019.7.24,"68,921,160",0.0%,"22,835",4,99,독일,독일,제인앤유, 에스더 비알라스,,,,,,,,,,,,,,,,,,,,,,,,,,,,,,,,,,,,,,,,,,,,,,,,,,,,,,
239,이스케이프 게임,2019.10.11,"66,331,020",0.0%,"22,451",3,98,독일,독일,제인앤유,,,,,,,,,,,,,,,,,,,,,,,,,,,,,,,,,,,,,,,,,,,,,,,,,,,,,,,
244,사이코패스,2019.9.18,"62,031,400",0.0%,"21,603",3,94,미국,미국,제인앤유,,,,,,,,,,,,,,,,,,,,,,,,,,,,,,,,,,,,,,,,,,,,,,,,,,,,,,,
245,로마,2018.12.12,"179,400,636",0.0%,"21,589",20,906,멕시코,멕시코,판씨네마(주),,,,,,,,,,,,,,,,,,,,,,,,,,,,,,,,,,,,,,,,,,,,,,,,,,,,,,,
247,매트릭스,1999.5.15,"185,041,000",0.0%,"20,722",26,"1,044",미국,미국,"영화사 마농(주),(주)씨네클럽봉봉미엘",,,,,,,,,,,,,,,,,,,,,,,,,,,,,,,,,,,,,,,,,,,,,,,,,,,,,,,
248,리노,2019.3.7,"155,296,020",0.0%,"20,699",322,"1,524",브라질,브라질,(주)스톰픽쳐스코리아,,,,,,,,,,,,,,,,,,,,,,,,,,,,,,,,,,,,,,,,,,,,,,,,,,,,,,,
251,물의 기억,2019.5.15,"114,776,080",0.0%,"20,010",108,"1,510",한국,한국,롯데컬처웍스(주)롯데엔터테인먼트, 장수영,,,,,,,,,,,,,,,,,,,,,,,,,,,,,,,,,,,,,,,,,,,,,,,,,,,,,,
255,레토,2019.1.3,"167,909,772",0.0%,"19,427",112,"2,007",러시아,"러시아,프랑스","(주)엣나인필름,플레이리스트(주)",,,,,,,,,,,,,,,,,,,,,,,,,,,,,,,,,,,,,,,,,,,,,,,,,,,,,,,
257,데드 트리거,2018.12.14,"107,789,450",0.0%,"19,320",5,91,미국,미국,제인앤유,,,,,,,,,,,,,,,,,,,,,,,,,,,,,,,,,,,,,,,,,,,,,,,,,,,,,,,
262,경계선,2019.10.24,"148,261,880",0.0%,"17,714",56,"1,306",스웨덴,"스웨덴,덴마크",(주)제이앤씨미디어그룹,,,,,,,,,,,,,,,,,,,,,,,,,,,,,,,,,,,,,,,,,,,,,,,,,,,,,,,
264,빌리어네어 보이즈클럽,2019.1.10,"153,912,800",0.0%,"17,413",166,"2,108",미국,미국,"(주)키다리이엔티,플레이리스트(주)",,,,,,,,,,,,,,,,,,,,,,,,,,,,,,,,,,,,,,,,,,,,,,,,,,,,,,,
266,호크니,2019.8.8,"138,404,352",0.0%,"16,941",44,901,영국,영국,"그린나래미디어(주),(주)키다리이엔티",,,,,,,,,,,,,,,,,,,,,,,,,,,,,,,,,,,,,,,,,,,,,,,,,,,,,,,
267,조,2019.7.11,"136,756,096",0.0%,"16,778",69,"1,267",미국,미국,(주)팝엔터테인먼트,,,,,,,,,,,,,,,,,,,,,,,,,,,,,,,,,,,,,,,,,,,,,,,,,,,,,,,
269,아이스,2019.2.7,"132,095,780",0.0%,"16,695",110,"1,057",러시아,러시아,(주)마노엔터테인먼트,,,,,,,,,,,,,,,,,,,,,,,,,,,,,,,,,,,,,,,,,,,,,,,,,,,,,,,
271,김군,2019.5.23,"122,761,590",0.0%,"16,605",73,"1,441",한국,한국,영화사 풀,,,,,,,,,,,,,,,,,,,,,,,,,,,,,,,,,,,,,,,,,,,,,,,,,,,,,,,
274,와일드 로즈,2019.10.17,"123,934,040",0.0%,"16,415",152,"2,058",영국,영국,판씨네마(주),,,,,,,,,,,,,,,,,,,,,,,,,,,,,,,,,,,,,,,,,,,,,,,,,,,,,,,
281,돈 워리,2019.7.25,"120,915,854",0.0%,"15,566",55,960,미국,미국,"그린나래미디어(주),(주)다날엔터테인먼트",,,,,,,,,,,,,,,,,,,,,,,,,,,,,,,,,,,,,,,,,,,,,,,,,,,,,,,
284,삽질,2019.11.14,"121,341,530",0.0%,"15,276",171,"2,034",한국,한국,(주)엣나인필름,,,,,,,,,,,,,,,,,,,,,,,,,,,,,,,,,,,,,,,,,,,,,,,,,,,,,,,
287,해치지않아,2020.1.15,"128,233,000",0.0%,"15,037",79,82,한국,한국,(주)에이스메이커무비웍스,,,,,,,,,,,,,,,,,,,,,,,,,,,,,,,,,,,,,,,,,,,,,,,,,,,,,,,
289,모리스,2019.11.7,"124,682,523",0.0%,"15,009",50,"1,015",영국,영국,알토미디어(주),,,,,,,,,,,,,,,,,,,,,,,,,,,,,,,,,,,,,,,,,,,,,,,,,,,,,,,
292,카센타,2019.11.27,"111,472,000",0.0%,"14,659",138,"1,544",한국,한국,(주)트리플픽쳐스,,,,,,,,,,,,,,,,,,,,,,,,,,,,,,,,,,,,,,,,,,,,,,,,,,,,,,,
294,킹 오브 프리즘 –샤이니 세븐 스타즈- IV 루이x신x언노운,2019.5.30,"121,225,370",0.0%,"14,502",30,584,일본,일본,동우에이앤이(주),,,,,,,,,,,,,,,,,,,,,,,,,,,,,,,,,,,,,,,,,,,,,,,,,,,,,,,
297,버티고,2019.10.16,"121,628,340",0.0%,"14,353",298,"3,375",한국,한국,(주)트리플픽쳐스,,,,,,,,,,,,,,,,,,,,,,,,,,,,,,,,,,,,,,,,,,,,,,,,,,,,,,,
299,별의 정원,2019.7.4,"97,276,300",0.0%,"14,286",210,"1,112",한국,한국,예지림엔터테인먼트,,,,,,,,,,,,,,,,,,,,,,,,,,,,,,,,,,,,,,,,,,,,,,,,,,,,,,,
317,코코,2018.1.11,"27,685,479,440",1.5%,"3,510,017","1,177","85,925",미국,미국,월트디즈니컴퍼니코리아 유한책임회사,,,,,,,,,,,,,,,,,,,,,,,,,,,,,,,,,,,,,,,,,,,,,,,,,,,,,,,
323,서치,2018.8.29,"25,283,364,845",1.4%,"2,949,944","1,097","95,758",미국,미국,소니픽쳐스엔터테인먼트코리아주식회사극장배급지점,,,,,,,,,,,,,,,,,,,,,,,,,,,,,,,,,,,,,,,,,,,,,,,,,,,,,,,
324,너의 결혼식,2018.8.22,"23,676,244,369",1.3%,"2,820,969",970,"98,193",한국,한국,메가박스중앙(주)플러스엠, 손지윤,,,,,,,,,,,,,,,,,,,,,,,,,,,,,,,,,,,,,,,,,,,,,,,,,,,,,,
325,곤지암,2018.3.28,"21,442,194,144",1.2%,"2,675,575","1,124","88,477",한국,한국,(주)쇼박스,,,,,,,,,,,,,,,,,,,,,,,,,,,,,,,,,,,,,,,,,,,,,,,,,,,,,,,
332,레디 플레이어 원,2018.3.28,"19,933,108,071",1.1%,"2,254,430","1,079","77,173",미국,미국,워너브러더스 코리아(주),,,,,,,,,,,,,,,,,,,,,,,,,,,,,,,,,,,,,,,,,,,,,,,,,,,,,,,
339,도어락,2018.12.5,"12,792,097,886",0.7%,"1,559,616",954,"53,732",한국,한국,메가박스중앙(주)플러스엠,,,,,,,,,,,,,,,,,,,,,,,,,,,,,,,,,,,,,,,,,,,,,,,,,,,,,,,
343,궁합,2018.2.28,"10,478,875,438",0.6%,"1,340,117",966,"52,427",한국,한국,(주)씨제이이엔엠,,,,,,,,,,,,,,,,,,,,,,,,,,,,,,,,,,,,,,,,,,,,,,,,,,,,,,,
349,범블비,2018.12.25,"9,756,083,752",0.5%,"1,167,150","1,016","26,260",미국,미국,롯데컬처웍스(주)롯데엔터테인먼트,,,,,,,,,,,,,,,,,,,,,,,,,,,,,,,,,,,,,,,,,,,,,,,,,,,,,,,
350,챔피언,2018.5.1,"9,471,138,230",0.5%,"1,128,774",874,"47,320",한국,한국,워너브러더스 코리아(주),,,,,,,,,,,,,,,,,,,,,,,,,,,,,,,,,,,,,,,,,,,,,,,,,,,,,,,
360,상류사회,2018.8.29,"6,313,416,163",0.3%,"768,442",867,"41,725",한국,한국,롯데컬처웍스(주)롯데엔터테인먼트,,,,,,,,,,,,,,,,,,,,,,,,,,,,,,,,,,,,,,,,,,,,,,,,,,,,,,,
386,피터 래빗,2018.5.16,"3,006,258,100",0.2%,"388,300",599,"12,522",미국,"미국,영국,호주",소니픽쳐스엔터테인먼트코리아주식회사극장배급지점,,,,,,,,,,,,,,,,,,,,,,,,,,,,,,,,,,,,,,,,,,,,,,,,,,,,,,,
392,번 더 스테이지: 더 무비,2018.11.15,"2,671,391,900",0.1%,"315,010",243,"4,714",한국,한국,월트디즈니컴퍼니코리아 유한책임회사,,,,,,,,,,,,,,,,,,,,,,,,,,,,,,,,,,,,,,,,,,,,,,,,,,,,,,,
394,커뮤터,2018.1.24,"2,286,690,955",0.1%,"286,062",575,"16,145",영국,"영국,미국",메가박스중앙(주)플러스엠, 마이클 패터슨,,,,,,,,,,,,,,,,,,,,,,,,,,,,,,,,,,,,,,,,,,,,,,,,,,,,,,
395,후드,2018.11.28,"2,203,434,149",0.1%,"284,601",628,"14,338",미국,미국,(주)이수C&E,,,,,,,,,,,,,,,,,,,,,,,,,,,,,,,,,,,,,,,,,,,,,,,,,,,,,,,
399,바울,2018.10.31,"2,100,137,400",0.1%,"267,785",227,"8,455",미국,미국,(재)CBS,,,,,,,,,,,,,,,,,,,,,,,,,,,,,,,,,,,,,,,,,,,,,,,,,,,,,,,
404,치즈인더트랩,2018.3.14,"1,890,873,700",0.1%,"229,005",364,"14,710",한국,한국,(주)리틀빅픽쳐스,,,,,,,,,,,,,,,,,,,,,,,,,,,,,,,,,,,,,,,,,,,,,,,,,,,,,,,
413,나미야 잡화점의 기적,2018.2.28,"1,456,136,885",0.1%,"191,988",532,"10,240",일본,일본,(주)이수C&E,,,,,,,,,,,,,,,,,,,,,,,,,,,,,,,,,,,,,,,,,,,,,,,,,,,,,,,
414,업그레이드,2018.9.6,"1,743,757,800",0.1%,"190,387",220,"11,549",미국,미국,유니버설픽쳐스인터내셔널 코리아(유),,,,,,,,,,,,,,,,,,,,,,,,,,,,,,,,,,,,,,,,,,,,,,,,,,,,,,,
417,극장판 도라에몽: 진구의 보물섬,2018.8.15,"1,375,508,400",0.1%,"183,220",463,"5,488",일본,일본,(주)이수C&E,,,,,,,,,,,,,,,,,,,,,,,,,,,,,,,,,,,,,,,,,,,,,,,,,,,,,,,
433,당갈,2018.4.25,"906,597,500",0.0%,"109,465",260,"5,700",인도,인도,(주)넥스트엔터테인먼트월드(NEW),,,,,,,,,,,,,,,,,,,,,,,,,,,,,,,,,,,,,,,,,,,,,,,,,,,,,,,
434,할로윈,2018.10.31,"891,158,713",0.0%,"108,780",536,"9,836",미국,미국,유니버설픽쳐스인터내셔널 코리아(유),,,,,,,,,,,,,,,,,,,,,,,,,,,,,,,,,,,,,,,,,,,,,,,,,,,,,,,
437,게이트,2018.2.28,"821,271,100",0.0%,"101,381",208,"5,474",한국,한국,(주)제이앤씨미디어그룹,,,,,,,,,,,,,,,,,,,,,,,,,,,,,,,,,,,,,,,,,,,,,,,,,,,,,,,
438,미니특공대X,2018.3.22,"746,262,200",0.0%,"100,164",458,"5,452",한국,한국,(주)삼지애니메이션,,,,,,,,,,,,,,,,,,,,,,,,,,,,,,,,,,,,,,,,,,,,,,,,,,,,,,,
442,커다랗고 커다랗고 커다란 배,2018.5.3,"747,704,900",0.0%,"95,459",350,"3,440",덴마크,덴마크,예지림엔터테인먼트,,,,,,,,,,,,,,,,,,,,,,,,,,,,,,,,,,,,,,,,,,,,,,,,,,,,,,,
446,루이스,2018.9.20,"729,147,750",0.0%,"93,000",325,"3,547",독일,독일,(주)스마일이엔티,,,,,,,,,,,,,,,,,,,,,,,,,,,,,,,,,,,,,,,,,,,,,,,,,,,,,,,
449,출국,2018.11.14,"640,943,850",0.0%,"81,880",274,"4,628",한국,한국,,,,,,,,,,,,,,,,,,,,,,,,,,,,,,,,,,,,,,,,,,,,,,,,,,,,,,,,
454,레오나르도 다 빈치,2018.4.26,"511,192,200",0.0%,"64,655",207,"2,621",이탈리아,이탈리아,(주)스마일이엔티,,,,,,,,,,,,,,,,,,,,,,,,,,,,,,,,,,,,,,,,,,,,,,,,,,,,,,,
461,매직빈,2018.5.3,"436,382,700",0.0%,"57,004",534,"3,292",중국,중국,(주)영화사 빅,,,,,,,,,,,,,,,,,,,,,,,,,,,,,,,,,,,,,,,,,,,,,,,,,,,,,,,
475,데자뷰,2018.5.30,"360,833,100",0.0%,"48,279",536,"8,117",한국,한국,(주)키다리이엔티,,,,,,,,,,,,,,,,,,,,,,,,,,,,,,,,,,,,,,,,,,,,,,,,,,,,,,,
479,에그엔젤 코코밍: 두근두근 핼러윈 파티,2018.9.22,"367,076,000",0.0%,"46,386",179,"1,800",일본,일본,(주)엠제이픽쳐스, 닛타 노리오,,,,,,,,,,,,,,,,,,,,,,,,,,,,,,,,,,,,,,,,,,,,,,,,,,,,,,
480,타샤 튜더,2018.9.13,"364,604,850",0.0%,"46,032",38,"2,080",일본,일본,(주)마노엔터테인먼트,,,,,,,,,,,,,,,,,,,,,,,,,,,,,,,,,,,,,,,,,,,,,,,,,,,,,,,
481,플로이,2018.8.15,"334,782,300",0.0%,"44,907",242,"1,790",아이슬란드,"아이슬란드,벨기에",(주)스마일이엔티,,,,,,,,,,,,,,,,,,,,,,,,,,,,,,,,,,,,,,,,,,,,,,,,,,,,,,,
482,다이노 어드벤처2: 육해공 공룡 대백과,2018.10.9,"335,469,900",0.0%,"43,627",322,"2,512",영국,영국,(주)박수엔터테인먼트, 마이크 데블린,,,,,,,,,,,,,,,,,,,,,,,,,,,,,,,,,,,,,,,,,,,,,,,,,,,,,,
487,배반의 장미,2018.10.18,"332,232,550",0.0%,"41,054",457,"6,927",한국,한국,롯데컬처웍스(주)롯데엔터테인먼트,,,,,,,,,,,,,,,,,,,,,,,,,,,,,,,,,,,,,,,,,,,,,,,,,,,,,,,
490,패터슨,2017.12.21,"315,354,908",0.0%,"37,781",43,"1,942",프랑스,"프랑스,독일,미국",그린나래미디어(주),,,,,,,,,,,,,,,,,,,,,,,,,,,,,,,,,,,,,,,,,,,,,,,,,,,,,,,
497,반딧불이 딘딘,2018.2.22,"259,938,900",0.0%,"36,744",303,"2,509",중국,중국,(주)박수엔터테인먼트, 등위봉,,,,,,,,,,,,,,,,,,,,,,,,,,,,,,,,,,,,,,,,,,,,,,,,,,,,,,
500,스파키,2018.4.12,"257,040,200",0.0%,"35,436",312,"1,949",한국,한국,예지림엔터테인먼트,,,,,,,,,,,,,,,,,,,,,,,,,,,,,,,,,,,,,,,,,,,,,,,,,,,,,,,
507,에브리데이,2018.10.11,"270,271,700",0.0%,"30,569",128,"3,091",미국,미국,"그린나래미디어(주),(주)홈초이스",,,,,,,,,,,,,,,,,,,,,,,,,,,,,,,,,,,,,,,,,,,,,,,,,,,,,,,
510,지구: 놀라운 하루,2018.2.22,"229,998,100",0.0%,"30,200",231,"2,099",영국,영국,(주)리틀빅픽쳐스,,,,,,,,,,,,,,,,,,,,,,,,,,,,,,,,,,,,,,,,,,,,,,,,,,,,,,,
516,달링,2018.4.12,"223,218,500",0.0%,"28,217",147,"3,204",영국,영국,(주)팝엔터테인먼트,,,,,,,,,,,,,,,,,,,,,,,,,,,,,,,,,,,,,,,,,,,,,,,,,,,,,,,
517,투 프렌즈,2018.11.29,"199,496,700",0.0%,"28,082",273,"1,399",러시아,러시아,(주)박수엔터테인먼트, 프라순 샤터지,,,,,,,,,,,,,,,,,,,,,,,,,,,,,,,,,,,,,,,,,,,,,,,,,,,,,,
523,해피 투게더,2018.11.15,"204,452,450",0.0%,"27,046",240,"2,322",한국,한국,플레이리스트(주),,,,,,,,,,,,,,,,,,,,,,,,,,,,,,,,,,,,,,,,,,,,,,,,,,,,,,,
525,중2병이라도 사랑이 하고 싶어! 테이크 온 미,2018.5.10,"232,190,200",0.0%,"26,577",113,"2,168",일본,일본,와이드 릴리즈(주),,,,,,,,,,,,,,,,,,,,,,,,,,,,,,,,,,,,,,,,,,,,,,,,,,,,,,,
529,쿵푸몽키,2018.1.25,"182,202,400",0.0%,"25,577",194,"1,356",중국,중국,(주)박수엔터테인먼트, 폴 왕,,,,,,,,,,,,,,,,,,,,,,,,,,,,,,,,,,,,,,,,,,,,,,,,,,,,,,
533,영주,2018.11.22,"191,696,250",0.0%,"24,676",106,"2,707",한국,한국,CGV아트하우스,,,,,,,,,,,,,,,,,,,,,,,,,,,,,,,,,,,,,,,,,,,,,,,,,,,,,,,
540,디트로이트,2018.5.31,"195,105,700",0.0%,"22,841",108,"1,936",미국,미국,그린나래미디어(주),,,,,,,,,,,,,,,,,,,,,,,,,,,,,,,,,,,,,,,,,,,,,,,,,,,,,,,
542,윌리,2018.10.25,"178,555,800",0.0%,"22,716",162,"1,137",말레이시아,말레이시아,㈜코리아스크린,,,,,,,,,,,,,,,,,,,,,,,,,,,,,,,,,,,,,,,,,,,,,,,,,,,,,,,
546,휘트니,2018.8.23,"176,021,027",0.0%,"22,092",80,"1,457",미국,미국,판씨네마(주),,,,,,,,,,,,,,,,,,,,,,,,,,,,,,,,,,,,,,,,,,,,,,,,,,,,,,,
550,로마,2018.12.12,"173,245,000",0.0%,"21,401",32,728,멕시코,멕시코,판씨네마(주),,,,,,,,,,,,,,,,,,,,,,,,,,,,,,,,,,,,,,,,,,,,,,,,,,,,,,,
556,극장판 프리파라 모두의 동경♪ 렛츠고☆프리파리,2017.12.28,"151,922,400",0.0%,"20,089",166,"1,421",일본,일본,(주)박수엔터테인먼트, 모리와키 마코토,,,,,,,,,,,,,,,,,,,,,,,,,,,,,,,,,,,,,,,,,,,,,,,,,,,,,,
557,러빙 빈센트 : 비하인드 에디션,2018.12.13,"171,441,500",0.0%,"19,886",97,"1,417",영국,영국,(주)이수C&E,,,,,,,,,,,,,,,,,,,,,,,,,,,,,,,,,,,,,,,,,,,,,,,,,,,,,,,
563,픽시,2018.8.23,"139,428,100",0.0%,"19,508",268,"1,496",러시아,러시아,(주)팝엔터테인먼트,,,,,,,,,,,,,,,,,,,,,,,,,,,,,,,,,,,,,,,,,,,,,,,,,,,,,,,
566,트와이스랜드,2018.12.7,"153,765,000",0.0%,"18,252",53,572,한국,한국,씨제이 씨지브이(CJ CGV)(주), 나연, 정연, 모모, 사나, 지효, 미나, 다현,,,,,,,,,,,,,,,,, 채영, 쯔위,,,,,,,,,,,,,,,,,,,,,,,,,,,,,,
569,임을 위한 행진곡,2018.5.16,"139,985,700",0.0%,"18,023",160,"1,563",한국,한국,(주)알앤오엔터테인먼트,,,,,,,,,,,,,,,,,,,,,,,,,,,,,,,,,,,,,,,,,,,,,,,,,,,,,,,
574,아인,2018.2.28,"135,549,900",0.0%,"17,287",160,"1,684",일본,일본,판씨네마(주),,,,,,,,,,,,,,,,,,,,,,,,,,,,,,,,,,,,,,,,,,,,,,,,,,,,,,,
575,드래곤 프린세스,2018.7.5,"107,274,200",0.0%,"17,065",215,"1,000",러시아,러시아,(주)박수엔터테인먼트, 알트욤 루키체프,,,,,,,,,,,,,,,,,,,,,,,,,,,,,,,,,,,,,,,,,,,,,,,,,,,,,,
579,더 스퀘어,2018.8.2,"137,702,400",0.0%,"16,764",43,841,스웨덴,"스웨덴,독일,프랑스,덴마크",아이 엠,,,,,,,,,,,,,,,,,,,,,,,,,,,,,,,,,,,,,,,,,,,,,,,,,,,,,,,
591,빅 식,2018.7.18,"121,476,400",0.0%,"15,042",136,"1,509",미국,미국,(주)리틀빅픽쳐스,,,,,,,,,,,,,,,,,,,,,,,,,,,,,,,,,,,,,,,,,,,,,,,,,,,,,,,
607,더 킹,2017.1.18,"43,488,814,535",2.5%,"5,317,693","1,310","107,983",한국,한국,(주)넥스트엔터테인먼트월드(NEW),,,,,,,,,,,,,,,,,,,,,,,,,,,,,,,,,,,,,,,,,,,,,,,,,,,,,,,
608,미녀와 야수,2017.3.16,"42,133,751,579",2.4%,"5,138,328","1,627","140,561",미국,미국,월트디즈니컴퍼니코리아 유한책임회사,,,,,,,,,,,,,,,,,,,,,,,,,,,,,,,,,,,,,,,,,,,,,,,,,,,,,,,
625,보안관,2017.5.3,"20,844,488,409",1.2%,"2,588,628","1,091","63,709",한국,한국,롯데쇼핑㈜롯데엔터테인먼트, 젠 웩슬러,,,,,,,,,,,,,,,,,,,,,,,,,,,,,,,,,,,,,,,,,,,,,,,,,,,,,,
630,모아나,2017.1.12,"18,056,417,307",1.0%,"2,310,206",953,"53,162",미국,미국,월트디즈니컴퍼니코리아 유한책임회사,,,,,,,,,,,,,,,,,,,,,,,,,,,,,,,,,,,,,,,,,,,,,,,,,,,,,,,
633,원더 우먼,2017.5.31,"17,468,588,886",1.0%,"2,165,401","1,034","57,818",미국,미국,워너브러더스 코리아(주),,,,,,,,,,,,,,,,,,,,,,,,,,,,,,,,,,,,,,,,,,,,,,,,,,,,,,,
654,하루,2017.6.15,"9,072,737,842",0.5%,"1,129,609",781,"45,808",한국,한국,CGV아트하우스,,,,,,,,,,,,,,,,,,,,,,,,,,,,,,,,,,,,,,,,,,,,,,,,,,,,,,,
666,트롤,2017.2.16,"5,011,161,500",0.3%,"675,966",622,"18,387",미국,미국,(주)씨제이이엔엠,,,,,,,,,,,,,,,,,,,,,,,,,,,,,,,,,,,,,,,,,,,,,,,,,,,,,,,
678,트리플 엑스 리턴즈,2017.2.8,"3,967,335,095",0.2%,"475,309",590,"20,692",미국,미국,롯데쇼핑㈜롯데엔터테인먼트,,,,,,,,,,,,,,,,,,,,,,,,,,,,,,,,,,,,,,,,,,,,,,,,,,,,,,,
681,라이프,2017.4.5,"3,791,748,210",0.2%,"459,984",647,"27,762",미국,미국,소니픽쳐스엔터테인먼트코리아주식회사극장배급지점,,,,,,,,,,,,,,,,,,,,,,,,,,,,,,,,,,,,,,,,,,,,,,,,,,,,,,,
694,보통사람,2017.3.23,"2,956,397,623",0.2%,"383,336",621,"19,928",한국,한국,오퍼스픽쳐스(유), 국도원,,,,,,,,,,,,,,,,,,,,,,,,,,,,,,,,,,,,,,,,,,,,,,,,,,,,,,
697,어쌔신 크리드,2017.1.11,"2,899,784,921",0.2%,"355,913",566,"16,218",미국,"미국,영국,프랑스",이십세기폭스코리아(주),,,,,,,,,,,,,,,,,,,,,,,,,,,,,,,,,,,,,,,,,,,,,,,,,,,,,,,
705,사랑하기 때문에,2017.1.4,"2,538,805,440",0.1%,"324,526",542,"15,214",한국,한국,(주)넥스트엔터테인먼트월드(NEW),,,,,,,,,,,,,,,,,,,,,,,,,,,,,,,,,,,,,,,,,,,,,,,,,,,,,,,
709,빅풋 주니어,2017.8.9,"2,260,352,900",0.1%,"320,545",437,"8,128",벨기에,"벨기에,프랑스",(주)이수C&E,,,,,,,,,,,,,,,,,,,,,,,,,,,,,,,,,,,,,,,,,,,,,,,,,,,,,,,
712,판도라,2016.12.7,"2,111,772,900",0.1%,"270,936",576,"9,512",한국,한국,(주)넥스트엔터테인먼트월드(NEW),,,,,,,,,,,,,,,,,,,,,,,,,,,,,,,,,,,,,,,,,,,,,,,,,,,,,,,
715,어느날,2017.4.5,"1,846,581,582",0.1%,"234,829",532,"17,748",한국,한국,"오퍼스픽쳐스(유),CGV아트하우스",,,,,,,,,,,,,,,,,,,,,,,,,,,,,,,,,,,,,,,,,,,,,,,,,,,,,,,
716,딥,2017.10.3,"1,772,272,000",0.1%,"230,068",441,"6,243",스페인,스페인,(주)이수C&E,,,,,,,,,,,,,,,,,,,,,,,,,,,,,,,,,,,,,,,,,,,,,,,,,,,,,,,
719,발레리나,2017.2.9,"1,519,845,400",0.1%,"202,916",434,"5,997",프랑스,"프랑스,캐나다",판씨네마(주),,,,,,,,,,,,,,,,,,,,,,,,,,,,,,,,,,,,,,,,,,,,,,,,,,,,,,,
721,문라이트,2017.2.22,"1,408,700,595",0.1%,"178,141",191,"8,215",미국,미국,CGV아트하우스,,,,,,,,,,,,,,,,,,,,,,,,,,,,,,,,,,,,,,,,,,,,,,,,,,,,,,,
723,채비,2017.11.9,"1,260,467,864",0.1%,"177,428",480,"9,981",한국,한국,오퍼스픽쳐스(유),,,,,,,,,,,,,,,,,,,,,,,,,,,,,,,,,,,,,,,,,,,,,,,,,,,,,,,
730,레고 닌자고 무비,2017.9.28,"1,149,394,400",0.1%,"154,966",459,"4,751",미국,미국,워너브러더스 코리아(주),,,,,,,,,,,,,,,,,,,,,,,,,,,,,,,,,,,,,,,,,,,,,,,,,,,,,,,
736,눈길,2017.3.1,"975,750,100",0.1%,"130,440",495,"9,899",한국,한국,"(주)엣나인필름,CGV아트하우스",,,,,,,,,,,,,,,,,,,,,,,,,,,,,,,,,,,,,,,,,,,,,,,,,,,,,,,
750,라이언,2017.2.1,"779,680,700",0.0%,"104,439",205,"6,325",호주,"호주,영국,미국",(주)이수C&E,,,,,,,,,,,,,,,,,,,,,,,,,,,,,,,,,,,,,,,,,,,,,,,,,,,,,,,
751,더 테이블,2017.8.24,"830,762,100",0.0%,"103,054",272,"6,158",한국,한국,(주)엣나인필름,,,,,,,,,,,,,,,,,,,,,,,,,,,,,,,,,,,,,,,,,,,,,,,,,,,,,,,
752,루시드 드림,2017.2.22,"759,481,000",0.0%,"102,170",461,"8,534",한국,한국,(주)넥스트엔터테인먼트월드(NEW),,,,,,,,,,,,,,,,,,,,,,,,,,,,,,,,,,,,,,,,,,,,,,,,,,,,,,,
755,김광석,2017.8.30,"772,483,500",0.0%,"98,231",223,"6,265",한국,한국,(주)무빙픽쳐스컴퍼니,,,,,,,,,,,,,,,,,,,,,,,,,,,,,,,,,,,,,,,,,,,,,,,,,,,,,,,
759,노 게임 노 라이프 -제로-,2017.10.19,"738,618,300",0.0%,"90,643",121,"3,347",일본,일본,(주)박수엔터테인먼트,,,,,,,,,,,,,,,,,,,,,,,,,,,,,,,,,,,,,,,,,,,,,,,,,,,,,,,
769,오두막,2017.4.20,"588,750,200",0.0%,"76,646",396,"5,681",미국,미국,판씨네마(주),,,,,,,,,,,,,,,,,,,,,,,,,,,,,,,,,,,,,,,,,,,,,,,,,,,,,,,
773,더 서클,2017.6.22,"578,129,700",0.0%,"71,362",169,"5,571",미국,미국,(주)키다리이엔티, 타라 아타샤하,,,,,,,,,,,,,,,,,,,,,,,,,,,,,,,,,,,,,,,,,,,,,,,,,,,,,,
783,래빗 스쿨,2017.11.23,"401,768,900",0.0%,"55,784",314,"2,277",독일,독일,예지림엔터테인먼트,,,,,,,,,,,,,,,,,,,,,,,,,,,,,,,,,,,,,,,,,,,,,,,,,,,,,,,
790,언더더씨,2017.6.22,"382,413,600",0.0%,"49,958",163,"1,889",미국,미국,(주)팝엔터테인먼트,,,,,,,,,,,,,,,,,,,,,,,,,,,,,,,,,,,,,,,,,,,,,,,,,,,,,,,
799,댄서,2017.4.13,"365,555,049",0.0%,"45,265",43,"2,156",영국,"영국,러시아,우크라이나,미국",(주)엣나인필름,,,,,,,,,,,,,,,,,,,,,,,,,,,,,,,,,,,,,,,,,,,,,,,,,,,,,,,
806,레이디버그,2017.2.22,"310,291,500",0.0%,"41,041",172,"2,158",한국,"한국,프랑스,일본",(주)삼지애니메이션,,,,,,,,,,,,,,,,,,,,,,,,,,,,,,,,,,,,,,,,,,,,,,,,,,,,,,,
809,산상수훈,2017.12.7,"287,246,000",0.0%,"40,073",71,"1,039",한국,한국,"이언픽쳐스,(주)그란",,,,,,,,,,,,,,,,,,,,,,,,,,,,,,,,,,,,,,,,,,,,,,,,,,,,,,,
811,흑집사 -북 오브 더 아틀란틱-,2017.4.13,"287,368,000",0.0%,"38,224",94,"1,914",일본,일본,(주)박수엔터테인먼트,,,,,,,,,,,,,,,,,,,,,,,,,,,,,,,,,,,,,,,,,,,,,,,,,,,,,,,
814,헤드윅,2002.8.9,"295,554,431",0.0%,"37,002",90,"2,330",미국,미국,"(주)엣나인필름,(주)씨네월드",,,,,,,,,,,,,,,,,,,,,,,,,,,,,,,,,,,,,,,,,,,,,,,,,,,,,,,
815,극장판 프리파라 모두의 동경♪ 렛츠고☆프리파리,2017.12.28,"279,848,900",0.0%,"36,450",191,"1,211",일본,일본,(주)박수엔터테인먼트, 모리와키 마코토,,,,,,,,,,,,,,,,,,,,,,,,,,,,,,,,,,,,,,,,,,,,,,,,,,,,,,
816,다크 하우스,2017.6.22,"295,604,100",0.0%,"36,350",278,"3,139",미국,미국,"(주)스톰픽쳐스코리아,(주)디스테이션",,,,,,,,,,,,,,,,,,,,,,,,,,,,,,,,,,,,,,,,,,,,,,,,,,,,,,,
817,반지의 제왕 : 반지원정대 (확장판),2017.1.11,"470,027,900",0.0%,"35,758",74,"1,112",뉴질랜드,"뉴질랜드,미국",(주)디스테이션,,,,,,,,,,,,,,,,,,,,,,,,,,,,,,,,,,,,,,,,,,,,,,,,,,,,,,,
819,엘르,2017.6.15,"279,049,100",0.0%,"35,368",56,"1,792",프랑스,"프랑스,독일,벨기에",소니픽쳐스엔터테인먼트코리아주식회사극장배급지점,,,,,,,,,,,,,,,,,,,,,,,,,,,,,,,,,,,,,,,,,,,,,,,,,,,,,,,
822,피터와 모글리의 크리스마스 어드벤처,2017.11.23,"241,351,800",0.0%,"34,899",250,"1,705",인도,인도,(주)팝엔터테인먼트, 타파스 차크라바르티,,,,,,,,,,,,,,,,,,,,,,,,,,,,,,,,,,,,,,,,,,,,,,,,,,,,,,
828,판타스틱 단편 걸작선 1,,"203,412,000",0.0%,"33,902",3,167,기타,기타,,,,,,,,,,,,,,,,,,,,,,,,,,,,,,,,,,,,,,,,,,,,,,,,,,,,,,,,
833,루터,2017.10.18,"219,196,300",0.0%,"31,314",94,"1,607",독일,독일,THE 픽쳐스,,,,,,,,,,,,,,,,,,,,,,,,,,,,,,,,,,,,,,,,,,,,,,,,,,,,,,,
837,반지의 제왕 : 왕의 귀환 (확장판),2017.1.25,"370,268,000",0.0%,"30,349",56,869,뉴질랜드,"뉴질랜드,미국",(주)디스테이션,,,,,,,,,,,,,,,,,,,,,,,,,,,,,,,,,,,,,,,,,,,,,,,,,,,,,,,
842,패터슨,2017.12.21,"237,836,300",0.0%,"29,277",62,"1,062",프랑스,"프랑스,독일,미국",그린나래미디어(주),,,,,,,,,,,,,,,,,,,,,,,,,,,,,,,,,,,,,,,,,,,,,,,,,,,,,,,
845,분노,2017.3.30,"233,262,037",0.0%,"28,937",99,"1,831",일본,일본,메가박스중앙(주)플러스엠,,,,,,,,,,,,,,,,,,,,,,,,,,,,,,,,,,,,,,,,,,,,,,,,,,,,,,,
850,키드냅,2017.11.22,"214,871,800",0.0%,"27,854",167,"4,098",미국,미국,(주)제이앤씨미디어그룹,,,,,,,,,,,,,,,,,,,,,,,,,,,,,,,,,,,,,,,,,,,,,,,,,,,,,,,
851,반지의 제왕 : 두개의 탑 (확장판),2017.1.18,"350,183,800",0.0%,"27,440",58,683,뉴질랜드,"뉴질랜드,미국",(주)디스테이션,,,,,,,,,,,,,,,,,,,,,,,,,,,,,,,,,,,,,,,,,,,,,,,,,,,,,,,
853,지니어스,2017.4.13,"209,700,437",0.0%,"27,224",172,"2,310",영국,"영국,미국",(주)라이크콘텐츠,,,,,,,,,,,,,,,,,,,,,,,,,,,,,,,,,,,,,,,,,,,,,,,,,,,,,,,
856,몬스터 섬의 비밀,2017.9.7,"184,568,800",0.0%,"26,739",150,"1,736",멕시코,멕시코,(주)박수엔터테인먼트,,,,,,,,,,,,,,,,,,,,,,,,,,,,,,,,,,,,,,,,,,,,,,,,,,,,,,,
858,메소드,2017.11.2,"215,611,800",0.0%,"26,577",244,"2,933",한국,한국,(주)엣나인필름,,,,,,,,,,,,,,,,,,,,,,,,,,,,,,,,,,,,,,,,,,,,,,,,,,,,,,,
863,골드,2017.3.22,"195,316,900",0.0%,"25,612",200,"3,102",미국,미국,CGV아트하우스,,,,,,,,,,,,,,,,,,,,,,,,,,,,,,,,,,,,,,,,,,,,,,,,,,,,,,,
867,아우토반,2017.3.22,"196,841,500",0.0%,"24,983",153,"3,489",영국,"영국,독일",와이드 릴리즈(주),,,,,,,,,,,,,,,,,,,,,,,,,,,,,,,,,,,,,,,,,,,,,,,,,,,,,,,
872,클로저,2005.2.3,"179,775,032",0.0%,"24,159",99,"2,342",미국,미국,"(주)스튜디오디에이치엘,(주)퍼스트런,글뫼 주식회사,소니픽쳐스릴리징코리아",,,,,,,,,,,,,,,,,,,,,,,,,,,,,,,,,,,,,,,,,,,,,,,,,,,,,,,
873,빌리 엘리어트,2001.2.16,"179,775,000",0.0%,"24,134",82,"1,553",영국,"영국,프랑스","(주)팝엔터테인먼트,유아이피-씨아이씨영화및비디오배급(유)",,,,,,,,,,,,,,,,,,,,,,,,,,,,,,,,,,,,,,,,,,,,,,,,,,,,,,,
876,언프렌드,2017.2.9,"187,802,900",0.0%,"23,688",179,"1,749",독일,독일,(주)크리픽쳐스,,,,,,,,,,,,,,,,,,,,,,,,,,,,,,,,,,,,,,,,,,,,,,,,,,,,,,,
885,프란츠,2017.7.20,"150,974,100",0.0%,"20,760",47,"1,118",프랑스,프랑스,찬란,,,,,,,,,,,,,,,,,,,,,,,,,,,,,,,,,,,,,,,,,,,,,,,,,,,,,,,
895,은혼,2017.12.7,"148,853,500",0.0%,"18,323",137,"2,136",일본,일본,(주)라이크콘텐츠,,,,,,,,,,,,,,,,,,,,,,,,,,,,,,,,,,,,,,,,,,,,,,,,,,,,,,,
904,터널,2016.8.10,"57,529,484,417",3.3%,"7,120,508","1,105","113,201",한국,한국,(주)쇼박스,,,,,,,,,,,,,,,,,,,,,,,,,,,,,,,,,,,,,,,,,,,,,,,,,,,,,,,
906,럭키,2016.10.13,"56,444,461,256",3.2%,"6,975,290","1,234","155,977",한국,한국,(주)쇼박스,,,,,,,,,,,,,,,,,,,,,,,,,,,,,,,,,,,,,,,,,,,,,,,,,,,,,,,
913,판도라,2016.12.7,"33,955,398,164",1.9%,"4,313,864","1,184","90,758",한국,한국,(주)넥스트엔터테인먼트월드(NEW),,,,,,,,,,,,,,,,,,,,,,,,,,,,,,,,,,,,,,,,,,,,,,,,,,,,,,,
922,히말라야,2015.12.16,"20,705,587,567",1.2%,"2,630,352",955,"61,673",한국,한국,(주)씨제이이엔엠,,,,,,,,,,,,,,,,,,,,,,,,,,,,,,,,,,,,,,,,,,,,,,,,,,,,,,,
926,정글북,2016.6.9,"21,517,647,134",1.2%,"2,537,438",924,"59,041",미국,미국,월트디즈니컴퍼니코리아(주), 타파스 차크라바르티,,,,,,,,,,,,,,,,,,,,,,,,,,,,,,,,,,,,,,,,,,,,,,,,,,,,,,
954,미 비포 유,2016.6.1,"7,663,772,990",0.4%,"945,172",481,"28,458",미국,미국,워너브러더스 코리아(주),,,,,,,,,,,,,,,,,,,,,,,,,,,,,,,,,,,,,,,,,,,,,,,,,,,,,,,
960,스플릿,2016.11.9,"6,102,712,539",0.4%,"758,195",702,"32,616",한국,한국,오퍼스픽쳐스(유),,,,,,,,,,,,,,,,,,,,,,,,,,,,,,,,,,,,,,,,,,,,,,,,,,,,,,,
966,사냥,2016.6.29,"4,912,658,515",0.3%,"645,922",696,"28,862",한국,한국,롯데쇼핑㈜롯데엔터테인먼트,,,,,,,,,,,,,,,,,,,,,,,,,,,,,,,,,,,,,,,,,,,,,,,,,,,,,,,
968,설리: 허드슨강의 기적,2016.9.28,"5,234,170,754",0.3%,"627,102",573,"26,609",미국,미국,워너브러더스 코리아(주),,,,,,,,,,,,,,,,,,,,,,,,,,,,,,,,,,,,,,,,,,,,,,,,,,,,,,,
985,나를 잊지 말아요,2016.1.7,"3,398,915,000",0.2%,"425,799",559,"19,138",한국,한국,(주)씨제이이엔엠,,,,,,,,,,,,,,,,,,,,,,,,,,,,,,,,,,,,,,,,,,,,,,,,,,,,,,,
993,캐롤,2016.2.4,"2,645,756,616",0.2%,"319,357",288,"11,092",미국,"미국,영국",CGV아트하우스,,,,,,,,,,,,,,,,,,,,,,,,,,,,,,,,,,,,,,,,,,,,,,,,,,,,,,,
995,스포트라이트,2016.2.24,"2,402,036,255",0.1%,"299,878",320,"13,482",미국,미국,(주)팝엔터테인먼트,,,,,,,,,,,,,,,,,,,,,,,,,,,,,,,,,,,,,,,,,,,,,,,,,,,,,,,
1002,순정,2016.2.24,"1,738,293,033",0.1%,"240,484",467,"10,545",한국,한국,(주)리틀빅픽쳐스,,,,,,,,,,,,,,,,,,,,,,,,,,,,,,,,,,,,,,,,,,,,,,,,,,,,,,,
1004,드림 쏭,2016.9.14,"1,826,269,700",0.1%,"234,387",399,"6,408",미국,미국,(주)이수C&E,,,,,,,,,,,,,,,,,,,,,,,,,,,,,,,,,,,,,,,,,,,,,,,,,,,,,,,
1013,노트북,2004.11.26,"1,505,476,700",0.1%,"182,633",148,"11,531",미국,미국,"(주)퍼스트런,TCO(주)더콘텐츠온,글뫼 주식회사,CJ ENM",,,,,,,,,,,,,,,,,,,,,,,,,,,,,,,,,,,,,,,,,,,,,,,,,,,,,,,
1015,부활,2016.3.17,"1,247,191,600",0.1%,"176,122",136,"8,581",미국,미국,유니버설픽쳐스인터내셔널 코리아(유),,,,,,,,,,,,,,,,,,,,,,,,,,,,,,,,,,,,,,,,,,,,,,,,,,,,,,,
1017,조이,2016.3.10,"1,378,007,200",0.1%,"172,253",405,"12,860",미국,미국,이십세기폭스코리아(주),,,,,,,,,,,,,,,,,,,,,,,,,,,,,,,,,,,,,,,,,,,,,,,,,,,,,,,
1019,빅,2016.7.27,"1,176,116,720",0.1%,"161,196",332,"3,870",미국,"미국,인도",(주)이수C&E,,,,,,,,,,,,,,,,,,,,,,,,,,,,,,,,,,,,,,,,,,,,,,,,,,,,,,,
1021,어린왕자,2015.12.23,"1,142,087,833",0.1%,"150,512",368,"3,973",프랑스,프랑스,씨네그루(주)다우기술,,,,,,,,,,,,,,,,,,,,,,,,,,,,,,,,,,,,,,,,,,,,,,,,,,,,,,,
1024,서울역,2016.8.17,"1,162,471,562",0.1%,"147,031",440,"8,054",한국,한국,(주)넥스트엔터테인먼트월드(NEW),,,,,,,,,,,,,,,,,,,,,,,,,,,,,,,,,,,,,,,,,,,,,,,,,,,,,,,
1026,자백,2016.10.13,"1,128,388,200",0.1%,"143,648",152,"6,071",한국,한국,(주)엣나인필름,,,,,,,,,,,,,,,,,,,,,,,,,,,,,,,,,,,,,,,,,,,,,,,,,,,,,,,
1027,장난감이 살아있다,2016.9.7,"1,112,430,600",0.1%,"142,977",294,"4,346",아르헨티나,"아르헨티나,스페인","㈜코리아스크린,와이드 릴리즈(주)",,,,,,,,,,,,,,,,,,,,,,,,,,,,,,,,,,,,,,,,,,,,,,,,,,,,,,,
1029,플로렌스,2016.8.24,"1,079,970,100",0.1%,"139,717",382,"8,146",영국,영국,(주)이수C&E,,,,,,,,,,,,,,,,,,,,,,,,,,,,,,,,,,,,,,,,,,,,,,,,,,,,,,,
1030,로빈슨 크루소,2016.9.7,"1,071,533,400",0.1%,"139,392",329,"4,326",벨기에,벨기에,(주)영화사 빅,,,,,,,,,,,,,,,,,,,,,,,,,,,,,,,,,,,,,,,,,,,,,,,,,,,,,,,
1040,최강전사 미니특공대: 영웅의 탄생,2016.2.4,"877,875,200",0.1%,"117,170",349,"4,863",한국,한국,(주)삼지애니메이션, 이영준,,,,,,,,,,,,,,,,,,,,,,,,,,,,,,,,,,,,,,,,,,,,,,,,,,,,,,
1041,다이노소어 어드벤처 : 백악기 공룡대백과,2016.5.4,"854,091,000",0.0%,"112,242",325,"3,643",영국,영국,"(주)박수엔터테인먼트,(주)애니플러스", 닐 나이팅게일, 베리 쿡, 앤드류 코헨,,,,,,,,,,,,,,,,,,,,,,,,,,,,,,,,,,,,,,,,,,,,,,,,,,,,
1043,킹 오브 프리즘 (바이 프리티 리듬),2016.8.11,"859,771,500",0.0%,"103,852",53,"2,291",일본,일본,(주)박수엔터테인먼트,,,,,,,,,,,,,,,,,,,,,,,,,,,,,,,,,,,,,,,,,,,,,,,,,,,,,,,
1048,일사각오,2016.3.17,"682,581,500",0.0%,"94,767",66,"2,702",한국,한국,파이오니아21,,,,,,,,,,,,,,,,,,,,,,,,,,,,,,,,,,,,,,,,,,,,,,,,,,,,,,,
1058,유스,2016.1.7,"663,547,600",0.0%,"85,363",65,"3,204",이탈리아,"이탈리아,프랑스,스위스,영국",그린나래미디어(주),,,,,,,,,,,,,,,,,,,,,,,,,,,,,,,,,,,,,,,,,,,,,,,,,,,,,,,
1071,번개맨,2016.2.11,"517,127,000",0.0%,"69,363",393,"4,644",한국,한국,(주)키다리이엔티,,,,,,,,,,,,,,,,,,,,,,,,,,,,,,,,,,,,,,,,,,,,,,,,,,,,,,,
1072,이퀄스,2016.8.31,"519,972,300",0.0%,"68,902",357,"6,177",미국,미국,(주)키다리이엔티, 켄타나 H. 쿠야스,,,,,,,,,,,,,,,,,,,,,,,,,,,,,,,,,,,,,,,,,,,,,,,,,,,,,,
1073,스티브 잡스,2016.1.21,"535,351,276",0.0%,"68,815",384,"6,396",미국,미국,유니버설픽쳐스인터내셔널 코리아(유),,,,,,,,,,,,,,,,,,,,,,,,,,,,,,,,,,,,,,,,,,,,,,,,,,,,,,,
1075,올레,2016.8.25,"522,938,900",0.0%,"66,883",338,"5,126",한국,한국,"(주)대명문화공장,(주)리틀빅픽쳐스",,,,,,,,,,,,,,,,,,,,,,,,,,,,,,,,,,,,,,,,,,,,,,,,,,,,,,,
1078,레터스 투 갓,2016.2.25,"432,604,300",0.0%,"66,250",119,"2,297",미국,미국,(주)모멘텀엔터테인먼트,,,,,,,,,,,,,,,,,,,,,,,,,,,,,,,,,,,,,,,,,,,,,,,,,,,,,,,
1079,극장판 파워레인저: 닌자포스 VS 트레인포스 닌자 인 원더랜드,2016.11.3,"503,900,800",0.0%,"64,622",406,"3,805",일본,일본,(주)넥스트엔터테인먼트월드(NEW),,,,,,,,,,,,,,,,,,,,,,,,,,,,,,,,,,,,,,,,,,,,,,,,,,,,,,,
1088,그물,2016.10.6,"426,185,300",0.0%,"56,541",381,"6,278",한국,한국,(주)넥스트엔터테인먼트월드(NEW),,,,,,,,,,,,,,,,,,,,,,,,,,,,,,,,,,,,,,,,,,,,,,,,,,,,,,,
1091,빅뱅 메이드,2016.6.30,"466,486,700",0.0%,"55,582",56,"1,794",한국,한국,씨제이 씨지브이(CJ CGV)(주),,,,,,,,,,,,,,,,,,,,,,,,,,,,,,,,,,,,,,,,,,,,,,,,,,,,,,,
1095,순종,2016.11.17,"384,957,200",0.0%,"54,456",104,"2,122",한국,한국,"(재)CBS,(주)영화사 안다미로",,,,,,,,,,,,,,,,,,,,,,,,,,,,,,,,,,,,,,,,,,,,,,,,,,,,,,,
1099,브루클린,2016.4.21,"412,985,600",0.0%,"51,106",40,"2,148",미국,미국,이십세기폭스코리아(주),,,,,,,,,,,,,,,,,,,,,,,,,,,,,,,,,,,,,,,,,,,,,,,,,,,,,,,
1117,BIFAN2016 판타스틱 단편 걸작선 1,,"258,603,000",0.0%,"43,003",5,210,기타,기타,,,,,,,,,,,,,,,,,,,,,,,,,,,,,,,,,,,,,,,,,,,,,,,,,,,,,,,,
1119,33,2016.4.7,"318,282,400",0.0%,"41,269",320,"4,299",미국,"미국,칠레",(주)나이너스엔터테인먼트,,,,,,,,,,,,,,,,,,,,,,,,,,,,,,,,,,,,,,,,,,,,,,,,,,,,,,,
1120,잔예 - 살아서는 안되는 방,2016.7.7,"337,608,700",0.0%,"41,247",287,"2,984",일본,일본,(주)넥스트엔터테인먼트월드(NEW),,,,,,,,,,,,,,,,,,,,,,,,,,,,,,,,,,,,,,,,,,,,,,,,,,,,,,,
1123,동급생,2016.5.19,"280,704,500",0.0%,"38,706",100,"2,154",일본,일본,(주)박수엔터테인먼트,,,,,,,,,,,,,,,,,,,,,,,,,,,,,,,,,,,,,,,,,,,,,,,,,,,,,,,
1126,트릭,2016.7.13,"297,957,300",0.0%,"38,262",390,"5,939",한국,한국,"(주)스톰픽쳐스코리아,(주)이수C&E",,,,,,,,,,,,,,,,,,,,,,,,,,,,,,,,,,,,,,,,,,,,,,,,,,,,,,,
1129,파워배틀 와치카 미니카 배틀리그: 불꽃의 질주,2016.8.17,"270,014,820",0.0%,"35,569",170,"1,774",한국,한국,(주)삼지애니메이션, 이영준,,,,,,,,,,,,,,,,,,,,,,,,,,,,,,,,,,,,,,,,,,,,,,,,,,,,,,
1135,태양 아래,2016.4.27,"206,495,400",0.0%,"33,008",120,"2,030",체코,"체코,러시아,독일",THE 픽쳐스, 로즈 로더,,,,,,,,,,,,,,,,,,,,,,,,,,,,,,,,,,,,,,,,,,,,,,,,,,,,,,
1138,대결,2016.9.22,"251,176,500",0.0%,"32,278",366,"5,409",한국,한국,"(주)스톰픽쳐스코리아,TCO(주)더콘텐츠온",,,,,,,,,,,,,,,,,,,,,,,,,,,,,,,,,,,,,,,,,,,,,,,,,,,,,,,
1161,미스터 캣,2016.10.19,"181,383,750",0.0%,"23,350",241,"2,440",프랑스,"프랑스,중국",(주)리틀빅픽쳐스,,,,,,,,,,,,,,,,,,,,,,,,,,,,,,,,,,,,,,,,,,,,,,,,,,,,,,,
1169,히야,2016.3.10,"173,844,100",0.0%,"21,687",124,"1,444",한국,한국,(주)라이크콘텐츠,,,,,,,,,,,,,,,,,,,,,,,,,,,,,,,,,,,,,,,,,,,,,,,,,,,,,,,
1179,커터,2016.3.30,"151,165,500",0.0%,"19,405",199,"3,093",한국,한국,(주)스톰픽쳐스코리아,,,,,,,,,,,,,,,,,,,,,,,,,,,,,,,,,,,,,,,,,,,,,,,,,,,,,,,
1182,프란치스코,2016.3.10,"131,141,849",0.0%,"18,802",184,"2,121",스페인,"스페인,아르헨티나,이탈리아",스튜디오 프로그레시브 인큐베이터,,,,,,,,,,,,,,,,,,,,,,,,,,,,,,,,,,,,,,,,,,,,,,,,,,,,,,,
1183,시카고,2003.3.28,"144,422,600",0.0%,"18,782",74,"1,076",미국,미국,"(주)키다리이엔티,코리아픽쳐스(주)",,,,,,,,,,,,,,,,,,,,,,,,,,,,,,,,,,,,,,,,,,,,,,,,,,,,,,,
1194,사랑하기 때문에,2017.1.4,"134,684,000",0.0%,"16,410",26,80,한국,한국,(주)넥스트엔터테인먼트월드(NEW),,,,,,,,,,,,,,,,,,,,,,,,,,,,,,,,,,,,,,,,,,,,,,,,,,,,,,,
1195,리틀 폭스,2016.6.23,"119,113,500",0.0%,"16,207",150,934,중국,중국,예지림엔터테인먼트,,,,,,,,,,,,,,,,,,,,,,,,,,,,,,,,,,,,,,,,,,,,,,,,,,,,,,,
1196,예전부터 계속 좋아했어 ~고백실행위원회~,2016.9.29,"120,601,500",0.0%,"16,187",77,"1,451",일본,일본,(주)디스테이션,,,,,,,,,,,,,,,,,,,,,,,,,,,,,,,,,,,,,,,,,,,,,,,,,,,,,,,
1197,더 웨이브,2016.7.13,"126,516,321",0.0%,"16,108",140,"1,712",노르웨이,노르웨이,(주)팝엔터테인먼트,,,,,,,,,,,,,,,,,,,,,,,,,,,,,,,,,,,,,,,,,,,,,,,,,,,,,,,
1209,쥬라기 월드,2015.6.11,"47,800,698,826",2.80%,"5,546,792","1,290","118,959",미국,미국,유니버설픽쳐스인터내셔널 코리아(유),,,,,,,,,,,,,,,,,,,,,,,,,,,,,,,,,,,,,,,,,,,,,,,,,,,,,,,
1211,히말라야,2015.12.16,"39,469,775,448",2.30%,"5,129,409","1,095","81,042",한국,한국,(주)씨제이이엔엠,,,,,,,,,,,,,,,,,,,,,,,,,,,,,,,,,,,,,,,,,,,,,,,,,,,,,,,
1216,인턴,2015.9.24,"28,517,727,148",1.70%,"3,610,564",659,"81,552",미국,미국,워너브러더스 코리아(주),,,,,,,,,,,,,,,,,,,,,,,,,,,,,,,,,,,,,,,,,,,,,,,,,,,,,,,
1226,미니언즈,2015.7.29,"18,998,046,278",1.10%,"2,625,599",792,"41,946",미국,미국,유니버설픽쳐스인터내셔널 코리아(유),,,,,,,,,,,,,,,,,,,,,,,,,,,,,,,,,,,,,,,,,,,,,,,,,,,,,,,
1230,뷰티 인사이드,2015.8.20,"16,148,479,531",0.90%,"2,053,435",648,"52,618",한국,한국,(주)넥스트엔터테인먼트월드(NEW),,,,,,,,,,,,,,,,,,,,,,,,,,,,,,,,,,,,,,,,,,,,,,,,,,,,,,,
1240,마다가스카의 펭귄,2014.12.31,"11,450,482,159",0.70%,"1,512,340",615,"27,171",미국,미국,(주)씨제이이엔엠,,,,,,,,,,,,,,,,,,,,,,,,,,,,,,,,,,,,,,,,,,,,,,,,,,,,,,,
1241,차이나타운,2015.4.29,"11,990,370,378",0.70%,"1,472,106",551,"45,137",한국,한국,CGV아트하우스,,,,,,,,,,,,,,,,,,,,,,,,,,,,,,,,,,,,,,,,,,,,,,,,,,,,,,,
1257,신데렐라,2015.3.19,"5,500,502,900",0.30%,"716,491",531,"27,508",미국,미국,월트디즈니컴퍼니코리아(주),,,,,,,,,,,,,,,,,,,,,,,,,,,,,,,,,,,,,,,,,,,,,,,,,,,,,,,
1258,픽셀,2015.7.16,"5,390,909,947",0.30%,"681,945",557,"21,307",미국,미국,유니버설픽쳐스인터내셔널 코리아(유),,,,,,,,,,,,,,,,,,,,,,,,,,,,,,,,,,,,,,,,,,,,,,,,,,,,,,,
1269,오피스,2015.9.3,"3,460,460,230",0.20%,"441,208",425,"18,575",한국,한국,(주)리틀빅픽쳐스,,,,,,,,,,,,,,,,,,,,,,,,,,,,,,,,,,,,,,,,,,,,,,,,,,,,,,,
1271,어린왕자,2015.12.23,"3,195,586,794",0.20%,"428,855",494,"8,384",프랑스,프랑스,씨네그루(주)다우기술,,,,,,,,,,,,,,,,,,,,,,,,,,,,,,,,,,,,,,,,,,,,,,,,,,,,,,,
1280,치외법권,2015.8.27,"2,664,941,005",0.20%,"346,483",446,"15,297",한국,한국,판씨네마(주),,,,,,,,,,,,,,,,,,,,,,,,,,,,,,,,,,,,,,,,,,,,,,,,,,,,,,,
1282,에베레스트,2015.9.24,"3,055,119,748",0.20%,"332,180",331,"9,343",미국,"미국,영국",유니버설픽쳐스인터내셔널 코리아(유),,,,,,,,,,,,,,,,,,,,,,,,,,,,,,,,,,,,,,,,,,,,,,,,,,,,,,,
1285,극적인 하룻밤,2015.12.3,"2,610,567,429",0.20%,"320,884",434,"18,332",한국,한국,CGV아트하우스,,,,,,,,,,,,,,,,,,,,,,,,,,,,,,,,,,,,,,,,,,,,,,,,,,,,,,,
1290,패딩턴,2015.1.7,"2,246,438,729",0.10%,"305,102",408,"9,738",영국,"영국,프랑스,캐나다",롯데쇼핑㈜롯데엔터테인먼트,,,,,,,,,,,,,,,,,,,,,,,,,,,,,,,,,,,,,,,,,,,,,,,,,,,,,,,
1295,백 투 더 비기닝,2015.2.26,"2,018,287,400",0.10%,"266,610",423,"13,839",미국,미국,롯데쇼핑㈜롯데엔터테인먼트,,,,,,,,,,,,,,,,,,,,,,,,,,,,,,,,,,,,,,,,,,,,,,,,,,,,,,,
1314,팬,2015.10.8,"1,425,325,592",0.10%,"186,174",428,"8,994",미국,미국,워너브러더스 코리아(주),,,,,,,,,,,,,,,,,,,,,,,,,,,,,,,,,,,,,,,,,,,,,,,,,,,,,,,
1321,센과 치히로의 행방불명,2002.6.27,"1,255,442,529",0.10%,"159,282",339,"6,434",일본,일본,씨네그루(주)다우기술,,,,,,,,,,,,,,,,,,,,,,,,,,,,,,,,,,,,,,,,,,,,,,,,,,,,,,,
1329,화장,2015.4.9,"1,073,035,100",0.10%,"142,382",327,"13,811",한국,한국,(주)리틀빅픽쳐스,,,,,,,,,,,,,,,,,,,,,,,,,,,,,,,,,,,,,,,,,,,,,,,,,,,,,,,
1333,심야식당,2015.6.18,"1,045,229,474",0.10%,"132,192",180,"5,779",일본,일본,(주)영화사 진진,,,,,,,,,,,,,,,,,,,,,,,,,,,,,,,,,,,,,,,,,,,,,,,,,,,,,,,
1338,존 윅,2015.1.21,"925,995,637",0.10%,"116,119",321,"6,653",미국,미국,"(주)제이앤씨미디어그룹,(주)나이너스엔터테인먼트",,,,,,,,,,,,,,,,,,,,,,,,,,,,,,,,,,,,,,,,,,,,,,,,,,,,,,,
1345,프리덤,2015.11.19,"736,220,100",0.00%,"106,030",117,"3,067",미국,미국,주식회사 마운틴픽쳐스,,,,,,,,,,,,,,,,,,,,,,,,,,,,,,,,,,,,,,,,,,,,,,,,,,,,,,,
1346,사우스포,2015.12.3,"757,831,248",0.00%,"100,785",335,"6,516",미국,미국,씨네그루(주)다우기술,,,,,,,,,,,,,,,,,,,,,,,,,,,,,,,,,,,,,,,,,,,,,,,,,,,,,,,
1347,돌연변이,2015.10.22,"748,816,684",0.00%,"100,523",399,"6,827",한국,한국,필라멘트픽쳐스,,,,,,,,,,,,,,,,,,,,,,,,,,,,,,,,,,,,,,,,,,,,,,,,,,,,,,,
1350,맥베스,2015.12.3,"712,208,153",0.00%,"93,610",141,"3,645",영국,"영국,프랑스,미국",판씨네마(주),,,,,,,,,,,,,,,,,,,,,,,,,,,,,,,,,,,,,,,,,,,,,,,,,,,,,,,
1352,숀더쉽,2015.8.13,"640,793,000",0.00%,"91,790",263,"2,937",영국,"영국,프랑스",(주)박수엔터테인먼트,,,,,,,,,,,,,,,,,,,,,,,,,,,,,,,,,,,,,,,,,,,,,,,,,,,,,,,
1358,와일드,2015.1.22,"668,736,800",0.00%,"83,761",58,"2,733",미국,미국,이십세기폭스코리아(주),,,,,,,,,,,,,,,,,,,,,,,,,,,,,,,,,,,,,,,,,,,,,,,,,,,,,,,
1376,파더 앤 도터,2015.12.10,"464,270,100",0.00%,"60,829",352,"5,487",미국,"미국,이탈리아",(주)박수엔터테인먼트, 미유키 우에하라,,,,,,,,,,,,,,,,,,,,,,,,,,,,,,,,,,,,,,,,,,,,,,,,,,,,,,
1377,말할 수 없는 비밀,2008.1.10,"468,890,500",0.00%,"57,553",96,"2,900",대만,"대만,홍콩","(주)엔케이컨텐츠,(주)디스테이션,(주)스폰지이엔티",,,,,,,,,,,,,,,,,,,,,,,,,,,,,,,,,,,,,,,,,,,,,,,,,,,,,,,
1390,비밀,2015.10.15,"369,339,300",0.00%,"50,196",305,"5,180",한국,한국,CGV아트하우스,,,,,,,,,,,,,,,,,,,,,,,,,,,,,,,,,,,,,,,,,,,,,,,,,,,,,,,
1393,송 원,2015.4.1,"360,122,143",0.00%,"48,252",365,"5,890",미국,미국,(주)박수엔터테인먼트,,,,,,,,,,,,,,,,,,,,,,,,,,,,,,,,,,,,,,,,,,,,,,,,,,,,,,,
1394,이스케이프,2015.11.5,"365,265,000",0.00%,"47,760",264,"4,020",미국,미국,(주)넥스트엔터테인먼트월드(NEW),,,,,,,,,,,,,,,,,,,,,,,,,,,,,,,,,,,,,,,,,,,,,,,,,,,,,,,
1397,한 번 더 해피엔딩,2015.4.8,"350,985,851",0.00%,"45,530",231,"4,712",미국,미국,(주)팝엔터테인먼트,,,,,,,,,,,,,,,,,,,,,,,,,,,,,,,,,,,,,,,,,,,,,,,,,,,,,,,
1401,일곱난쟁이,2014.12.24,"304,278,800",0.00%,"42,925",92,"1,027",독일,독일,메가박스중앙(주)플러스엠,,,,,,,,,,,,,,,,,,,,,,,,,,,,,,,,,,,,,,,,,,,,,,,,,,,,,,,
1402,코블러,2015.4.8,"318,637,732",0.00%,"41,444",250,"4,534",미국,미국,씨네그루(주)다우기술,,,,,,,,,,,,,,,,,,,,,,,,,,,,,,,,,,,,,,,,,,,,,,,,,,,,,,,
1410,타이밍,2015.12.10,"288,311,800",0.00%,"38,232",196,"2,737",한국,한국,(주)스톰픽쳐스코리아,,,,,,,,,,,,,,,,,,,,,,,,,,,,,,,,,,,,,,,,,,,,,,,,,,,,,,,
1418,팔로우,2015.4.2,"277,989,143",0.00%,"33,509",197,"3,199",미국,미국,"(주)영화사오원,(주)브리즈픽처스",,,,,,,,,,,,,,,,,,,,,,,,,,,,,,,,,,,,,,,,,,,,,,,,,,,,,,,
1421,더 테너 리리코 스핀토,2014.12.31,"260,190,241",0.00%,"32,644",176,"2,180",한국,한국,"(주)박수엔터테인먼트,(주)모인그룹",,,,,,,,,,,,,,,,,,,,,,,,,,,,,,,,,,,,,,,,,,,,,,,,,,,,,,,
1422,파울볼,2015.4.2,"235,292,500",0.00%,"31,137",231,"3,859",한국,한국,오퍼스픽쳐스(유),,,,,,,,,,,,,,,,,,,,,,,,,,,,,,,,,,,,,,,,,,,,,,,,,,,,,,,
1424,아이돌 마스터 무비 : 빛의 저편으로!,2015.11.19,"211,857,000",0.00%,"29,193",55,986,일본,일본,(주)머스트씨무비릴리징컴퍼니,,,,,,,,,,,,,,,,,,,,,,,,,,,,,,,,,,,,,,,,,,,,,,,,,,,,,,,
1427,라자루스,2015.7.2,"215,951,800",0.00%,"27,445",89,"1,232",미국,미국,(유)조이앤시네마,,,,,,,,,,,,,,,,,,,,,,,,,,,,,,,,,,,,,,,,,,,,,,,,,,,,,,,
1428,몬스터 헌트,2015.11.12,"200,707,000",0.00%,"27,310",184,"1,954",중국,중국,(주)와우픽쳐스, 무문광,,,,,,,,,,,,,,,,,,,,,,,,,,,,,,,,,,,,,,,,,,,,,,,,,,,,,,
1431,트레이서,2015.3.19,"197,286,000",0.00%,"26,262",249,"3,433",미국,미국,"(주)영화사오원,(주)브리즈픽처스",,,,,,,,,,,,,,,,,,,,,,,,,,,,,,,,,,,,,,,,,,,,,,,,,,,,,,,
1433,트래쉬,2015.5.14,"183,546,913",0.00%,"25,532",206,"3,037",미국,미국,유니버설픽쳐스인터내셔널 코리아(유),,,,,,,,,,,,,,,,,,,,,,,,,,,,,,,,,,,,,,,,,,,,,,,,,,,,,,,
1439,아마조니아,2015.8.5,"169,462,200",0.00%,"23,704",105,875,프랑스,"프랑스,브라질","(주)영화사 빅,(주)버킷스튜디오",,,,,,,,,,,,,,,,,,,,,,,,,,,,,,,,,,,,,,,,,,,,,,,,,,,,,,,
1440,사이코패스,2015.5.28,"191,148,000",0.00%,"23,586",69,"1,198",일본,일본,(주)박수엔터테인먼트,,,,,,,,,,,,,,,,,,,,,,,,,,,,,,,,,,,,,,,,,,,,,,,,,,,,,,,
1442,마미,2014.12.18,"184,466,300",0.00%,"22,683",56,779,캐나다,"캐나다,프랑스",(주)엣나인필름,,,,,,,,,,,,,,,,,,,,,,,,,,,,,,,,,,,,,,,,,,,,,,,,,,,,,,,
1449,라이프,2015.10.15,"155,668,185",0.00%,"19,596",99,"1,893",캐나다,"캐나다,독일,오스트리아 ,미국","(주)영화사오원,(주)프레인글로벌",,,,,,,,,,,,,,,,,,,,,,,,,,,,,,,,,,,,,,,,,,,,,,,,,,,,,,,
1454,마돈나,2015.7.2,"141,358,400",0.00%,"18,149",65,"1,474",한국,한국,(주)리틀빅픽쳐스,,,,,,,,,,,,,,,,,,,,,,,,,,,,,,,,,,,,,,,,,,,,,,,,,,,,,,,
1458,유아 낫 유,2015.1.21,"138,505,400",0.00%,"17,372",103,"1,243",미국,미국,(주)마인스 엔터테인먼트,,,,,,,,,,,,,,,,,,,,,,,,,,,,,,,,,,,,,,,,,,,,,,,,,,,,,,,
1462,나쁜 나라,2015.12.3,"111,080,400",0.00%,"16,368",23,651,한국,한국,"배급위원회,(주)시네마달", 김진열,,,,,,,,,,,,,,,,,,,,,,,,,,,,,,,,,,,,,,,,,,,,,,,,,,,,,,
1463,셀마,2015.7.23,"118,838,824",0.00%,"16,198",48,981,미국,미국,찬란,,,,,,,,,,,,,,,,,,,,,,,,,,,,,,,,,,,,,,,,,,,,,,,,,,,,,,,
1464,순교,2015.8.13,"115,342,000",0.00%,"16,097",8,604,한국,한국,파이오니아21,,,,,,,,,,,,,,,,,,,,,,,,,,,,,,,,,,,,,,,,,,,,,,,,,,,,,,,
1465,이다,2015.2.18,"119,357,345",0.00%,"15,668",34,"1,065",폴란드,"폴란드,덴마크",시네마 뉴원,,,,,,,,,,,,,,,,,,,,,,,,,,,,,,,,,,,,,,,,,,,,,,,,,,,,,,,
1466,꼬마 유령,2015.6.11,"111,527,100",0.00%,"15,516",176,"1,212",독일,"독일,스위스",(주)영화사오원,,,,,,,,,,,,,,,,,,,,,,,,,,,,,,,,,,,,,,,,,,,,,,,,,,,,,,,
1471,엘리펀트 송,2015.6.11,"116,806,400",0.00%,"14,893",49,"1,059",캐나다,캐나다,(주)엣나인필름,,,,,,,,,,,,,,,,,,,,,,,,,,,,,,,,,,,,,,,,,,,,,,,,,,,,,,,
1474,리틀 보이,2015.12.10,"100,778,300",0.00%,"14,343",143,"1,371",미국,"미국,멕시코",메가박스중앙(주)플러스엠,,,,,,,,,,,,,,,,,,,,,,,,,,,,,,,,,,,,,,,,,,,,,,,,,,,,,,,
1477,호비와 엄마나무섬의 비밀,2015.7.2,"97,809,500",0.00%,"14,234",74,820,일본,일본,(주)머스트씨무비릴리징컴퍼니,,,,,,,,,,,,,,,,,,,,,,,,,,,,,,,,,,,,,,,,,,,,,,,,,,,,,,,
1480,해피 홀리데이,2015.5.14,"105,913,800",0.00%,"13,939",102,"1,405",영국,영국,(주)스톰픽쳐스코리아,,,,,,,,,,,,,,,,,,,,,,,,,,,,,,,,,,,,,,,,,,,,,,,,,,,,,,,
1483,아마데우스 감독판,2015.10.29,"108,229,000",0.00%,"13,428",31,513,미국,미국,시네마 뉴원,,,,,,,,,,,,,,,,,,,,,,,,,,,,,,,,,,,,,,,,,,,,,,,,,,,,,,,
1485,블랙버드,2015.1.28,"97,711,400",0.00%,"13,130",135,"2,007",미국,미국,(주)영화사 빅,,,,,,,,,,,,,,,,,,,,,,,,,,,,,,,,,,,,,,,,,,,,,,,,,,,,,,,
1488,폴라로이드,2015.7.16,"82,417,500",0.00%,"12,457",27,169,한국,"한국,중국",와이드 릴리즈(주),,,,,,,,,,,,,,,,,,,,,,,,,,,,,,,,,,,,,,,,,,,,,,,,,,,,,,,
1492,타투,2015.12.10,"99,255,100",0.00%,"12,102",133,"1,223",한국,한국,와이드 릴리즈(주),,,,,,,,,,,,,,,,,,,,,,,,,,,,,,,,,,,,,,,,,,,,,,,,,,,,,,,
1496,카이트,2015.6.11,"66,844,000",0.00%,"11,287",50,147,미국,미국,(주)누리픽쳐스,,,,,,,,,,,,,,,,,,,,,,,,,,,,,,,,,,,,,,,,,,,,,,,,,,,,,,,
1497,에이미,2015.11.5,"93,166,400",0.00%,"11,258",31,620,영국,영국,"(주)팝엔터테인먼트,주식회사 더쿱",,,,,,,,,,,,,,,,,,,,,,,,,,,,,,,,,,,,,,,,,,,,,,,,,,,,,,,
1498,블러바드,2015.8.13,"86,642,300",0.00%,"11,048",22,634,미국,미국,"주식회사 블루필름웍스,주식회사 마운틴픽쳐스,TCO(주)더콘텐츠온",,,,,,,,,,,,,,,,,,,,,,,,,,,,,,,,,,,,,,,,,,,,,,,,,,,,,,,
1501,겨울왕국,2014.1.16,,5.00%,"10,296,101","1,010","157,683",미국,미국,소니픽쳐스릴리징월트디즈니스튜디오스코리아(주),,,,,,,,,,,,,,,,,,,,,,,,,,,,,,,,,,,,,,,,,,,,,,,,,,,,,,,
1517,신의 한 수,2014.7.3,,1.70%,"3,566,852",794,"77,109",한국,한국,(주)쇼박스,,,,,,,,,,,,,,,,,,,,,,,,,,,,,,,,,,,,,,,,,,,,,,,,,,,,,,,
1525,논스톱,2014.2.27,,1.00%,"2,084,482",582,"58,217",미국,"미국,프랑스",(주)넥스트엔터테인먼트월드(NEW),,,,,,,,,,,,,,,,,,,,,,,,,,,,,,,,,,,,,,,,,,,,,,,,,,,,,,,
1526,인투 더 스톰,2014.8.28,,1.00%,"2,078,698",585,"45,899",미국,미국,워너브러더스 코리아(주), 애덤 브라운,,,,,,,,,,,,,,,,,,,,,,,,,,,,,,,,,,,,,,,,,,,,,,,,,,,,,,
1527,노아,2014.3.20,,0.90%,"2,026,594",952,"56,722",미국,미국,(주)씨제이이엔엠,,,,,,,,,,,,,,,,,,,,,,,,,,,,,,,,,,,,,,,,,,,,,,,,,,,,,,,
1529,루시,2014.9.3,,1.00%,"1,974,893",641,"44,585",미국,"미국,프랑스",유니버설픽쳐스인터내셔널 코리아(유),,,,,,,,,,,,,,,,,,,,,,,,,,,,,,,,,,,,,,,,,,,,,,,,,,,,,,,
1539,해무(海霧),2014.8.13,,0.70%,"1,475,507",584,"33,490",한국,한국,(주)넥스트엔터테인먼트월드(NEW),,,,,,,,,,,,,,,,,,,,,,,,,,,,,,,,,,,,,,,,,,,,,,,,,,,,,,,
1552,애나벨,2014.10.2,,0.40%,"926,027",464,"29,000",미국,미국,워너브러더스 코리아(주),,,,,,,,,,,,,,,,,,,,,,,,,,,,,,,,,,,,,,,,,,,,,,,,,,,,,,,
1555,카트,2014.11.13,,0.40%,"812,490",544,"28,547",한국,한국,(주)리틀빅픽쳐스,,,,,,,,,,,,,,,,,,,,,,,,,,,,,,,,,,,,,,,,,,,,,,,,,,,,,,,
1560,고질라,2014.5.15,,0.40%,"709,734",610,"25,335",미국,미국,워너브러더스 코리아(주),,,,,,,,,,,,,,,,,,,,,,,,,,,,,,,,,,,,,,,,,,,,,,,,,,,,,,,
1570,어바웃 타임,2013.12.5,,0.20%,"536,634",282,"12,323",영국,영국,유니버설픽쳐스인터내셔널 코리아(유),,,,,,,,,,,,,,,,,,,,,,,,,,,,,,,,,,,,,,,,,,,,,,,,,,,,,,,
1571,몬스터,2014.3.13,,0.20%,"526,557",527,"25,460",한국,한국,롯데쇼핑㈜롯데엔터테인먼트,,,,,,,,,,,,,,,,,,,,,,,,,,,,,,,,,,,,,,,,,,,,,,,,,,,,,,,
1581,신이 보낸 사람,2014.2.13,,0.20%,"424,258",285,"12,684",한국,한국,"주식회사 마운틴픽쳐스,(주)마인스 엔터테인먼트", 김진무,,, 김인권,,,,,,,,,,,,,,,,,,,,,,,,,,,,,,,,,,,,,,,,,,,,,,,,,,,
1590,하이힐,2014.6.3,,0.20%,"341,634",385,"16,750",한국,한국,롯데쇼핑㈜롯데엔터테인먼트,,,,,,,,,,,,,,,,,,,,,,,,,,,,,,,,,,,,,,,,,,,,,,,,,,,,,,,
1593,"극장판 포켓몬스터 베스트위시: 신의 속도 게노세크트, 뮤츠의 각성",2014.1.9,,0.10%,"320,409",406,"8,363",일본,일본,(주)씨제이이엔엠, 유야마 쿠니히코,,, 오오타니 이쿠에,,,,,,,,,,,,,,,,,,,,,,,,,,,,,,,,,,,,,,,,,,,,,,,,,,,
1595,레드카펫,2014.10.23,,0.10%,"316,953",385,"17,696",한국,한국,(주)프레인글로벌,,,,,,,,,,,,,,,,,,,,,,,,,,,,,,,,,,,,,,,,,,,,,,,,,,,,,,,
1596,미녀와 야수,2014.6.18,,0.10%,"316,332",387,"15,414",프랑스,프랑스,(주)넥스트엔터테인먼트월드(NEW),,,,,,,,,,,,,,,,,,,,,,,,,,,,,,,,,,,,,,,,,,,,,,,,,,,,,,,
1598,프랑켄슈타인: 불멸의 영웅,2014.2.6,,0.10%,"299,205",378,"12,113",미국,"미국,호주",(주)쇼박스,,,,,,,,,,,,,,,,,,,,,,,,,,,,,,,,,,,,,,,,,,,,,,,,,,,,,,,
1600,오큘러스,2014.5.29,,0.10%,"279,488",336,"9,210",미국,미국,씨네그루(주)다우기술,,,,,,,,,,,,,,,,,,,,,,,,,,,,,,,,,,,,,,,,,,,,,,,,,,,,,,,
1602,마야,2014.9.4,,0.10%,"265,388",295,"6,312",독일,"독일,호주",(주)박수엔터테인먼트,,,,,,,,,,,,,,,,,,,,,,,,,,,,,,,,,,,,,,,,,,,,,,,,,,,,,,,
1605,창문 넘어 도망친 100세 노인,2014.6.18,,0.10%,"241,196",300,"11,183",스웨덴,스웨덴,(주)영화사 빅,,,,,,,,,,,,,,,,,,,,,,,,,,,,,,,,,,,,,,,,,,,,,,,,,,,,,,,
1607,레고 무비,2014.2.6,,0.10%,"236,129",317,"6,703",미국,미국,워너브러더스 코리아(주),,,,,,,,,,,,,,,,,,,,,,,,,,,,,,,,,,,,,,,,,,,,,,,,,,,,,,,
1610,저스틴,2013.12.31,,0.10%,"229,577",332,"6,164",스페인,스페인,(주)넥스트엔터테인먼트월드(NEW),,,,,,,,,,,,,,,,,,,,,,,,,,,,,,,,,,,,,,,,,,,,,,,,,,,,,,,
1614,"극장판 파워레인저 다이노포스VS고버스터즈 공룡 대결전! ~안녕, 영원한 친구여!~",2014.10.2,,0.10%,"215,046",363,"6,727",일본,일본,(주)이수C&E,,,,,,,,,,,,,,,,,,,,,,,,,,,,,,,,,,,,,,,,,,,,,,,,,,,,,,,
1617,론 서바이버,2014.4.2,,0.10%,"190,611",305,"11,565",미국,미국,유니버설픽쳐스인터내셔널 코리아(유), 스티븐 더햄,,, 엘렌 홀맨,,,,,,,,,,,,,,,,,,,,,,,,,,,,,,,,,,,,,,,,,,,,,,,,,,,
1620,일곱난쟁이,2014.12.24,,0.10%,"184,661",263,"2,847",독일,독일,메가박스중앙(주)플러스엠,,,,,,,,,,,,,,,,,,,,,,,,,,,,,,,,,,,,,,,,,,,,,,,,,,,,,,,
1622,하울의 움직이는 성,2004.12.23,,0.10%,"179,708",331,"6,357",일본,일본,"(주)이수C&E,(주)시네마서비스",,,,,,,,,,,,,,,,,,,,,,,,,,,,,,,,,,,,,,,,,,,,,,,,,,,,,,,
1628,폴리스 스토리 2014,2014.1.29,,0.10%,"153,591",251,"5,490",중국,중국,유니버설픽쳐스인터내셔널 코리아(유),,,,,,,,,,,,,,,,,,,,,,,,,,,,,,,,,,,,,,,,,,,,,,,,,,,,,,,
1630,마다가스카의 펭귄,2014.12.31,,0.10%,"148,890",509,"1,497",미국,미국,(주)씨제이이엔엠,,,,,,,,,,,,,,,,,,,,,,,,,,,,,,,,,,,,,,,,,,,,,,,,,,,,,,,
1632,가시,2014.4.10,,0.10%,"142,170",356,"11,622",한국,한국,(주)인벤트스톤,,,,,,,,,,,,,,,,,,,,,,,,,,,,,,,,,,,,,,,,,,,,,,,,,,,,,,,
1634,맨홀,2014.10.8,,0.10%,"133,663",286,"10,324",한국,한국,롯데쇼핑㈜롯데엔터테인먼트,,,,,,,,,,,,,,,,,,,,,,,,,,,,,,,,,,,,,,,,,,,,,,,,,,,,,,,
1636,터키,2014.7.31,,0.00%,"113,795",182,"2,384",미국,미국,롯데쇼핑㈜롯데엔터테인먼트,,,,,,,,,,,,,,,,,,,,,,,,,,,,,,,,,,,,,,,,,,,,,,,,,,,,,,,
1645,슈퍼미니,2014.4.10,,0.00%,"92,447",303,"3,343",프랑스,프랑스,판씨네마(주),,,,,,,,,,,,,,,,,,,,,,,,,,,,,,,,,,,,,,,,,,,,,,,,,,,,,,,
1649,짱구는 못말려 극장판：엄청 맛있어! B급 음식 서바이벌!,2014.4.3,,0.00%,"84,306",301,"3,278",일본,일본,롯데쇼핑㈜롯데엔터테인먼트,,,,,,,,,,,,,,,,,,,,,,,,,,,,,,,,,,,,,,,,,,,,,,,,,,,,,,,
1663,정글히어로,2014.10.2,,0.00%,"72,047",287,"2,825",한국,한국,(주)씨제이이엔엠, 세스 라니,,, 줄 아리핀,,,,,,,,,,,,,,,,,,,,,,,,,,,,,,,,,,,,,,,,,,,,,,,,,,,
1669,경주,2014.6.12,,0.00%,"63,481",318,"5,727",한국,한국,(주)인벤트스톤,,,,,,,,,,,,,,,,,,,,,,,,,,,,,,,,,,,,,,,,,,,,,,,,,,,,,,,
1673,다이애나,2014.3.6,,0.00%,"58,296",279,"5,354",영국,"영국,프랑스,스웨덴,벨기에",(주)영화사 빅,,,,,,,,,,,,,,,,,,,,,,,,,,,,,,,,,,,,,,,,,,,,,,,,,,,,,,,
1675,프랭크,2014.9.25,,0.00%,"52,460",208,"4,361",영국,"영국,아일랜드",(주)영화사 진진,,,,,,,,,,,,,,,,,,,,,,,,,,,,,,,,,,,,,,,,,,,,,,,,,,,,,,,
1679,다이빙벨,2014.10.23,,0.00%,"48,492",34,"2,279",한국,한국,(주)시네마달,,,,,,,,,,,,,,,,,,,,,,,,,,,,,,,,,,,,,,,,,,,,,,,,,,,,,,,
1683,설계,2014.9.18,,0.00%,"45,726",257,"5,465",한국,한국,(주)팝엔터테인먼트,,,,,,,,,,,,,,,,,,,,,,,,,,,,,,,,,,,,,,,,,,,,,,,,,,,,,,,
1687,울브스,2014.11.13,,0.00%,"43,613",291,"4,117",미국,미국,(주)프레인글로벌,,,,,,,,,,,,,,,,,,,,,,,,,,,,,,,,,,,,,,,,,,,,,,,,,,,,,,,
1696,몬스터 왕국,2014.5.1,,0.00%,"37,582",160,"1,824",스웨덴,"스웨덴,덴마크",씨너스엔터테인먼트(주), 에스벤 토프트 야콥슨,,, 에스벤 토프트 야콥슨,,,,,,,,,,,,,,,,,,,,,,,,,,,,,,,,,,,,,,,,,,,,,,,,,,,
1699,만신,2014.3.6,,0.00%,"36,190",88,"2,851",한국,한국,(주)엣나인필름,,,,,,,,,,,,,,,,,,,,,,,,,,,,,,,,,,,,,,,,,,,,,,,,,,,,,,,
1700,목숨,2014.12.4,,0.00%,"35,665",97,"1,691",한국,한국,필라멘트픽쳐스,,,,,,,,,,,,,,,,,,,,,,,,,,,,,,,,,,,,,,,,,,,,,,,,,,,,,,,
1701,마미,2014.12.18,,0.00%,"35,122",84,"1,616",캐나다,"캐나다,프랑스",(주)엣나인필름,,,,,,,,,,,,,,,,,,,,,,,,,,,,,,,,,,,,,,,,,,,,,,,,,,,,,,,
1711,마이 블랭키,2014.6.4,,0.00%,"32,406",111,"1,108",스페인,"스페인,이탈리아,프랑스",(주)마인스 엔터테인먼트, 프란시스 닐슨,,, 크리스티나 휴즈,,,,,,,,,,,,,,,,,,,,,,,,,,,,,,,,,,,,,,,,,,,,,,,,,,,
1722,어떤 만남,2014.7.31,,0.00%,"27,302",39,890,프랑스,프랑스,(주)티캐스트콘텐츠허브, 이반 로웬버그,,,,,,,,,,,,,,,,,,,,,,,,,,,,,,,,,,,,,,,,,,,,,,,,,,,,,,
1725,꼬마영웅 경찰차 프로디2,2014.3.20,,0.00%,"25,149",257,"1,554",노르웨이,노르웨이,예지림엔터테인먼트, 라스무스 A. 실버르센,,, 로버트 스톨텐베르그,,,,,,,,,,,,,,,,,,,,,,,,,,,,,,,,,,,,,,,,,,,,,,,,,,,
1728,비행기,2013.12.19,,0.00%,"23,902",64,609,미국,미국,소니픽쳐스릴리징월트디즈니스튜디오스코리아(주),,,,,,,,,,,,,,,,,,,,,,,,,,,,,,,,,,,,,,,,,,,,,,,,,,,,,,,
1729,GROW: 인피니트의 리얼 청춘 라이프,2014.12.4,,0.00%,"23,865",71,824,한국,한국,골든타이드픽처스(주), 김진수,,, 인피니트,,,,,,,,,,,,,,,,,,,,,,,,,,,,,,,,,,,,,,,,,,,,,,,,,,,
1731,타임 투 러브,2014.10.23,,0.00%,"23,597",201,"3,098",미국,미국,(주)인벤트스톤,,,,,,,,,,,,,,,,,,,,,,,,,,,,,,,,,,,,,,,,,,,,,,,,,,,,,,,
1732,디노타샤: 공룡대탐험,2014.1.29,,0.00%,"23,530",138,"1,195",미국,미국,(주)영화사 빅, 데이빗 크렌츠, 에릭 넬슨,, 베르너 헤어조크,,,,,,,,,,,,,,,,,,,,,,,,,,,,,,,,,,,,,,,,,,,,,,,,,,,
1736,천하무적 키코리키,2014.7.17,,0.00%,"21,889",186,"1,162",러시아,러시아,와이드 릴리즈(주), 데니스 체르노프,,, 최낙윤,,,,,,,,,,,,,,,,,,,,,,,,,,,,,,,,,,,,,,,,,,,,,,,,,,,
1740,60만번의 트라이,2014.9.18,,0.00%,"21,239",76,"1,605",한국,"한국,일본",㈜인디스토리,,,,,,,,,,,,,,,,,,,,,,,,,,,,,,,,,,,,,,,,,,,,,,,,,,,,,,,
1741,그랜드 피아노,2014.4.17,,0.00%,"20,961",95,"1,165",스페인,스페인,와이드 릴리즈(주),,,,,,,,,,,,,,,,,,,,,,,,,,,,,,,,,,,,,,,,,,,,,,,,,,,,,,,
1744,누구에게나 찬란한,2014.11.6,,0.00%,"19,865",51,"1,274",한국,한국,CGV아트하우스,,,,,,,,,,,,,,,,,,,,,,,,,,,,,,,,,,,,,,,,,,,,,,,,,,,,,,,
1747,에코,2014.10.8,,0.00%,"19,356",154,"1,290",미국,미국,"(주)박수엔터테인먼트,(주)필름오마쥬",,,,,,,,,,,,,,,,,,,,,,,,,,,,,,,,,,,,,,,,,,,,,,,,,,,,,,,
1748,빌리 엘리어트 뮤지컬 라이브,2014.11.27,,0.00%,"18,615",37,637,미국,미국,유니버설픽쳐스인터내셔널 코리아(유),,,,,,,,,,,,,,,,,,,,,,,,,,,,,,,,,,,,,,,,,,,,,,,,,,,,,,,
1749,비포 : 치즈와 초콜릿을 찾아서,2014.7.10,,0.00%,"18,310",90,766,이스라엘,이스라엘,(주)영화사 빅, 이도 엔젤,,, 이도 엔젤,,,,,,,,,,,,,,,,,,,,,,,,,,,,,,,,,,,,,,,,,,,,,,,,,,,
1751,스톤,2014.6.12,,0.00%,"18,061",148,"1,892",한국,한국,씨너스엔터테인먼트(주),,,,,,,,,,,,,,,,,,,,,,,,,,,,,,,,,,,,,,,,,,,,,,,,,,,,,,,
1752,본타: 땅콩왕국의 전설,2014.10.30,,0.00%,"18,022",179,933,중국,중국,(주)팝엔터테인먼트, 레오 리,,, 오뢰,,,,,,,,,,,,,,,,,,,,,,,,,,,,,,,,,,,,,,,,,,,,,,,,,,,
1753,캡틴 하록,2014.1.16,,0.00%,"17,977",120,"1,108",일본,일본,(주)박수엔터테인먼트,,,,,,,,,,,,,,,,,,,,,,,,,,,,,,,,,,,,,,,,,,,,,,,,,,,,,,,
1754,더 테너 리리코 스핀토,2014.12.31,,0.00%,"17,870",185,535,한국,한국,"(주)박수엔터테인먼트,(주)모인그룹",,,,,,,,,,,,,,,,,,,,,,,,,,,,,,,,,,,,,,,,,,,,,,,,,,,,,,,
1758,호비와 쿠우의 어드벤처 : 고래의 노래,2014.6.12,,0.00%,"17,450",54,"1,010",일본,일본,"(주)머스트씨무비,(주)머스트씨무비릴리징컴퍼니",,,,,,,,,,,,,,,,,,,,,,,,,,,,,,,,,,,,,,,,,,,,,,,,,,,,,,,
1760,프라이버시,2014.3.20,,0.00%,"16,936",165,"2,147",영국,"영국,미국",(주)인벤트스톤,,,,,,,,,,,,,,,,,,,,,,,,,,,,,,,,,,,,,,,,,,,,,,,,,,,,,,,
1761,산타바바라,2014.7.16,,0.00%,"16,626",101,"1,733",한국,"한국,미국",(주)나이너스엔터테인먼트,,,,,,,,,,,,,,,,,,,,,,,,,,,,,,,,,,,,,,,,,,,,,,,,,,,,,,,
1776,봄,2014.11.20,,0.00%,"14,780",112,"1,495",한국,한국,필라멘트픽쳐스,,,,,,,,,,,,,,,,,,,,,,,,,,,,,,,,,,,,,,,,,,,,,,,,,,,,,,,
1777,피노키오의 모험,2014.9.18,,0.00%,"14,768",56,552,독일,독일,(주)소나무픽쳐스,,,,,,,,,,,,,,,,,,,,,,,,,,,,,,,,,,,,,,,,,,,,,,,,,,,,,,,
1779,런치박스,2014.4.10,,0.00%,"14,660",40,945,인도,"인도,프랑스,독일",(주)팝엔터테인먼트,,,,,,,,,,,,,,,,,,,,,,,,,,,,,,,,,,,,,,,,,,,,,,,,,,,,,,,
1780,피막,2014.9.25,,0.00%,"14,609",170,"2,187",태국,태국,와이드 릴리즈(주),,,,,,,,,,,,,,,,,,,,,,,,,,,,,,,,,,,,,,,,,,,,,,,,,,,,,,,
1782,중2병이라도 사랑이 하고 싶어! 극장판,2014.2.6,,0.00%,"14,064",32,548,일본,일본,(주)머스트씨무비, 이시하라 타츠야,,, 우치다 마아야,,,,,,,,,,,,,,,,,,,,,,,,,,,,,,,,,,,,,,,,,,,,,,,,,,,
1784,캐치미,2013.12.18,,0.00%,"13,692",51,713,한국,한국,롯데쇼핑㈜롯데엔터테인먼트,,,,,,,,,,,,,,,,,,,,,,,,,,,,,,,,,,,,,,,,,,,,,,,,,,,,,,,
1785,그 사람 추기경,2014.8.6,,0.00%,"13,448",43,775,한국,한국,주식회사 마운틴픽쳐스, 전성우, 황인준,, 김수환,,,,,,,,,,,,,,,,,,,,,,,,,,,,,,,,,,,,,,,,,,,,,,,,,,,
1786,황금시대,2014.10.16,,0.00%,"13,371",58,958,중국,중국,판씨네마(주),,,,,,,,,,,,,,,,,,,,,,,,,,,,,,,,,,,,,,,,,,,,,,,,,,,,,,,
1789,할리데이,2014.10.16,,0.00%,"13,073",147,"1,921",영국,영국,(주)영화사 빅,,,,,,,,,,,,,,,,,,,,,,,,,,,,,,,,,,,,,,,,,,,,,,,,,,,,,,,
1790,세이빙 미스터 뱅크스,2014.4.3,,0.00%,"12,957",56,"1,354",미국,"미국,영국,호주",소니픽쳐스릴리징월트디즈니스튜디오스코리아(주),,,,,,,,,,,,,,,,,,,,,,,,,,,,,,,,,,,,,,,,,,,,,,,,,,,,,,,
1791,시선,2014.4.16,,0.00%,"12,950",112,"1,696",한국,한국,(주)나이너스엔터테인먼트,,,,,,,,,,,,,,,,,,,,,,,,,,,,,,,,,,,,,,,,,,,,,,,,,,,,,,,
1796,로미오와 줄리엣,1996.12.28,,0.00%,"12,679",47,"1,208",미국,미국,"이십세기폭스코리아(주),(주)프레인글로벌",,,,,,,,,,,,,,,,,,,,,,,,,,,,,,,,,,,,,,,,,,,,,,,,,,,,,,,
1797,르누아르,2014.2.13,,0.00%,"12,273",22,716,프랑스,프랑스,프리비젼엔터테인먼트,,,,,,,,,,,,,,,,,,,,,,,,,,,,,,,,,,,,,,,,,,,,,,,,,,,,,,,
1798,피쉬와 칩스 극장판,2014.3.6,,0.00%,"11,910",158,728,호주,호주,"(주)마인스 엔터테인먼트,(유)영화사 화수분", 댄 크레치,,, 존 레귀자모,,,,,,,,,,,,,,,,,,,,,,,,,,,,,,,,,,,,,,,,,,,,,,,,,,,
1799,현기증,2014.11.6,,0.00%,"11,785",71,"1,300",한국,한국,메가박스중앙(주)플러스엠,,,,,,,,,,,,,,,,,,,,,,,,,,,,,,,,,,,,,,,,,,,,,,,,,,,,,,,
1809,월드 워 Z,2013.6.20,,2.50%,"5,237,525",964,"100,823",미국,미국,롯데쇼핑㈜롯데엔터테인먼트, 샘 햄슨,,,,,,,,,,,,,,,,,,,,,,,,,,,,,,,,,,,,,,,,,,,,,,,,,,,,,,
1815,감기,2013.8.14,,1.40%,"3,117,859",806,"55,046",한국,한국,아이러브시네마,,,,,,,,,,,,,,,,,,,,,,,,,,,,,,,,,,,,,,,,,,,,,,,,,,,,,,,
1819,어바웃 타임,2013.12.5,,1.30%,"2,856,065",568,"49,967",영국,영국,유니버설픽쳐스인터내셔널 코리아(유),,,,,,,,,,,,,,,,,,,,,,,,,,,,,,,,,,,,,,,,,,,,,,,,,,,,,,,
1821,소원,2013.10.2,,1.20%,"2,711,083",651,"72,329",한국,한국,롯데쇼핑㈜롯데엔터테인먼트,,,,,,,,,,,,,,,,,,,,,,,,,,,,,,,,,,,,,,,,,,,,,,,,,,,,,,,
1823,퍼시픽 림,2013.7.11,,1.30%,"2,539,113","1,005","55,655",미국,미국,워너브러더스 코리아(주),,,,,,,,,,,,,,,,,,,,,,,,,,,,,,,,,,,,,,,,,,,,,,,,,,,,,,,
1829,몽타주,2013.5.16,,1.00%,"2,095,592",544,"53,195",한국,한국,(주)넥스트엔터테인먼트월드(NEW),,,,,,,,,,,,,,,,,,,,,,,,,,,,,,,,,,,,,,,,,,,,,,,,,,,,,,,
1830,터보,2013.7.25,,0.80%,"1,924,414",634,"28,783",미국,미국,(주)씨제이이엔엠,,,,,,,,,,,,,,,,,,,,,,,,,,,,,,,,,,,,,,,,,,,,,,,,,,,,,,,
1843,런닝맨,2013.4.4,,0.60%,"1,422,844",567,"45,995",한국,"한국,미국",이십세기폭스코리아(주),,,,,,,,,,,,,,,,,,,,,,,,,,,,,,,,,,,,,,,,,,,,,,,,,,,,,,,
1854,에픽 : 숲속의 전설,2013.8.7,,0.40%,"978,785",471,"18,377",미국,미국,이십세기폭스코리아(주),,,,,,,,,,,,,,,,,,,,,,,,,,,,,,,,,,,,,,,,,,,,,,,,,,,,,,,
1855,전국노래자랑,2013.5.1,,0.40%,"978,413",581,"41,649",한국,한국,롯데쇼핑㈜롯데엔터테인먼트,,,,,,,,,,,,,,,,,,,,,,,,,,,,,,,,,,,,,,,,,,,,,,,,,,,,,,,
1861,몬스터 호텔,2013.1.17,,0.40%,"884,885",489,"16,647",미국,미국,소니픽쳐스릴리징월트디즈니스튜디오스코리아(주),,,,,,,,,,,,,,,,,,,,,,,,,,,,,,,,,,,,,,,,,,,,,,,,,,,,,,,
1862,열한시,2013.11.28,,0.40%,"870,785",512,"32,536",한국,한국,(주)씨제이이엔엠,,,,,,,,,,,,,,,,,,,,,,,,,,,,,,,,,,,,,,,,,,,,,,,,,,,,,,,
1874,사이코메트리,2013.3.7,,0.30%,"534,273",429,"23,487",한국,한국,(주)씨제이이엔엠,,,,,,,,,,,,,,,,,,,,,,,,,,,,,,,,,,,,,,,,,,,,,,,,,,,,,,,
1879,캐치미,2013.12.18,,0.20%,"480,434",517,"16,151",한국,한국,롯데쇼핑㈜롯데엔터테인먼트,,,,,,,,,,,,,,,,,,,,,,,,,,,,,,,,,,,,,,,,,,,,,,,,,,,,,,,
1886,스토커,2013.2.28,,0.20%,"378,874",329,"15,590",미국,미국,이십세기폭스코리아(주),,,,,,,,,,,,,,,,,,,,,,,,,,,,,,,,,,,,,,,,,,,,,,,,,,,,,,,
1891,주먹왕 랄프,2012.12.19,,0.10%,"301,436",286,"7,086",미국,미국,소니픽쳐스릴리징월트디즈니스튜디오스코리아(주),,,,,,,,,,,,,,,,,,,,,,,,,,,,,,,,,,,,,,,,,,,,,,,,,,,,,,,
1893,눈의 여왕,2013.2.7,,0.10%,"276,913",316,"6,528",러시아,러시아,(주)넥스트엔터테인먼트월드(NEW),,,,,,,,,,,,,,,,,,,,,,,,,,,,,,,,,,,,,,,,,,,,,,,,,,,,,,,
1894,롤러코스터,2013.10.17,,0.10%,"270,148",374,"14,726",한국,한국,(주)씨제이이엔엠,,,,,,,,,,,,,,,,,,,,,,,,,,,,,,,,,,,,,,,,,,,,,,,,,,,,,,,
1895,헨젤과 그레텔: 마녀 사냥꾼 3D,2013.2.14,,0.10%,"269,510",297,"10,624",미국,"미국,영국",(주)씨제이이엔엠,,,,,,,,,,,,,,,,,,,,,,,,,,,,,,,,,,,,,,,,,,,,,,,,,,,,,,,
1896,파이스토리 : 악당상어 소탕작전,2013.1.10,,0.10%,"267,440",298,"7,483",미국,"미국,한국",(주)에스비에스콘텐츠허브,,,,,,,,,,,,,,,,,,,,,,,,,,,,,,,,,,,,,,,,,,,,,,,,,,,,,,,
1902,잡스,2013.8.29,,0.10%,"225,343",402,"12,017",미국,미국,(주)넥스트엔터테인먼트월드(NEW),,,,,,,,,,,,,,,,,,,,,,,,,,,,,,,,,,,,,,,,,,,,,,,,,,,,,,,
1904,짱구는 못말려 극장판:태풍을 부르는 나와 우주의 프린세스,2013.4.25,,0.10%,"217,320",328,"5,977",일본,일본,롯데쇼핑㈜롯데엔터테인먼트,,,,,,,,,,,,,,,,,,,,,,,,,,,,,,,,,,,,,,,,,,,,,,,,,,,,,,,
1905,송 포 유,2013.4.18,,0.10%,"217,314",317,"11,737",영국,영국,(주)넥스트엔터테인먼트월드(NEW),,,,,,,,,,,,,,,,,,,,,,,,,,,,,,,,,,,,,,,,,,,,,,,,,,,,,,,
1907,비행기,2013.12.19,,0.10%,"209,653",408,"5,620",미국,미국,소니픽쳐스릴리징월트디즈니스튜디오스코리아(주),,,,,,,,,,,,,,,,,,,,,,,,,,,,,,,,,,,,,,,,,,,,,,,,,,,,,,,
1917,노리개,2013.4.18,,0.10%,"169,064",278,"11,564",한국,한국,(주)인벤트스톤,,,,,,,,,,,,,,,,,,,,,,,,,,,,,,,,,,,,,,,,,,,,,,,,,,,,,,,
1919,니코: 산타비행단의 모험,2012.12.25,,0.10%,"164,386",260,"4,260",핀란드,"핀란드,덴마크,아일랜드,독일",씨너스엔터테인먼트(주),,,,,,,,,,,,,,,,,,,,,,,,,,,,,,,,,,,,,,,,,,,,,,,,,,,,,,,
1921,히든 카드,2013.9.26,,0.10%,"151,476",362,"10,423",미국,미국,이십세기폭스코리아(주),,,,,,,,,,,,,,,,,,,,,,,,,,,,,,,,,,,,,,,,,,,,,,,,,,,,,,,
1926,링컨,2013.3.14,,0.10%,"137,505",214,"5,948",미국,미국,이십세기폭스코리아(주),,,,,,,,,,,,,,,,,,,,,,,,,,,,,,,,,,,,,,,,,,,,,,,,,,,,,,,
1928,카운슬러,2013.11.14,,0.10%,"133,272",293,"7,740",미국,"미국,영국",이십세기폭스코리아(주),,,,,,,,,,,,,,,,,,,,,,,,,,,,,,,,,,,,,,,,,,,,,,,,,,,,,,,
1938,바람이 분다,2013.9.5,,0.00%,"106,439",288,"6,684",일본,일본,롯데쇼핑㈜롯데엔터테인먼트,,,,,,,,,,,,,,,,,,,,,,,,,,,,,,,,,,,,,,,,,,,,,,,,,,,,,,,
1943,마마,2013.1.23,,0.00%,"91,143",164,"4,091",미국,미국,유니버설픽쳐스인터내셔널 코리아(유),,,,,,,,,,,,,,,,,,,,,,,,,,,,,,,,,,,,,,,,,,,,,,,,,,,,,,,
1944,몬스터 주식회사,2001.12.20,,0.10%,"90,143",177,"2,594",미국,미국,"한국소니픽쳐스릴리징브에나비스타영화㈜,소니픽쳐스릴리징월트디즈니스튜디오스코리아(주)",,,,,,,,,,,,,,,,,,,,,,,,,,,,,,,,,,,,,,,,,,,,,,,,,,,,,,,
1945,더 콜,2013.6.20,,0.00%,"88,953",241,"5,412",미국,미국,(주)넥스트엔터테인먼트월드(NEW),,,,,,,,,,,,,,,,,,,,,,,,,,,,,,,,,,,,,,,,,,,,,,,,,,,,,,,
1957,라스트 스탠드,2013.2.21,,0.00%,"66,790",300,"7,704",미국,"미국,한국",(주)씨제이이엔엠, 줄리안 조단,,,,,,,,,,,,,,,,,,,,,,,,,,,,,,,,,,,,,,,,,,,,,,,,,,,,,,
1961,웃는 남자,2013.3.28,,0.00%,"57,838",170,"3,824",프랑스,"프랑스,체코",씨너스엔터테인먼트(주),,,,,,,,,,,,,,,,,,,,,,,,,,,,,,,,,,,,,,,,,,,,,,,,,,,,,,,
1966,길위에서,2013.5.23,,0.00%,"53,230",23,"1,843",한국,한국,㈜영화사 백두대간,,,,,,,,,,,,,,,,,,,,,,,,,,,,,,,,,,,,,,,,,,,,,,,,,,,,,,,
1969,블랙 가스펠,2013.11.14,,0.00%,"50,985",143,"2,848",한국,한국,(주)넥스트엔터테인먼트월드(NEW),,,,,,,,,,,,,,,,,,,,,,,,,,,,,,,,,,,,,,,,,,,,,,,,,,,,,,,
1971,뜨거운 안녕,2013.5.30,,0.00%,"47,105",172,"3,497",한국,"한국,일본",(주)나이너스엔터테인먼트,,,,,,,,,,,,,,,,,,,,,,,,,,,,,,,,,,,,,,,,,,,,,,,,,,,,,,,
1982,호스트,2013.4.4,,0.00%,"42,972",244,"4,993",미국,미국,(주)넥스트엔터테인먼트월드(NEW),,,,,,,,,,,,,,,,,,,,,,,,,,,,,,,,,,,,,,,,,,,,,,,,,,,,,,,
1984,세이프 헤이븐,2013.11.6,,0.00%,"40,813",133,"2,620",미국,미국,(주)팝엔터테인먼트, 에드슨 다 콘세이카오, 티모 오테반거,,,,,,,,,,,,,,,,,,,,,,,,,,,,,,,,,,,,,,,,,,,,,,,,,,,,,
1988,저스틴,2013.12.31,,0.00%,"36,676",308,646,스페인,스페인,(주)넥스트엔터테인먼트월드(NEW),,,,,,,,,,,,,,,,,,,,,,,,,,,,,,,,,,,,,,,,,,,,,,,,,,,,,,,
1992,뫼비우스,2013.9.5,,0.00%,"35,348",128,"4,032",한국,한국,(주)넥스트엔터테인먼트월드(NEW),,,,,,,,,,,,,,,,,,,,,,,,,,,,,,,,,,,,,,,,,,,,,,,,,,,,,,,
1994,드래곤 헌터,2013.1.24,,0.00%,"34,984",105,"1,973",프랑스,"프랑스,독일","롯데쇼핑㈜롯데엔터테인먼트,케이비에스미디어(주)",,,,,,,,,,,,,,,,,,,,,,,,,,,,,,,,,,,,,,,,,,,,,,,,,,,,,,,
1998,러스트 앤 본,2013.5.2,,0.00%,"31,800",38,"1,622",프랑스,프랑스,그린나래미디어(주),,,,,,,,,,,,,,,,,,,,,,,,,,,,,,,,,,,,,,,,,,,,,,,,,,,,,,,
1999,꼭두각시,2013.6.20,,0.00%,"31,713",134,"2,862",한국,한국,(주)인벤트스톤,,,,,,,,,,,,,,,,,,,,,,,,,,,,,,,,,,,,,,,,,,,,,,,,,,,,,,,
2004,머드,2013.11.28,,0.00%,"28,507",113,"2,008",미국,미국,(주)프레인글로벌,,,,,,,,,,,,,,,,,,,,,,,,,,,,,,,,,,,,,,,,,,,,,,,,,,,,,,,
2008,스파이크,2013.12.5,,0.00%,"25,158",159,"1,199",프랑스,프랑스,"예지림엔터테인먼트,선필름",,,,,,,,,,,,,,,,,,,,,,,,,,,,,,,,,,,,,,,,,,,,,,,,,,,,,,,
2009,빅 픽처,2013.7.4,,0.00%,"25,038",38,"1,131",프랑스,프랑스,(주)드림웨스트픽쳐스,,,,,,,,,,,,,,,,,,,,,,,,,,,,,,,,,,,,,,,,,,,,,,,,,,,,,,,
2010,히어로,2013.10.8,,0.00%,"23,841",179,"2,130",한국,한국,(주)마인스 엔터테인먼트,,,,,,,,,,,,,,,,,,,,,,,,,,,,,,,,,,,,,,,,,,,,,,,,,,,,,,,
2011,빨간머리 앤 : 그린게이블로 가는 길,2013.1.9,,0.00%,"23,531",108,"1,551",일본,일본,(주)미디어데이,,,,,,,,,,,,,,,,,,,,,,,,,,,,,,,,,,,,,,,,,,,,,,,,,,,,,,,
2013,디스커넥트,2013.11.7,,0.00%,"23,255",113,"1,655",미국,미국,(주)영화사 빅,,,,,,,,,,,,,,,,,,,,,,,,,,,,,,,,,,,,,,,,,,,,,,,,,,,,,,,
2016,짓,2013.9.25,,0.00%,"23,052",159,"2,758",한국,한국,(주)팝파트너스,,,,,,,,,,,,,,,,,,,,,,,,,,,,,,,,,,,,,,,,,,,,,,,,,,,,,,,
2023,그랑블루 리마스터링 감독판,2013.7.25,,0.00%,"21,385",34,713,프랑스,"프랑스,이탈리아",(주)팝파트너스,,,,,,,,,,,,,,,,,,,,,,,,,,,,,,,,,,,,,,,,,,,,,,,,,,,,,,,
2026,소녀,2013.11.7,,0.00%,"20,594",73,"1,595",한국,한국,(주)씨제이이엔엠,,,,,,,,,,,,,,,,,,,,,,,,,,,,,,,,,,,,,,,,,,,,,,,,,,,,,,,
2034,테이크다운,2013.4.18,,0.00%,"19,415",138,"2,432",영국,"영국,미국",(주)에스비에스콘텐츠허브,,,,,,,,,,,,,,,,,,,,,,,,,,,,,,,,,,,,,,,,,,,,,,,,,,,,,,,
2039,퍼펙트,2013.9.25,,0.00%,"18,179",136,"2,241",미국,미국,(주)마인스 엔터테인먼트,,,,,,,,,,,,,,,,,,,,,,,,,,,,,,,,,,,,,,,,,,,,,,,,,,,,,,,
2046,터치 오브 라이트,2013.3.14,,0.00%,"16,897",128,"1,793",대만,대만,씨너스엔터테인먼트(주),,,,,,,,,,,,,,,,,,,,,,,,,,,,,,,,,,,,,,,,,,,,,,,,,,,,,,,
2047,명왕성,2013.7.11,,0.00%,"16,835",78,"1,646",한국,한국,(주)싸이더스,,,,,,,,,,,,,,,,,,,,,,,,,,,,,,,,,,,,,,,,,,,,,,,,,,,,,,,
2048,베이트,2013.8.8,,0.00%,"16,091",59,849,호주,호주,(주)팝파트너스,,,,,,,,,,,,,,,,,,,,,,,,,,,,,,,,,,,,,,,,,,,,,,,,,,,,,,,
2053,극장판 포켓몬스터 베스트위시「메로엣타의 반짝반짝 음악회」,2012.12.19,,0.00%,"14,677",35,515,일본,일본,,,,,,,,,,,,,,,,,,,,,,,,,,,,,,,,,,,,,,,,,,,,,,,,,,,,,,,,
2055,갬빗,2013.11.28,,0.00%,"14,426",94,"1,227",미국,미국,(주)나이너스엔터테인먼트,,,,,,,,,,,,,,,,,,,,,,,,,,,,,,,,,,,,,,,,,,,,,,,,,,,,,,,
2066,브로큰 시티,2013.4.4,,0.00%,"12,771",80,"1,359",미국,미국,(주)팝파트너스,,,,,,,,,,,,,,,,,,,,,,,,,,,,,,,,,,,,,,,,,,,,,,,,,,,,,,,
2069,콰르텟,2013.3.28,,0.00%,"12,717",37,832,영국,영국,㈜영화사 백두대간,,,,,,,,,,,,,,,,,,,,,,,,,,,,,,,,,,,,,,,,,,,,,,,,,,,,,,,
2075,슈퍼히어로,2013.7.31,,0.00%,"11,469",74,647,페루,페루,(주)영화사 빅,,,,,,,,,,,,,,,,,,,,,,,,,,,,,,,,,,,,,,,,,,,,,,,,,,,,,,,
2076,모래가 흐르는 강,2013.3.28,,0.00%,"10,942",20,428,한국,한국,(주)시네마달,,,,,,,,,,,,,,,,,,,,,,,,,,,,,,,,,,,,,,,,,,,,,,,,,,,,,,,
2082,쉐프,2013.5.30,,0.00%,"9,684",22,678,프랑스,"프랑스,스페인",(주)미디어데이,,,,,,,,,,,,,,,,,,,,,,,,,,,,,,,,,,,,,,,,,,,,,,,,,,,,,,,
2083,콜렉션,2013.5.2,,0.00%,"9,518",62,"1,103",미국,미국,(주)팝엔터테인먼트,,,,,,,,,,,,,,,,,,,,,,,,,,,,,,,,,,,,,,,,,,,,,,,,,,,,,,,
2084,드림팀,2013.3.21,,0.00%,"9,483",97,"1,141",프랑스,프랑스,(주)싸이더스,,,,,,,,,,,,,,,,,,,,,,,,,,,,,,,,,,,,,,,,,,,,,,,,,,,,,,,
2092,라 붐,2013.10.24,,0.00%,"8,675",34,639,프랑스,프랑스,(주)앤드플러스미디어웍스,,,,,,,,,,,,,,,,,,,,,,,,,,,,,,,,,,,,,,,,,,,,,,,,,,,,,,,
2096,화양연화,2000.10.20,,0.00%,"8,552",33,724,홍콩,"홍콩,프랑스",(주)디스테이션,,,,,,,,,,,,,,,,,,,,,,,,,,,,,,,,,,,,,,,,,,,,,,,,,,,,,,,
