idx,name,date,sales ,sales_share,boxoffice_num,num_of_screen,rep_nation,nation,num_of_screenings,distributor,director1,director2,director3,director4,actor1,actor2,actor3,actor4,actor5,actor6,actor7,actor8,actor9,actor10,actor11,actor12,actor13,actor14,actor15,actor16,actor17,actor18,actor19,actor20,actor21,actor22,actor23,actor24,actor25,actor26,actor27,actor28,actor29,actor30,actor31
0,부산행,2016.7.20,"93,178,283,048",5.3%,"11,565,479","1,788","151,315",한국,한국,(주)넥스트엔터테인먼트월드(NEW), 연상호,,,, 공유, 정유미, 마동석, 김수안, 김의성, 최우식, 안소희,,,,,,,,,,,,,,,,,,,,,,,,
1,검사외전,2016.2.3,"77,320,403,264",4.4%,"9,707,581","1,812","153,532",한국,한국,(주)쇼박스, 이일형,,,, 황정민, 강동원,,,,,,,,,,,,,,,,,,,,,,,,,,,,,
2,캡틴 아메리카: 시빌 워,2016.4.27,"72,672,111,827",4.2%,"8,677,249","1,991","161,696",미국,미국,월트디즈니컴퍼니코리아(주), 안소니 루소, 조 루소,,, 크리스 에반스, 로버트 다우니 주니어, 스칼릿 조핸슨,,,,,,,,,,,,,,,,,,,,,,,,,,,,
3,밀정,2016.9.7,"61,269,783,831",3.5%,"7,500,420","1,444","138,161",한국,"한국,미국",워너브러더스 코리아(주), 김지운,,,, 송강호, 공유,,,,,,,,,,,,,,,,,,,,,,,,,,,,,
4,터널,2016.8.10,"57,529,484,417",3.3%,"7,120,508","1,105","113,201",한국,한국,(주)쇼박스,,,,,,,,,,,,,,,,,,,,,,,,,,,,,,,,,,,
5,인천상륙작전,2016.7.27,"55,101,410,303",3.2%,"7,049,643","1,049","97,019",한국,한국,(주)씨제이이엔엠, 이재한,,,, 이정재, 이범수, 리암 니슨, 진세연,,,,,,,,,,,,,,,,,,,,,,,,,,,
6,럭키,2016.10.13,"56,444,461,256",3.2%,"6,975,290","1,234","155,977",한국,한국,(주)쇼박스,,,,,,,,,,,,,,,,,,,,,,,,,,,,,,,,,,,
7,곡성,2016.5.12,"55,863,520,382",3.2%,"6,879,908","1,485","130,322",한국,"한국,미국",이십세기폭스코리아(주), 나홍진,,,, 곽도원, 황정민, 쿠니무라 준, 천우희, 김환희,,,,,,,,,,,,,,,,,,,,,,,,,,
8,덕혜옹주,2016.8.3,"44,393,828,109",2.5%,"5,599,229",964,"97,312",한국,한국,롯데쇼핑㈜롯데엔터테인먼트, 허진호,,,, 손예진, 박해일,,,,,,,,,,,,,,,,,,,,,,,,,,,,,
9,닥터 스트레인지,2016.10.26,"47,481,830,396",2.7%,"5,446,239","1,503","162,856",미국,미국,월트디즈니컴퍼니코리아(주), 스콧 데릭슨,,,, 베네딕트 컴버배치, 레이첼 맥아담스, 틸다 스윈튼, 매즈 미켈슨, 치웨텔 에지오포,,,,,,,,,,,,,,,,,,,,,,,,,,
10,마스터,2016.12.21,"39,784,641,065",2.3%,"4,935,320","1,501","70,786",한국,한국,(주)씨제이이엔엠, 조의석,,,, 이병헌, 강동원, 김우빈, 엄지원, 오달수, 진경,,,,,,,,,,,,,,,,,,,,,,,,,
11,주토피아,2016.2.17,"37,096,057,742",2.1%,"4,706,158",735,"131,005",미국,미국,월트디즈니컴퍼니코리아(주), 바이론 하워드, 리치 무어,,, 지니퍼 굿윈, 제이슨 베이트먼, 샤키라, 이드리스 엘바, 알란 터딕, J.K. 시몬스,,,,,,,,,,,,,,,,,,,,,,,,,
12,신비한 동물사전,2016.11.16,"39,300,515,858",2.3%,"4,662,534","1,431","115,676",미국,"미국,영국",워너브러더스 코리아(주), 데이빗 예이츠,,,, 에디 레드메인, 조니 뎁, 캐서린 워터스턴, 주드 로, 에즈라 밀러,,,,,,,,,,,,,,,,,,,,,,,,,,
13,판도라,2016.12.7,"33,955,398,164",1.9%,"4,313,864","1,184","90,758",한국,한국,(주)넥스트엔터테인먼트월드(NEW),,,,,,,,,,,,,,,,,,,,,,,,,,,,,,,,,,,
14,아가씨,2016.6.1,"35,211,229,991",2.0%,"4,287,839","1,171","90,365",한국,한국,(주)씨제이이엔엠, 오즈 야스지로,,,, 쿠리시마 스미코, 오카다 토키히코,,,,,,,,,,,,,,,,,,,,,,,,,,,,,
15,쿵푸팬더3,2016.1.28,"31,340,798,156",1.8%,"3,984,812","1,365","97,404",미국,미국,(주)씨제이이엔엠, 여인영, 알레산드로 칼로니,,, 잭 블랙, 안젤리나 졸리, 더스틴 호프만, 성룡, 세스 로건, 루시 리우, 데이빗 크로스, J.K. 시몬스, 케이트 허드슨, 제임스 홍, 브라이언 크랜스톤,,,,,,,,,,,,,,,,,,,,
16,귀향,2016.2.24,"27,249,738,990",1.6%,"3,587,173",876,"90,286",한국,한국,(주)와우픽쳐스, 할 애쉬비,,,, 제인 폰다, 존 보이트, 브루스 던, 페네로피 밀포드, 로버트 캐러딘, 로버트 진티,,,,,,,,,,,,,,,,,,,,,,,,,
17,데드풀,2016.2.17,"27,595,618,651",1.6%,"3,317,196","1,036","82,521",미국,미국,"월트디즈니컴퍼니코리아 유한책임회사,이십세기폭스코리아(주)", 데이빗 레이치,,,, 라이언 레이놀즈, 프레드 세비지, 조슈 브롤린, 재지 비츠, 모레나 바카린,,,,,,,,,,,,,,,,,,,,,,,,,,
18,나우 유 씨 미 2,2016.7.13,"25,116,690,113",1.4%,"3,100,113","1,200","56,981",미국,미국,롯데쇼핑㈜롯데엔터테인먼트, 존 추,,,, 제시 아이젠버그, 마크 러팔로, 우디 해럴슨, 데이브 프랭코, 리지 캐플란,,,,,,,,,,,,,,,,,,,,,,,,,,
19,형,2016.11.23,"23,113,768,293",1.3%,"2,979,659",993,"83,518",한국,한국,(주)씨제이이엔엠, 권수경,,,, 조정석, 디오, 박신혜,,,,,,,,,,,,,,,,,,,,,,,,,,,,
20,엑스맨: 아포칼립스,2016.5.25,"24,467,887,950",1.4%,"2,938,818","1,262","66,471",미국,미국,이십세기폭스코리아(주), 브라이언 싱어,,,, 제임스 맥어보이, 마이클 패스벤더, 제니퍼 로렌스, 오스카 아이삭, 니콜라스 홀트,,,,,,,,,,,,,,,,,,,,,,,,,,
21,미스 페레그린과 이상한 아이들의 집,2016.9.28,"21,841,214,586",1.3%,"2,718,158",904,"70,451",미국,"미국,벨기에,영국",이십세기폭스코리아(주), 팀 버튼,,,, 에바 그린, 에이사 버터필드, 사무엘 L. 잭슨, 앨리슨 제니, 엘라 퍼넬, 주디 덴치, 킴 딕켄스, 크리스 오다우드,,,,,,,,,,,,,,,,,,,,,,,
22,히말라야,2015.12.16,"20,705,587,567",1.2%,"2,630,352",955,"61,673",한국,한국,(주)씨제이이엔엠,,,,,,,,,,,,,,,,,,,,,,,,,,,,,,,,,,,
23,제이슨 본,2016.7.27,"21,253,434,663",1.2%,"2,611,966",827,"39,806",미국,미국,유니버설픽쳐스인터내셔널 코리아(유), 폴 그린그래스,,,, 맷 데이먼, 알리시아 비칸데르, 뱅상 카셀, 줄리아 스타일스, 토미 리 존스,,,,,,,,,,,,,,,,,,,,,,,,,,
24,도리를 찾아서,2016.7.6,"20,703,899,933",1.2%,"2,601,734","1,091","55,110",미국,미국,월트디즈니컴퍼니코리아(주), 앤드류 스탠튼,,,, 엘런 드제너러스, 앨버트 브룩스, 에드 오닐, 케이틀린 올슨, 헤이든 롤렌스, 이드리스 엘바, 도미닉 웨스트, 다이안 키튼,,,,,,,,,,,,,,,,,,,,,,,
25,아수라,2016.9.28,"20,576,226,662",1.2%,"2,594,028","1,278","68,040",한국,한국,(주)씨제이이엔엠, 김성수,,,, 정우성, 황정민, 주지훈, 곽도원,,,,,,,,,,,,,,,,,,,,,,,,,,,
26,정글북,2016.6.9,"21,517,647,134",1.2%,"2,537,438",924,"59,041",미국,미국,월트디즈니컴퍼니코리아(주), 타파스 차크라바르티,,,,,,,,,,,,,,,,,,,,,,,,,,,,,,,,,,
27,마이펫의 이중생활,2016.8.3,"19,406,436,655",1.1%,"2,520,670",726,"39,653",미국,미국,유니버설픽쳐스인터내셔널 코리아(유), 크리스 리노드,,,, 패튼 오스왈트, 케빈 하트, 제니 슬레이트, 에릭 스톤스트릿, 티파니 해디쉬, 레이크 벨, 해리슨 포드,,,,,,,,,,,,,,,,,,,,,,,,
28,라라랜드,2016.12.7,"19,996,139,232",1.1%,"2,385,108",727,"56,408",미국,미국,판씨네마(주), 데이미언 셔젤,,,, 라이언 고슬링, 엠마 스톤,,,,,,,,,,,,,,,,,,,,,,,,,,,,,
29,배트맨 대 슈퍼맨: 저스티스의 시작,2016.3.24,"18,906,246,428",1.1%,"2,256,913","1,709","95,669",미국,미국,워너브러더스 코리아(주), 잭 스나이더,,,, 헨리 카빌, 벤 애플렉, 에이미 아담스, 로렌스 피시번, 제시 아이젠버그, 제레미 아이언스, 홀리 헌터, 갤 가돗, 로렌 코핸, 제프리 딘 모건, 제이슨 모모아, 에즈라 밀러, 다이안 레인,,,,,,,,,,,,,,,,,,
30,굿바이 싱글,2016.6.29,"16,912,706,195",1.0%,"2,108,273",841,"56,380",한국,한국,(주)쇼박스, 김태곤,,,, 김혜수, 마동석, 김현수,,,,,,,,,,,,,,,,,,,,,,,,,,,,
31,봉이 김선달,2016.7.6,"16,227,052,642",0.9%,"2,051,277",942,"51,418",한국,한국,(주)씨제이이엔엠, 박대민,,,, 유승호, 조재현, 고창석, 라미란, 시우민,,,,,,,,,,,,,,,,,,,,,,,,,,
32,레버넌트: 죽음에서 돌아온 자,2016.1.14,"16,107,360,130",0.9%,"2,007,188",967,"55,063",미국,미국,이십세기폭스코리아(주), 알레한드로 곤잘레스 이냐리투,,,, 레오나르도 디카프리오, 톰 하디, 도널 글리슨, 윌 폴터,,,,,,,,,,,,,,,,,,,,,,,,,,,
33,컨저링 2,2016.6.9,"15,759,374,229",0.9%,"1,928,605",640,"45,816",미국,미국,워너브러더스 코리아(주), 제임스 완,,,, 베라 파미가, 패트릭 윌슨, 프란카 포텐테, 프란시스 오코너, 매디슨 울프, 스털링 제린스,,,,,,,,,,,,,,,,,,,,,,,,,
34,내부자들: 디 오리지널,2015.12.31,"15,742,927,260",0.9%,"1,924,720",838,"45,697",한국,한국,(주)쇼박스, 우민호,,,, 이병헌, 조승우, 백윤식,,,,,,,,,,,,,,,,,,,,,,,,,,,,
35,수어사이드 스쿼드,2016.8.3,"15,874,111,188",0.9%,"1,898,220",823,"29,512",미국,미국,워너브러더스 코리아(주), 제임스 건,,,, 마고 로비, 이드리스 엘바, 존 시나, 조엘 킨나만, 실베스터 스탤론, 비올라 데이비스,,,,,,,,,,,,,,,,,,,,,,,,,
36,인디펜던스 데이 : 리써전스,2016.6.22,"12,770,879,840",0.7%,"1,500,830",926,"47,432",미국,미국,이십세기폭스코리아(주), 롤랜드 에머리히,,,, 빌 풀만, 리암 헴스워스, 제프 골드브럼, 비비카 A. 폭스, 제시 어셔, 조이 킹, 마이카 먼로, 샤를로뜨 갱스부르, 윌리암 피츠너,,,,,,,,,,,,,,,,,,,,,,
37,탐정 홍길동: 사라진 마을,2016.5.4,"11,516,170,845",0.7%,"1,430,885",764,"41,076",한국,한국,(주)씨제이이엔엠, 조성희,,,, 이제훈, 김성균,,,,,,,,,,,,,,,,,,,,,,,,,,,,,
38,벤허,2016.9.14,"11,410,860,395",0.7%,"1,400,301",717,"38,941",미국,미국,롯데쇼핑㈜롯데엔터테인먼트, 마크 앳킨스,,,, 에드리언 보쳇,,,,,,,,,,,,,,,,,,,,,,,,,,,,,,
39,굿 다이노,2016.1.7,"9,756,167,238",0.6%,"1,328,913",814,"33,127",미국,미국,월트디즈니컴퍼니코리아(주), 피터 손,,,, 레이몬드 오초아, 제프리 라이트, 프란시스 맥도맨드, 스티브 잔, 잭 브라이트, AJ 버클리, 안나 파킨, 샘 엘리어트, 마커스 스크리브너, 데이비드 보트,,,,,,,,,,,,,,,,,,,,,
40,셜록: 유령신부,2016.1.2,"9,992,425,049",0.6%,"1,278,894",891,"32,683",영국,영국,메가박스중앙(주)플러스엠, 더글러스 맥키넌,,,, 베네딕트 컴버배치, 마틴 프리먼,,,,,,,,,,,,,,,,,,,,,,,,,,,,,
41,특별수사: 사형수의 편지,2016.6.16,"9,929,947,065",0.6%,"1,241,899",691,"39,372",한국,한국,(주)넥스트엔터테인먼트월드(NEW), 권종관,,,, 김명민, 김상호, 성동일, 김영애, 김향기,,,,,,,,,,,,,,,,,,,,,,,,,,
42,시간이탈자,2016.4.13,"9,731,838,195",0.6%,"1,202,384",733,"55,075",한국,한국,(주)씨제이이엔엠, 곽재용,,,, 임수정, 조정석, 이진욱,,,,,,,,,,,,,,,,,,,,,,,,,,,,
43,동주,2016.2.17,"8,889,077,089",0.5%,"1,172,641",543,"39,958",한국,한국,메가박스중앙(주)플러스엠, 이준익,,,, 강하늘, 박정민, 김인우,,,,,,,,,,,,,,,,,,,,,,,,,,,,
44,워크래프트: 전쟁의 서막,2016.6.9,"10,142,271,205",0.6%,"1,163,274",736,"34,087",미국,미국,유니버설픽쳐스인터내셔널 코리아(유), 던칸 존스,,,, 트래비스 핌멜, 벤 포스터, 폴라 패튼, 도미닉 쿠퍼, 클랜시 브라운, 토비 켑벨,,,,,,,,,,,,,,,,,,,,,,,,,
45,스타트렉 비욘드,2016.8.17,"10,190,375,820",0.6%,"1,157,156",716,"38,199",미국,미국,롯데쇼핑㈜롯데엔터테인먼트, 저스틴 린,,,, 크리스 파인, 사이먼 페그, 조 샐다나, 재커리 퀸토, 칼 어번, 안톤 옐친, 존 조, 이드리스 엘바, 소피아 부텔라,,,,,,,,,,,,,,,,,,,,,,
46,미씽: 사라진 여자,2016.11.30,"8,881,616,256",0.5%,"1,153,109",790,"40,617",한국,한국,메가박스중앙(주)플러스엠, 이언희,,,, 엄지원, 공효진,,,,,,,,,,,,,,,,,,,,,,,,,,,,,
47,"당신, 거기 있어줄래요",2016.12.14,"8,999,085,248",0.5%,"1,124,815",767,"39,181",한국,한국,롯데쇼핑㈜롯데엔터테인먼트, 홍지영,,,, 김윤석, 변요한, 채서진,,,,,,,,,,,,,,,,,,,,,,,,,,,,
48,라이트 아웃,2016.8.24,"8,893,059,975",0.5%,"1,111,284",659,"34,444",미국,미국,워너브러더스 코리아(주), 데이비드 F. 샌드버그,,,, 테레사 팔머, 앨리시아 벨라 베일리, 가브리엘 베이트먼, 알렉산더 디퍼시아,,,,,,,,,,,,,,,,,,,,,,,,,,,
49,오빠생각,2016.1.21,"8,060,591,287",0.5%,"1,069,864",855,"44,801",한국,한국,(주)넥스트엔터테인먼트월드(NEW), 이한,,,, 임시완, 고아성,,,,,,,,,,,,,,,,,,,,,,,,,,,,,
50,"날, 보러와요",2016.4.7,"8,836,144,063",0.5%,"1,063,442",683,"49,237",한국,한국,메가박스중앙(주)플러스엠, 이철하,,,, 강예원, 이상윤, 최진호,,,,,,,,,,,,,,,,,,,,,,,,,,,,
51,씽,2016.12.21,"8,203,857,789",0.5%,"1,063,175",795,"19,645",미국,미국,유니버설픽쳐스인터내셔널 코리아(유), 가스 제닝스,,,, 매튜 맥커너히, 리즈 위더스푼, 스칼릿 조핸슨, 태런 에저튼, 토리 켈리, 닉 크롤, 세스 맥팔레인,,,,,,,,,,,,,,,,,,,,,,,,
52,맨 인 더 다크,2016.10.5,"8,480,368,672",0.5%,"1,003,406",671,"40,136",미국,미국,유니버설픽쳐스인터내셔널 코리아(유), 알렉산더 샤프,,,, 나탈리 샤프, 블레이크 스타델,,,,,,,,,,,,,,,,,,,,,,,,,,,,,
53,"고산자, 대동여지도",2016.9.7,"7,801,007,258",0.4%,"974,262",765,"38,048",한국,한국,(주)씨제이이엔엠, 강우석,,,, 차승원, 유준상,,,,,,,,,,,,,,,,,,,,,,,,,,,,,
54,미 비포 유,2016.6.1,"7,663,772,990",0.4%,"945,172",481,"28,458",미국,미국,워너브러더스 코리아(주),,,,,,,,,,,,,,,,,,,,,,,,,,,,,,,,,,,
55,매그니피센트 7,2016.9.14,"7,633,490,421",0.4%,"921,317",579,"27,648",미국,미국,유니버설픽쳐스인터내셔널 코리아(유), 안톤 후쿠아,,,, 덴젤 워싱턴, 크리스 프랫, 이병헌, 에단 호크, 맷 보머, 빈센트 도노프리오, 헤일리 베넷, 캠 지갠뎃, 피터 사스가드, 비니 존스, 마누엘 가르시아 룰포, 마틴 센스마이어,,,,,,,,,,,,,,,,,,,
56,갓 오브 이집트,2016.3.3,"7,621,291,624",0.4%,"919,834",618,"35,323",미국,미국,"(주)시네마서비스,(주)나이너스엔터테인먼트", 알렉스 프로야스,,,, 제라드 버틀러, 니콜라이 코스터 왈도, 브렌튼 스웨이츠, 제프리 러쉬,,,,,,,,,,,,,,,,,,,,,,,,,,,
57,레전드 오브 타잔,2016.6.29,"7,196,970,717",0.4%,"858,402",593,"28,021",미국,미국,워너브러더스 코리아(주), 데이빗 예이츠,,,, 알렉산더 스카스가드, 사무엘 L. 잭슨, 마고 로비, 디몬 하운수, 크리스토프 왈츠,,,,,,,,,,,,,,,,,,,,,,,,,,
58,좋아해줘,2016.2.17,"6,572,774,337",0.4%,"848,148",637,"27,125",한국,한국,(주)씨제이이엔엠, 박현진,,,, 이미연, 최지우, 김주혁, 유아인, 강하늘, 이솜,,,,,,,,,,,,,,,,,,,,,,,,,
59,브리짓 존스의 베이비,2016.9.28,"6,678,585,874",0.4%,"820,995",509,"30,736",미국,미국,유니버설픽쳐스인터내셔널 코리아(유), 샤론 맥과이어,,,, 르네 젤위거, 콜린 퍼스, 패트릭 뎀시,,,,,,,,,,,,,,,,,,,,,,,,,,,,
60,스플릿,2016.11.9,"6,102,712,539",0.4%,"758,195",702,"32,616",한국,한국,오퍼스픽쳐스(유),,,,,,,,,,,,,,,,,,,,,,,,,,,,,,,,,,,
61,런던 해즈 폴른,2016.3.10,"5,908,367,979",0.3%,"731,584",526,"37,569",미국,"미국,영국",메가박스중앙(주)플러스엠, 바박 나자피,,,, 제라드 버틀러, 아론 에크하트, 모건 프리먼,,,,,,,,,,,,,,,,,,,,,,,,,,,,
62,국가대표 2,2016.8.10,"5,482,232,042",0.3%,"709,929",562,"20,689",한국,한국,메가박스중앙(주)플러스엠, 김종현,,,, 수애, 오달수, 오연서,,,,,,,,,,,,,,,,,,,,,,,,,,,,
63,인페르노,2016.10.19,"5,656,281,303",0.3%,"689,071",754,"31,809",미국,"미국,일본,터키,헝가리",유니버설픽쳐스인터내셔널 코리아(유), 론 하워드,,,, 톰 행크스, 펠리시티 존스, 벤 포스터, 이르판 칸, 오마 사이,,,,,,,,,,,,,,,,,,,,,,,,,,
64,앵그리버드 더 무비,2016.5.19,"5,218,111,744",0.3%,"680,606",661,"15,812",미국,"미국,핀란드",유니버설픽쳐스인터내셔널 코리아(유), 서럽 밴 오먼,,,, 제이슨 서디키스, 조시 게드, 대니 맥브라이드, 피터 딘클리지, 아콰피나,,,,,,,,,,,,,,,,,,,,,,,,,,
65,그날의 분위기,2016.1.14,"5,149,571,612",0.3%,"653,287",592,"27,186",한국,한국,(주)쇼박스, 조규장,,,, 문채원, 유연석,,,,,,,,,,,,,,,,,,,,,,,,,,,,,
66,사냥,2016.6.29,"4,912,658,515",0.3%,"645,922",696,"28,862",한국,한국,롯데쇼핑㈜롯데엔터테인먼트,,,,,,,,,,,,,,,,,,,,,,,,,,,,,,,,,,,
67,널 기다리며,2016.3.10,"5,234,303,336",0.3%,"635,235",551,"33,774",한국,한국,(주)넥스트엔터테인먼트월드(NEW), 모홍진,,,, 심은경, 윤제문, 김성오,,,,,,,,,,,,,,,,,,,,,,,,,,,,
68,설리: 허드슨강의 기적,2016.9.28,"5,234,170,754",0.3%,"627,102",573,"26,609",미국,미국,워너브러더스 코리아(주),,,,,,,,,,,,,,,,,,,,,,,,,,,,,,,,,,,
69,잭 리처: 네버 고 백,2016.11.30,"4,638,072,258",0.3%,"611,097",667,"23,659",미국,미국,롯데쇼핑㈜롯데엔터테인먼트, 에드워드 즈윅,,,, 톰 크루즈, 코비 스멀더스,,,,,,,,,,,,,,,,,,,,,,,,,,,,,
70,로그 원: 스타워즈 스토리,2016.12.28,"5,127,537,094",0.3%,"596,487",907,"15,441",미국,미국,월트디즈니컴퍼니코리아 유한책임회사, 가렛 에드워즈,,,, 펠리시티 존스, 디에고 루나, 매즈 미켈슨, 리즈 아메드, 포레스트 휘태커, 견자단, 강문,,,,,,,,,,,,,,,,,,,,,,,,
71,싱 스트리트,2016.5.19,"4,489,637,672",0.3%,"560,790",494,"22,825",아일랜드,"아일랜드,영국,미국",(주)이수C&E, 존 카니,,,, 페리다 월시-필로, 루시 보인턴, 잭 레이너, 마크 맥케나,,,,,,,,,,,,,,,,,,,,,,,,,,,
72,아이스 에이지: 지구 대충돌,2016.7.20,"4,092,484,600",0.2%,"553,760",580,"13,018",미국,미국,이십세기폭스코리아(주), 마이크 트메이어,,,, 존 레귀자모, 레이 로마노, 제니퍼 로페즈, 아담 드바인, 제시 테일러 퍼거슨,,,,,,,,,,,,,,,,,,,,,,,,,,
73,몬스터 호텔 2,2015.12.24,"4,059,258,691",0.2%,"552,334",637,"13,162",미국,미국,유니버설픽쳐스인터내셔널 코리아(유), 젠디 타타코브스키,,,, 아담 샌들러, 셀레나 고메즈, 케빈 제임스, 스티브 부세미,,,,,,,,,,,,,,,,,,,,,,,,,,,
74,메카닉: 리크루트,2016.8.31,"4,458,200,800",0.3%,"551,897",320,"17,497",미국,"미국,프랑스",(주)제이앤씨미디어그룹, 데니스 간젤,,,, 제이슨 스타뎀, 제시카 알바, 토미 리 존스,,,,,,,,,,,,,,,,,,,,,,,,,,,,
75,고스트버스터즈,2016.8.25,"4,116,570,075",0.2%,"515,553",511,"18,026",미국,미국,유니버설픽쳐스인터내셔널 코리아(유), 폴 페이그,,,, 멜리사 맥카시, 크리스틴 위그, 케이트 맥키넌, 레슬리 존스, 크리스 헴스워스,,,,,,,,,,,,,,,,,,,,,,,,,,
76,거울나라의 앨리스,2016.9.7,"4,145,733,267",0.2%,"513,202",515,"19,585",미국,미국,월트디즈니컴퍼니코리아(주), 제임스 보빈,,,, 조니 뎁, 앤 해서웨이, 미아 와시코브스카, 헬레나 본햄 카터, 사챠 바론 코헨, 앨런 릭먼, 마이클 쉰,,,,,,,,,,,,,,,,,,,,,,,,
77,가려진 시간,2016.11.16,"3,946,462,400",0.2%,"510,878",884,"30,404",한국,한국,(주)쇼박스, 엄태화,,,, 강동원, 신은수, 이효제,,,,,,,,,,,,,,,,,,,,,,,,,,,,
78,명탐정 코난: 순흑의 악몽,2016.8.3,"3,766,157,500",0.2%,"508,869",447,"7,983",일본,일본,(주)씨제이이엔엠, 시즈노 코분,,,, 김선혜, 강수진, 이정구, 이현진,,,,,,,,,,,,,,,,,,,,,,,,,,,
79,해어화,2016.4.13,"3,768,200,759",0.2%,"485,695",572,"32,322",한국,한국,롯데쇼핑㈜롯데엔터테인먼트, 박흥식,,,, 한효주, 유연석, 천우희, 박성웅,,,,,,,,,,,,,,,,,,,,,,,,,,,
80,계춘할망,2016.5.19,"3,600,794,348",0.2%,"482,516",526,"19,644",한국,한국,(주)콘텐츠 난다긴다, 창감독,,,, 윤여정, 김고은,,,,,,,,,,,,,,,,,,,,,,,,,,,,,
81,"로봇, 소리",2016.1.27,"3,519,595,560",0.2%,"476,665",609,"25,502",한국,한국,롯데쇼핑㈜롯데엔터테인먼트, 이호재,,,, 이성민, 이희준, 이하늬, 김원해, 채수빈, 심은경,,,,,,,,,,,,,,,,,,,,,,,,,
82,스타워즈: 깨어난 포스,2015.12.17,"4,204,317,791",0.2%,"470,645",552,"12,801",미국,미국,월트디즈니컴퍼니코리아(주), J.J. 에이브럼스,,,, 데이지 리들리, 존 보예가, 오스카 아이삭, 아담 드라이버, 그웬돌린 크리스티, 도널 글리슨, 해리슨 포드, 마크 해밀, 캐리 피셔, 사이먼 페그, 막스 폰 시도우,,,,,,,,,,,,,,,,,,,,
83,빅쇼트,2016.1.21,"3,622,652,707",0.2%,"446,712",489,"17,316",미국,미국,롯데쇼핑㈜롯데엔터테인먼트, 아담 맥케이,,,, 크리스찬 베일, 스티브 카렐, 라이언 고슬링, 브래드 피트,,,,,,,,,,,,,,,,,,,,,,,,,,,
84,헌츠맨: 윈터스 워,2016.4.13,"3,544,262,706",0.2%,"445,009",557,"25,789",미국,미국,유니버설픽쳐스인터내셔널 코리아(유), 세딕 니콜라스 트로얀,,,, 크리스 헴스워스, 샤를리즈 테론, 에밀리 블런트, 제시카 차스테인,,,,,,,,,,,,,,,,,,,,,,,,,,,
85,나를 잊지 말아요,2016.1.7,"3,398,915,000",0.2%,"425,799",559,"19,138",한국,한국,(주)씨제이이엔엠,,,,,,,,,,,,,,,,,,,,,,,,,,,,,,,,,,,
86,나의 소녀시대,2016.5.12,"3,314,491,150",0.2%,"409,537",201,"12,404",대만,대만,오드, 프랭키 첸,,,, 송운화, 왕대륙, 이옥새, 간정예,,,,,,,,,,,,,,,,,,,,,,,,,,,
87,조선마술사,2015.12.30,"3,143,566,733",0.2%,"403,919",608,"13,708",한국,한국,롯데쇼핑㈜롯데엔터테인먼트, 김대승,,,, 유승호, 고아라,,,,,,,,,,,,,,,,,,,,,,,,,,,,,
88,언더 워터,2016.7.13,"3,111,772,391",0.2%,"384,789",518,"13,058",미국,미국,유니버설픽쳐스인터내셔널 코리아(유), 자움 콜렛 세라,,,, 블레이크 라이블리,,,,,,,,,,,,,,,,,,,,,,,,,,,,,,
89,클로버필드 10번지,2016.4.7,"2,928,428,655",0.2%,"357,736",575,"24,680",미국,미국,롯데쇼핑㈜롯데엔터테인먼트, 댄 트라첸버그,,,, 메리 엘리자베스 윈스티드, 존 굿맨, 존 갤러거 주니어,,,,,,,,,,,,,,,,,,,,,,,,,,,,
90,위자: 저주의 시작,2016.11.9,"2,637,517,406",0.2%,"331,877",467,"15,660",미국,미국,유니버설픽쳐스인터내셔널 코리아(유), 마이크 플래너건,,,, 엘리자베스 리저, 애너리즈 바쏘, 룰루 윌슨, 헨리 토마스,,,,,,,,,,,,,,,,,,,,,,,,,,,
91,극장판 요괴워치: 염라대왕과 5개의 이야기다냥!,2016.7.20,"2,467,275,080",0.1%,"330,725",403,"6,607",일본,일본,(주)씨제이이엔엠, 타카하시 시게하루, 우시로 신지,,, 박경혜, 홍범기, 김현지, 김보영, 정혜옥, 신용우, 이호산, 김율, 방연지, 이미자, 강호철, 여민정, 이수진, 김신우, 김지율, 방연지, 김가령, 손정아, 한신, 황원, 김준, 정유정, 김가령, 현경수, 김채하, 김정훈, 손수호, 토마츠 하루카, 유우키 아오이, 세키 토모카즈,
92,아기배달부 스토크,2016.12.7,"2,436,955,700",0.1%,"322,354",538,"9,388",미국,미국,워너브러더스 코리아(주), 니콜라스 스톨러, 더그 스윗랜드,,, 앤디 샘버그, 케이티 크라운, 켈시 그래머,,,,,,,,,,,,,,,,,,,,,,,,,,,,
93,캐롤,2016.2.4,"2,645,756,616",0.2%,"319,357",288,"11,092",미국,"미국,영국",CGV아트하우스,,,,,,,,,,,,,,,,,,,,,,,,,,,,,,,,,,,
94,위대한 소원,2016.4.21,"2,440,004,213",0.1%,"308,398",524,"22,769",한국,한국,(주)넥스트엔터테인먼트월드(NEW), 남대중,,,, 류덕환, 김동영, 안재홍, 전노민, 전미선,,,,,,,,,,,,,,,,,,,,,,,,,,
95,스포트라이트,2016.2.24,"2,402,036,255",0.1%,"299,878",320,"13,482",미국,미국,(주)팝엔터테인먼트,,,,,,,,,,,,,,,,,,,,,,,,,,,,,,,,,,,
96,구스범스,2016.1.14,"2,221,639,712",0.1%,"297,356",515,"13,477",미국,미국,유니버설픽쳐스인터내셔널 코리아(유), 아리 산델,,,, 웬디 맥렌던 커비, 매디슨 아이스먼, 제레미 레이 테일러, 칼릴 해리스, 켄 정,,,,,,,,,,,,,,,,,,,,,,,,,,
97,포인트 브레이크,2016.1.7,"2,323,707,051",0.1%,"294,320",409,"12,111",미국,미국,"(주)시네마서비스,(주)나이너스엔터테인먼트", 캐서린 비글로우,,,, 키아누 리브스, 패트릭 스웨이지,,,,,,,,,,,,,,,,,,,,,,,,,,,,,
98,앨빈과 슈퍼밴드: 악동 어드벤처,2016.2.4,"2,125,772,200",0.1%,"292,495",380,"8,917",미국,미국,이십세기폭스코리아(주), 월트 베커,,,, 저스틴 롱, 제이슨 리, 매튜 그레이 구블러, 제시 맥카트니, 크리스티나 애플게이트, 칼리 쿠오코, 안나 페리스, 킴벌리 윌리엄스-페이슬리, 조쉬 그린, 토니 헤일, 벨라 손,,,,,,,,,,,,,,,,,,,,
99,혼숨,2016.10.26,"2,258,422,445",0.1%,"288,016",498,"14,510",한국,한국,(주)프레인글로벌, 이두환,,,, 류덕환, 조복래,,,,,,,,,,,,,,,,,,,,,,,,,,,,,
100,극장판 안녕 자두야,2016.5.4,"2,137,638,000",0.1%,"280,406",523,"7,758",한국,한국,(주)씨제이이엔엠, 손석우,,,, 여민정, 양정화, 정유미, 김현지, 최준영, 정혜옥,,,,,,,,,,,,,,,,,,,,,,,,,
101,비밀은 없다,2016.6.23,"2,029,410,239",0.1%,"250,829",502,"14,749",한국,한국,(주)씨제이이엔엠, 이경미,,,, 손예진, 김주혁,,,,,,,,,,,,,,,,,,,,,,,,,,,,,
102,순정,2016.2.24,"1,738,293,033",0.1%,"240,484",467,"10,545",한국,한국,(주)리틀빅픽쳐스,,,,,,,,,,,,,,,,,,,,,,,,,,,,,,,,,,,
103,닌자터틀 : 어둠의 히어로,2016.6.16,"1,934,052,000",0.1%,"235,207",517,"13,943",미국,미국,롯데쇼핑㈜롯데엔터테인먼트, 데이브 그린,,,, 메간 폭스, 스티븐 아멜, 로라 리니, 윌 아넷,,,,,,,,,,,,,,,,,,,,,,,,,,,
104,드림 쏭,2016.9.14,"1,826,269,700",0.1%,"234,387",399,"6,408",미국,미국,(주)이수C&E,,,,,,,,,,,,,,,,,,,,,,,,,,,,,,,,,,,
105,독수리 에디,2016.4.7,"1,799,381,120",0.1%,"226,341",528,"17,411",미국,미국,이십세기폭스코리아(주), 덱스터 플레처,,,, 태런 에저튼, 휴 잭맨, 크리스토퍼 월켄,,,,,,,,,,,,,,,,,,,,,,,,,,,,
106,포켓몬 더 무비 XY&Z 「볼케니온 : 기계왕국의 비밀」,2016.12.22,"1,666,637,400",0.1%,"219,047",480,"4,563",일본,일본,(주)이수C&E, 유야마 쿠니히코,,,, 이장원, 테라사키 유카, 이선호, 오오타니 이쿠에, 김현지, 심규혁, 조경이, 김영선, 우정신, 오인성, 문남숙, 신용우, 김하영, 강호철,,,,,,,,,,,,,,,,,
107,원피스 필름 골드,2016.12.8,"1,700,502,100",0.1%,"215,546",445,"6,730",일본,일본,(주)씨제이이엔엠, 미야모토 히로아키,,,, 타나카 마유미, 나카이 카즈야, 오카무라 아케미, 야마구치 캇페이, 히라타 히로아키, 오오타니 이쿠에, 야마구치 유리코, 야오 카즈키, 야마지 카즈히로, 쵸,,,,,,,,,,,,,,,,,,,,,
108,아이 엠 어 히어로,2016.9.21,"1,806,714,900",0.1%,"212,599",263,"8,536",일본,일본,(주)영화사 빅, 사토 신스케,,,, 오오이즈미 요, 나가사와 마사미, 아리무라 카스미,,,,,,,,,,,,,,,,,,,,,,,,,,,,
109,남과 여,2016.2.25,"1,651,122,533",0.1%,"203,775",449,"9,790",한국,한국,(주)쇼박스, 이윤기,,,, 전도연, 공유,,,,,,,,,,,,,,,,,,,,,,,,,,,,,
110,짱구는 못말려 극장판: 나의 이사 이야기 선인장 대습격,2016.1.7,"1,472,866,700",0.1%,"202,538",350,"6,707",일본,일본,(주)넥스트엔터테인먼트월드(NEW), 하시모토 마사카즈,,,, 야지마 아키코, 후지와라 케이지, 나라하시 미키, 코오로기 사토미, 사카모토 마아야, 나미카와 다이스케,,,,,,,,,,,,,,,,,,,,,,,,,
111,"무현, 두 도시 이야기",2016.10.26,"1,511,430,600",0.1%,"192,668",136,"8,986",한국,한국,(주)모멘텀엔터테인먼트, 전인환,,,, 노무현, 김원명, 김하연, 백승영, 조덕희, 박영희, 장철영, 윤종훈, 이종우,,,,,,,,,,,,,,,,,,,,,,
112,글로리데이,2016.3.24,"1,485,342,868",0.1%,"189,221",494,"12,578",한국,한국,(주)엣나인필름, 최정열,,,, 지수, 수호, 류준열, 김희찬,,,,,,,,,,,,,,,,,,,,,,,,,,,
113,노트북,2004.11.26,"1,505,476,700",0.1%,"182,633",148,"11,531",미국,미국,"(주)퍼스트런,TCO(주)더콘텐츠온,글뫼 주식회사,CJ ENM",,,,,,,,,,,,,,,,,,,,,,,,,,,,,,,,,,,
114,대호,2015.12.16,"1,385,096,300",0.1%,"178,574",409,"5,222",한국,한국,(주)넥스트엔터테인먼트월드(NEW), 박훈정,,,, 최민식,,,,,,,,,,,,,,,,,,,,,,,,,,,,,,
115,부활,2016.3.17,"1,247,191,600",0.1%,"176,122",136,"8,581",미국,미국,유니버설픽쳐스인터내셔널 코리아(유),,,,,,,,,,,,,,,,,,,,,,,,,,,,,,,,,,,
116,매직브러시,2016.5.4,"1,294,829,300",0.1%,"172,370",460,"5,404",중국,중국,(주)영화사 빅, 쯔씽 쫑,,,, 김서영, 김경희, 박상훈, 홍진욱,,,,,,,,,,,,,,,,,,,,,,,,,,,
117,조이,2016.3.10,"1,378,007,200",0.1%,"172,253",405,"12,860",미국,미국,이십세기폭스코리아(주),,,,,,,,,,,,,,,,,,,,,,,,,,,,,,,,,,,
118,대배우,2016.3.30,"1,246,200,228",0.1%,"169,984",474,"16,517",한국,한국,"(주)대명문화공장,(주)리틀빅픽쳐스", 석민우,,,, 오달수, 윤제문, 이경영,,,,,,,,,,,,,,,,,,,,,,,,,,,,
119,빅,2016.7.27,"1,176,116,720",0.1%,"161,196",332,"3,870",미국,"미국,인도",(주)이수C&E,,,,,,,,,,,,,,,,,,,,,,,,,,,,,,,,,,,
120,달빛궁궐,2016.9.7,"1,147,863,700",0.1%,"153,097",425,"6,067",한국,한국,(주)넥스트엔터테인먼트월드(NEW), 김현주,,,, 김서영, 이하늬, 권율, 김슬기,,,,,,,,,,,,,,,,,,,,,,,,,,,
121,어린왕자,2015.12.23,"1,142,087,833",0.1%,"150,512",368,"3,973",프랑스,프랑스,씨네그루(주)다우기술,,,,,,,,,,,,,,,,,,,,,,,,,,,,,,,,,,,
122,미스컨덕트,2016.3.30,"1,138,175,038",0.1%,"149,095",470,"12,017",미국,미국,"(주)박수엔터테인먼트,㈜코리아스크린", 시모사와 신타로,,,, 알 파치노, 안소니 홉킨스, 조쉬 더하멜, 이병헌,,,,,,,,,,,,,,,,,,,,,,,,,,,
123,500일의 썸머,2010.1.21,"1,222,841,900",0.1%,"147,891",156,"5,851",미국,미국,"(주)스튜디오디에이치엘,(주)팝엔터테인먼트,이십세기폭스코리아(주)", 마크 웹,,,, 조셉 고든 레빗, 주이 디샤넬,,,,,,,,,,,,,,,,,,,,,,,,,,,,,
124,서울역,2016.8.17,"1,162,471,562",0.1%,"147,031",440,"8,054",한국,한국,(주)넥스트엔터테인먼트월드(NEW),,,,,,,,,,,,,,,,,,,,,,,,,,,,,,,,,,,
125,13시간,2016.3.3,"1,170,500,514",0.1%,"145,952",380,"9,615",미국,미국,롯데쇼핑㈜롯데엔터테인먼트, 마이클 베이,,,, 존 크래신스키, 제임스 뱃지 데일, 맥스 마티니, 파블로 쉬레이버,,,,,,,,,,,,,,,,,,,,,,,,,,,
126,자백,2016.10.13,"1,128,388,200",0.1%,"143,648",152,"6,071",한국,한국,(주)엣나인필름,,,,,,,,,,,,,,,,,,,,,,,,,,,,,,,,,,,
127,장난감이 살아있다,2016.9.7,"1,112,430,600",0.1%,"142,977",294,"4,346",아르헨티나,"아르헨티나,스페인","㈜코리아스크린,와이드 릴리즈(주)",,,,,,,,,,,,,,,,,,,,,,,,,,,,,,,,,,,
128,극장판 아이엠스타 : 꿈의 오디션!,2016.2.11,"1,048,246,100",0.1%,"141,351",254,"3,903",일본,일본,(주)씨제이이엔엠, 야노 유이치로,,,, 정혜원, 이용신, 김채하, 소연, 여윤미, 김보영, 이소은, 방연지, 임윤선, 이선, 최덕희, 위훈, 신용우, 김율, 박선영, 안영미, 한신, 유인나, 정유정, 모로호시 스미레, 타도코로 아즈사, 오오하시 아야카, 시모지 시노, 쿠로사와 토모요, 누마쿠라 마나미, 야스노 키요노, 미무라 유우나, 스자키 아야, 코토부키 미나코, 이시하라 카오리, 타카하시 미나미
129,플로렌스,2016.8.24,"1,079,970,100",0.1%,"139,717",382,"8,146",영국,영국,(주)이수C&E,,,,,,,,,,,,,,,,,,,,,,,,,,,,,,,,,,,
130,로빈슨 크루소,2016.9.7,"1,071,533,400",0.1%,"139,392",329,"4,326",벨기에,벨기에,(주)영화사 빅,,,,,,,,,,,,,,,,,,,,,,,,,,,,,,,,,,,
131,제 5침공,2016.2.25,"1,041,049,900",0.1%,"135,874",312,"5,195",미국,미국,유니버설픽쳐스인터내셔널 코리아(유), J 블레이크슨,,,, 클로이 모레츠, 닉 로빈슨, 알렉스 로, 리브 슈라이버,,,,,,,,,,,,,,,,,,,,,,,,,,,
132,극장판 꼬마버스 타요의 에이스 구출작전,2016.1.21,"905,899,900",0.1%,"135,398",200,"5,395",한국,한국,(주)아이코닉스, 류정우,,,, 문남숙, 정혜옥, 최하나, 김영선,,,,,,,,,,,,,,,,,,,,,,,,,,,
133,대니쉬 걸,2016.2.17,"1,074,963,884",0.1%,"134,079",246,"5,683",미국,"미국,영국",유니버설픽쳐스인터내셔널 코리아(유), 톰 후퍼,,,, 에디 레드메인, 알리시아 비칸데르, 앰버 허드,,,,,,,,,,,,,,,,,,,,,,,,,,,,
134,인생은 아름다워,1999.3.6,"847,806,900",0.0%,"127,325",147,"7,167",이탈리아,이탈리아,(주)키다리이엔티, 로베르토 베니니,,,, 로베르토 베니니, 니콜레타 브라스키,,,,,,,,,,,,,,,,,,,,,,,,,,,,,
135,카페 소사이어티,2016.9.14,"1,047,396,666",0.1%,"126,460",199,"6,371",미국,미국,"찬란,CGV아트하우스", 우디 앨런,,,, 제시 아이젠버그, 크리스틴 스튜어트, 블레이크 라이블리,,,,,,,,,,,,,,,,,,,,,,,,,,,,
136,마이 리틀 자이언트,2016.8.10,"991,375,900",0.1%,"125,800",128,"3,409",미국,미국,월트디즈니컴퍼니코리아(주), 스티븐 스필버그,,,, 마크 라이런스, 루비 반힐, 레베카 홀, 빌 헤이더, 저메인 클레멘트,,,,,,,,,,,,,,,,,,,,,,,,,,
137,죽여주는 여자,2016.10.6,"884,865,300",0.1%,"121,444",317,"8,350",한국,한국,CGV아트하우스, 이재용,,,, 윤여정, 전무송, 윤계상,,,,,,,,,,,,,,,,,,,,,,,,,,,,
138,헤이트풀8,2016.1.7,"996,268,400",0.1%,"120,362",167,"4,761",미국,미국,(주)누리픽쳐스, 쿠엔틴 타란티노,,,, 사무엘 L. 잭슨, 커트 러셀, 제니퍼 제이슨 리, 월튼 고긴스, 데미안 비쉬어, 팀 로스, 마이클 매드슨, 브루스 던, 채닝 테이텀,,,,,,,,,,,,,,,,,,,,,,
139,감바의 대모험,2016.11.10,"874,685,700",0.1%,"117,488",400,"4,735",일본,일본,(주)영화사 빅, 카와무라 토모히로, 코모리 요시히로,,, 카지 유우키, 칸다 사야카, 타카기 와타루, 오오츠카 아키오, 이케다 슈이치, 타카토 야스히로, 후지와라 케이지, 야지마 아키코,,,,,,,,,,,,,,,,,,,,,,,
140,최강전사 미니특공대: 영웅의 탄생,2016.2.4,"877,875,200",0.1%,"117,170",349,"4,863",한국,한국,(주)삼지애니메이션, 이영준,,,,,,,,,,,,,,,,,,,,,,,,,,,,,,,,,,
141,다이노소어 어드벤처 : 백악기 공룡대백과,2016.5.4,"854,091,000",0.0%,"112,242",325,"3,643",영국,영국,"(주)박수엔터테인먼트,(주)애니플러스", 닐 나이팅게일, 베리 쿡, 앤드류 코헨,,,,,,,,,,,,,,,,,,,,,,,,,,,,,,,,
142,피터와 드래곤,2016.9.28,"865,600,600",0.0%,"109,137",167,"5,201",미국,미국,월트디즈니컴퍼니코리아(주), 데이빗 로워리,,,, 브라이스 달라스 하워드, 오크스 페글리, 웨스 벤틀리, 칼 어번, 로버트 레드포드,,,,,,,,,,,,,,,,,,,,,,,,,,
143,킹 오브 프리즘 (바이 프리티 리듬),2016.8.11,"859,771,500",0.0%,"103,852",53,"2,291",일본,일본,(주)박수엔터테인먼트,,,,,,,,,,,,,,,,,,,,,,,,,,,,,,,,,,,
144,다이버전트 시리즈: 얼리전트,2016.5.12,"818,897,545",0.0%,"103,556",393,"7,611",미국,미국,(주)키다리이엔티, 로베르트 슈벤트케,,,, 쉐일린 우들리, 테오 제임스, 마일즈 텔러, 나오미 왓츠, 매기 큐, 조 크라비츠,,,,,,,,,,,,,,,,,,,,,,,,,
145,무서운 이야기 3 : 화성에서 온 소녀,2016.6.1,"784,148,500",0.0%,"97,804",317,"6,407",한국,한국,롯데쇼핑㈜롯데엔터테인먼트, 김곡, 김선, 백승빈, 민규동, 임슬옹, 경수진, 박정민, 홍은희, 차지연,,,,,,,,,,,,,,,,,,,,,,,,,,
146,바스티유 데이,2016.10.13,"766,892,600",0.0%,"96,579",422,"10,270",미국,"미국,프랑스",롯데쇼핑㈜롯데엔터테인먼트, 제임스 왓킨스,,,, 이드리스 엘바, 리차드 매든, 샬롯 르 본,,,,,,,,,,,,,,,,,,,,,,,,,,,,
147,걷기왕,2016.10.20,"710,905,075",0.0%,"95,542",462,"10,476",한국,한국,CGV아트하우스, 백승화,,,, 심은경, 박주희,,,,,,,,,,,,,,,,,,,,,,,,,,,,,
148,일사각오,2016.3.17,"682,581,500",0.0%,"94,767",66,"2,702",한국,한국,파이오니아21,,,,,,,,,,,,,,,,,,,,,,,,,,,,,,,,,,,
149,나의 산티아고,2016.7.14,"721,244,232",0.0%,"94,243",88,"3,431",독일,독일,(주)영화사 진진, 줄리아 폰 하인츠,,,, 데비드 스트리에소브, 마르티나 게덱, 카롤리네 슈허,,,,,,,,,,,,,,,,,,,,,,,,,,,,
150,본 투 비 블루,2016.6.9,"764,395,124",0.0%,"93,817",147,"4,842",캐나다,"캐나다,영국,미국",그린나래미디어(주), 로버트 뷔드로,,,, 에단 호크, 카르멘 에조고, 칼럼 키스 레니,,,,,,,,,,,,,,,,,,,,,,,,,,,,
151,태풍이 지나가고,2016.7.27,"772,484,972",0.0%,"93,005",72,"3,085",일본,일본,(주)티캐스트, 고레에다 히로카즈,,,, 아베 히로시, 키키 키린, 마키 요코, 요시자와 타이요,,,,,,,,,,,,,,,,,,,,,,,,,,,
152,오베라는 남자,2016.5.25,"738,121,888",0.0%,"92,380",255,"4,471",스웨덴,스웨덴,"(주)싸이더스,(주)디스테이션", 하네스 홀름,,,, 롤프 라스가드, 바하르 파르스, 필립 버그, 이다 엥볼,,,,,,,,,,,,,,,,,,,,,,,,,,,
153,크리미널,2016.6.22,"738,985,181",0.0%,"92,358",351,"7,018",영국,"영국,미국",(주)영화사 빅, 아리엘 브로멘,,,, 라이언 레이놀즈, 케빈 코스트너, 게리 올드만, 토미 리 존스, 갤 가돗, 앨리스 이브,,,,,,,,,,,,,,,,,,,,,,,,,
154,슈퍼 프렌즈,2016.8.10,"663,075,600",0.0%,"89,615",255,"2,483",한국,한국,(주)키다리이엔티, 이경호, 이원재,,, 변현우, 김지혜, 박조호, 서지연, 남도형, 홍진욱, 김승태,,,,,,,,,,,,,,,,,,,,,,,,
155,루돌프와 많이있어,2016.12.28,"682,883,600",0.0%,"89,510",375,"1,733",일본,일본,(주)씨제이이엔엠, 유야마 쿠니히코, 사카키바라 모토노리,,, 김율, 신용우, 홍범기, 시영준, 정유정, 김가령, 이노우에 마오, 스즈키 료헤이, 미즈키 나나, 오오츠카 아키오, 테라사키 유카,,,,,,,,,,,,,,,,,,,,
156,룸,2016.3.3,"700,569,900",0.0%,"87,673",333,"6,926",아일랜드,"아일랜드,캐나다","(주)팝엔터테인먼트,(주)영화사 빅", 레니 에이브러햄슨,,,, 브리 라슨, 제이콥 트렘블레이, 조안 알렌,,,,,,,,,,,,,,,,,,,,,,,,,,,,
157,포켓몬 더 무비 XY 후파: 광륜의 초마신,2015.12.23,"628,234,300",0.0%,"86,193",270,"2,524",일본,일본,(주)이수C&E, 유야마 쿠니히코,,,, 여민정, 이광수, 이선호, 마츠모토 리카, 오오타니 이쿠에,,,,,,,,,,,,,,,,,,,,,,,,,,
158,유스,2016.1.7,"663,547,600",0.0%,"85,363",65,"3,204",이탈리아,"이탈리아,프랑스,스위스,영국",그린나래미디어(주),,,,,,,,,,,,,,,,,,,,,,,,,,,,,,,,,,,
159,다이노X 탐험대,2016.5.4,"642,526,900",0.0%,"83,319",348,"3,126",한국,한국,(주)이수C&E, 이동희,,,, 정준하, 하하,,,,,,,,,,,,,,,,,,,,,,,,,,,,,
160,로스트 인 더스트,2016.11.3,"633,772,822",0.0%,"81,236",354,"7,248",미국,미국,메가박스중앙(주)플러스엠, 데이빗 맥킨지,,,, 크리스 파인, 벤 포스터, 제프 브리지스, 케이티 믹슨,,,,,,,,,,,,,,,,,,,,,,,,,,,
161,최악의 하루,2016.8.25,"639,959,190",0.0%,"80,754",199,"5,606",한국,한국,CGV아트하우스, 김종관,,,, 한예리, 이와세 료, 권율,,,,,,,,,,,,,,,,,,,,,,,,,,,,
162,오 마이 그랜파,2016.3.17,"632,806,532",0.0%,"79,701",396,"8,842",미국,미국,판씨네마(주), 댄 마저,,,, 로버트 드 니로, 잭 에프론, 줄리안 허프, 조이 도이치, 오브리 플라자,,,,,,,,,,,,,,,,,,,,,,,,,,
163,엽기적인 그녀 2,2016.5.12,"594,260,900",0.0%,"77,124",387,"6,132",한국,한국,(주)리틀빅픽쳐스, 조근식,,,, 차태현, 빅토리아,,,,,,,,,,,,,,,,,,,,,,,,,,,,,
164,하이큐!! 끝과 시작,2016.11.16,"544,846,000",0.0%,"75,704",130,"3,683",일본,일본,(주)팝엔터테인먼트, 미츠나카 스스무,,,, 무라세 아유무, 이시카와 카이토, 히노 사토시, 이리노 미유, 오카모토 노부히코, 호소야 요시마사,,,,,,,,,,,,,,,,,,,,,,,,,
165,라스트 위치 헌터,2015.12.30,"589,730,800",0.0%,"72,481",278,"2,843",미국,미국,TCO(주)더콘텐츠온, 브렉 에이즈너,,,, 빈 디젤, 로즈 레슬리, 일라이저 우드,,,,,,,,,,,,,,,,,,,,,,,,,,,,
166,언더월드: 블러드 워,2016.11.30,"567,567,100",0.0%,"72,071",183,"4,953",미국,미국,유니버설픽쳐스인터내셔널 코리아(유), 안나 포에스터,,,, 케이트 베킨세일, 테오 제임스, 토비어스 멘지스, 찰스 댄스, 앨리시아 벨라 베일리, 브래들리 제임스,,,,,,,,,,,,,,,,,,,,,,,,,
167,선생님의 일기,2016.11.2,"498,454,200",0.0%,"71,297",163,"6,544",태국,태국,"(주)드림팩트엔터테인먼트,(주)미로스페이스", 니티왓 다라톤,,,, 레일라 분야삭, 비 스크릿 위셋케우,,,,,,,,,,,,,,,,,,,,,,,,,,,,,
168,세상에서 고양이가 사라진다면,2016.11.9,"504,349,200",0.0%,"70,424",175,"4,349",일본,일본,(주)크리픽쳐스, 나가이 아키라,,,, 사토 타케루, 미야자키 아오이,,,,,,,,,,,,,,,,,,,,,,,,,,,,,
169,바다 탐험대 옥토넛 시즌4: 늪지탐험선K,2016.9.28,"420,233,500",0.0%,"69,881",164,"3,061",영국,영국,와이드 릴리즈(주), 다라 오코넬,,,, 하성용, 정재헌, 엄상현, 윤승희, 김정은, 유동균, 김율, 한경화,,,,,,,,,,,,,,,,,,,,,,,
170,어카운턴트,2016.10.13,"548,544,928",0.0%,"69,529",375,"6,965",미국,미국,워너브러더스 코리아(주), 게빈 오코너,,,, 벤 애플렉, 안나 켄드릭, J.K. 시몬스, 존 번탈,,,,,,,,,,,,,,,,,,,,,,,,,,,
171,번개맨,2016.2.11,"517,127,000",0.0%,"69,363",393,"4,644",한국,한국,(주)키다리이엔티,,,,,,,,,,,,,,,,,,,,,,,,,,,,,,,,,,,
172,이퀄스,2016.8.31,"519,972,300",0.0%,"68,902",357,"6,177",미국,미국,(주)키다리이엔티, 켄타나 H. 쿠야스,,,,,,,,,,,,,,,,,,,,,,,,,,,,,,,,,,
173,스티브 잡스,2016.1.21,"535,351,276",0.0%,"68,815",384,"6,396",미국,미국,유니버설픽쳐스인터내셔널 코리아(유),,,,,,,,,,,,,,,,,,,,,,,,,,,,,,,,,,,
174,아이엠스타 뮤직어워드,2016.9.14,"455,696,500",0.0%,"67,027",358,"3,019",일본,일본,(주)씨제이이엔엠, 와타다 신야,,,, 정유정, 김새해, 김영은, 정유미, 정혜원, 김채하, 소연, 위훈,,,,,,,,,,,,,,,,,,,,,,,
175,올레,2016.8.25,"522,938,900",0.0%,"66,883",338,"5,126",한국,한국,"(주)대명문화공장,(주)리틀빅픽쳐스",,,,,,,,,,,,,,,,,,,,,,,,,,,,,,,,,,,
176,리틀메딕: 몸속탐험대,2016.11.24,"515,053,700",0.0%,"66,562",291,"2,442",독일,독일,(주)팝엔터테인먼트, 피터 클라릿지,,,, 엘피 도넬리,,,,,,,,,,,,,,,,,,,,,,,,,,,,,,
177,데몰리션,2016.7.13,"544,916,821",0.0%,"66,473",198,"3,673",미국,미국,(주)리틀빅픽쳐스, 장 마크 발레,,,, 제이크 질렌할, 나오미 왓츠, 크리스 쿠퍼, 헤더 린드,,,,,,,,,,,,,,,,,,,,,,,,,,,
178,레터스 투 갓,2016.2.25,"432,604,300",0.0%,"66,250",119,"2,297",미국,미국,(주)모멘텀엔터테인먼트,,,,,,,,,,,,,,,,,,,,,,,,,,,,,,,,,,,
179,극장판 파워레인저: 닌자포스 VS 트레인포스 닌자 인 원더랜드,2016.11.3,"503,900,800",0.0%,"64,622",406,"3,805",일본,일본,(주)넥스트엔터테인먼트월드(NEW),,,,,,,,,,,,,,,,,,,,,,,,,,,,,,,,,,,
180,트럼보,2016.4.7,"487,002,100",0.0%,"61,964",310,"5,064",미국,미국,"그린나래미디어(주),(주)프레인글로벌", 피터 아스킨,,,, 조안 알렌, 데이빗 스트래던,,,,,,,,,,,,,,,,,,,,,,,,,,,,,
181,바다 탐험대 옥토넛 시즌4: 빙하탐험선S,2016.2.25,"361,596,000",0.0%,"60,977",155,"2,091",영국,영국,와이드 릴리즈(주), 다라 오코넬,,,, 하성용, 정재헌, 엄상현, 윤승희, 김정은, 유동균, 김율, 한경화,,,,,,,,,,,,,,,,,,,,,,,
182,두 남자,2016.11.30,"459,566,121",0.0%,"60,365",397,"7,199",한국,한국,(주)키다리이엔티, 이성태,,,, 마동석, 최민호,,,,,,,,,,,,,,,,,,,,,,,,,,,,,
183,극장판 도라에몽: 신 진구의 버스 오브 재팬,2016.12.21,"453,920,100",0.0%,"59,147",282,"2,136",일본,일본,(주)넥스트엔터테인먼트월드(NEW), 야쿠와 신노스케,,,, 채민지, 김정아, 최낙윤, 이현주, 조현정, 곽규미, 김현욱, 김민정,,,,,,,,,,,,,,,,,,,,,,,
184,바다 탐험대 옥토넛 시즌4: 아슬아슬 구조대작전,2016.6.2,"350,932,000",0.0%,"58,619",162,"2,313",영국,영국,와이드 릴리즈(주), 다라 오코넬,,,, 하성용, 정재헌, 엄상현, 윤승희, 김정은, 유동균, 김율, 한경화,,,,,,,,,,,,,,,,,,,,,,,
185,죽은 시인의 사회,1990.5.19,"435,056,700",0.0%,"57,789",92,"2,163",미국,미국,"(주)디스테이션,(주)드림팩트엔터테인먼트,브에나비스타픽쳐스", 피터 위어,,,, 로빈 윌리엄스,,,,,,,,,,,,,,,,,,,,,,,,,,,,,,
186,더 보이,2016.6.1,"450,554,821",0.0%,"56,959",186,"2,417",미국,미국,(주)리틀빅픽쳐스, 크레이그 맥닐,,,, 마이크 보겔, 줄레이카 로빈슨, 레인 윌슨, 데이빗 모스, 빌 세이지, 에이든 러브캠프,,,,,,,,,,,,,,,,,,,,,,,,,
187,극장판 프랭키와 친구들: 생명의 나무,2016.4.13,"410,560,600",0.0%,"56,842",258,"2,763",한국,한국,예지림엔터테인먼트, 박정오,,,, 이소은, 안영미, 김민정, 최승훈,,,,,,,,,,,,,,,,,,,,,,,,,,,
188,그물,2016.10.6,"426,185,300",0.0%,"56,541",381,"6,278",한국,한국,(주)넥스트엔터테인먼트월드(NEW),,,,,,,,,,,,,,,,,,,,,,,,,,,,,,,,,,,
189,드레스메이커,2016.2.11,"447,353,000",0.0%,"56,316",176,"3,058",호주,호주,(주)리틀빅픽쳐스, 조셀린 무어하우스,,,, 케이트 윈슬렛, 주디 데이비스, 리암 헴스워스,,,,,,,,,,,,,,,,,,,,,,,,,,,,
190,비포 선라이즈,1996.3.30,"455,476,053",0.0%,"56,082",142,"5,072",미국,"미국,오스트리아 ,스위스",(주)드림팩트엔터테인먼트, 리처드 링클레이터,,,, 에단 호크, 줄리 델피,,,,,,,,,,,,,,,,,,,,,,,,,,,,,
191,빅뱅 메이드,2016.6.30,"466,486,700",0.0%,"55,582",56,"1,794",한국,한국,씨제이 씨지브이(CJ CGV)(주),,,,,,,,,,,,,,,,,,,,,,,,,,,,,,,,,,,
192,백설공주 : 사라진 아빠를 찾아서,2016.9.29,"425,994,300",0.0%,"55,355",213,"1,961",중국,중국,예지림엔터테인먼트, 벤 차오,,,, 이제인, 사문영, 박상훈, 장병관, 이승준,,,,,,,,,,,,,,,,,,,,,,,,,,
193,불의 전차,2016.6.16,"387,302,100",0.0%,"55,051",84,"2,093",영국,영국,"(주)라이크콘텐츠,(주)프레인글로벌", 휴 허드슨,,,, 벤 크로스, 이안 찰슨, 니콜라스 파렐, 나이젤 하버스, 다니엘 제롤,,,,,,,,,,,,,,,,,,,,,,,,,,
194,파라노말 액티비티: 더 고스트 디멘션,2016.4.21,"454,055,200",0.0%,"54,972",353,"5,654",미국,미국,(주)박수엔터테인먼트, 그레고리 플로킨,,,, 크리스 J. 머레이, 브릿 쇼, 아이비 조지,,,,,,,,,,,,,,,,,,,,,,,,,,,,
195,순종,2016.11.17,"384,957,200",0.0%,"54,456",104,"2,122",한국,한국,"(재)CBS,(주)영화사 안다미로",,,,,,,,,,,,,,,,,,,,,,,,,,,,,,,,,,,
196,잡아야 산다,2016.1.7,"410,361,400",0.0%,"54,450",219,"3,187",한국,한국,오퍼스픽쳐스(유), 오인천,,,, 김승우, 김정태, 혁,,,,,,,,,,,,,,,,,,,,,,,,,,,,
197,뽀로로 극장판 컴퓨터 왕국 대모험,2015.12.10,"392,627,100",0.0%,"53,939",151,"2,024",한국,한국,(주)넥스트엔터테인먼트월드(NEW), 박영균,,,, 이선, 이미자, 함수정, 홍소영, 정미숙, 김서영, 김환진, 엄상현,,,,,,,,,,,,,,,,,,,,,,,
198,"나, 다니엘 블레이크",2016.12.8,"426,846,300",0.0%,"53,852",63,"2,384",영국,영국,(주)영화사 진진, 켄 로치,,,, 데이브 존스, 헤일리 스콰이어,,,,,,,,,,,,,,,,,,,,,,,,,,,,,
199,브루클린,2016.4.21,"412,985,600",0.0%,"51,106",40,"2,148",미국,미국,이십세기폭스코리아(주),,,,,,,,,,,,,,,,,,,,,,,,,,,,,,,,,,,
200,포레스트: 죽음의 숲,2016.3.30,"391,633,862",0.0%,"50,631",312,"4,507",미국,미국,유니버설픽쳐스인터내셔널 코리아(유), 제이슨 자다,,,, 나탈리 도머, 테일러 키니, 이오인 맥큰, 오자와 유키요시, 스테파니 보그트,,,,,,,,,,,,,,,,,,,,,,,,,,
201,마음이 외치고 싶어해,2016.3.30,"405,854,600",0.0%,"49,832",122,"3,718",일본,일본,"주식회사 온 피크,스튜디오 프로그레시브 인큐베이터", 쿠마자와 나오토,,,, 나카지마 켄토, 요시네 쿄코, 이시이 안나, 칸이치로,,,,,,,,,,,,,,,,,,,,,,,,,,,
202,바닷마을 다이어리,2015.12.17,"409,929,900",0.0%,"49,069",64,"1,643",일본,일본,(주)티캐스트, 고레에다 히로카즈,,,, 아야세 하루카, 나가사와 마사미, 카호, 히로세 스즈,,,,,,,,,,,,,,,,,,,,,,,,,,,
203,우리들,2016.6.16,"356,563,960",0.0%,"47,969",76,"3,470",한국,한국,(주)엣나인필름, 윤가은,,,, 최수인, 설혜인, 이서연, 강민준,,,,,,,,,,,,,,,,,,,,,,,,,,,
204,목숨 건 연애,2016.12.14,"361,668,800",0.0%,"47,805",393,"5,786",한국,"한국,대만,중국",오퍼스픽쳐스(유), 송민규,,,, 하지원, 천정명, 진백림,,,,,,,,,,,,,,,,,,,,,,,,,,,,
205,머니 몬스터,2016.8.31,"367,961,600",0.0%,"47,226",151,"5,014",미국,미국,유니버설픽쳐스인터내셔널 코리아(유), 조디 포스터,,,, 조지 클루니, 줄리아 로버츠, 케이트리오나 발피, 잭 오코넬,,,,,,,,,,,,,,,,,,,,,,,,,,,
206,트리플 9,2016.4.20,"365,164,300",0.0%,"47,197",329,"5,792",미국,미국,(주)리틀빅픽쳐스, 존 힐코트,,,, 치웨텔 에지오포, 케이시 애플렉, 케이트 윈슬렛, 안소니 마키, 아론 폴, 클리프톤 콜린스 주니어, 노만 리더스, 갤 가돗, 우디 해럴슨,,,,,,,,,,,,,,,,,,,,,,
207,엽문3: 최후의 대결,2016.3.10,"393,068,600",0.0%,"46,970",130,"4,300",홍콩,홍콩,(주)키다리이엔티, 엽위신,,,, 견자단, 슝다이린, 장진, 담요문, 마이크 타이슨,,,,,,,,,,,,,,,,,,,,,,,,,,
208,굿 윌 헌팅,1998.3.21,"360,845,800",0.0%,"46,847",85,"1,836",미국,미국,(주)영화사오원, 구스 반 산트,,,, 맷 데이먼,,,,,,,,,,,,,,,,,,,,,,,,,,,,,,
209,갤럭시 히어로즈: 라쳇 앤 클랭크,2016.8.17,"336,281,100",0.0%,"46,638",237,"2,267",미국,미국,(주)영화사 빅, 케빈 먼로,,,, 제임스 아놀드 테일러, 폴 지아마티, 벨라 손, 데이비드 카에, 브래드 스웨일, 이안 제임스 코렛, 존 굿맨, 로사리오 도슨, 실베스터 스탤론,,,,,,,,,,,,,,,,,,,,,,
210,하드코어 헨리,2016.5.19,"399,211,211",0.0%,"46,373",239,"3,060",미국,"미국,러시아","㈜코리아스크린,와이드 릴리즈(주)", 일리야 나이슐러,,,, 샬토 코플리, 헤일리 베넷, 팀 로스,,,,,,,,,,,,,,,,,,,,,,,,,,,,
211,블레어 위치,2016.11.23,"367,484,200",0.0%,"46,285",172,"3,608",미국,미국,㈜코리아스크린, 애덤 윈가드,,,, 칼리 헤르난데스, 제임스 앨런 맥퀸, 코빈 리드, 발로리 커리, 웨스 로빈슨, 브랜던 스콧,,,,,,,,,,,,,,,,,,,,,,,,,
212,미스 사이공 : 25주년 특별 공연,2016.11.24,"891,218,300",0.1%,"46,080",100,"1,756",미국,미국,유니버설픽쳐스인터내셔널 코리아(유), 브렛 설리반,,,, 알리스태어 브래머, 에바 노블자다, 홍광호, 존 존 브라이언스,,,,,,,,,,,,,,,,,,,,,,,,,,,
213,이웃집에 신이 산다,2015.12.24,"370,849,350",0.0%,"44,708",85,"1,982",벨기에,"벨기에,프랑스,룩셈부르크",(주)엣나인필름, 자코 반 도마엘,,,, 브누와 뽀엘부르드, 욜랜드 모로, 까뜨린느 드뇌브, 프랑소아 다미앙, 필리 그로인,,,,,,,,,,,,,,,,,,,,,,,,,,
214,플래그 더 문,2016.6.2,"327,298,000",0.0%,"44,574",244,"1,719",스페인,스페인,(주)박수엔터테인먼트, 엔리크 가토,,,, 이경태, 이지현, 다니 로비라, 미셸 제너,,,,,,,,,,,,,,,,,,,,,,,,,,,
215,냉정과 열정사이,2003.10.10,"355,616,500",0.0%,"44,347",119,"3,722",일본,일본,"하준사,월트디즈니컴퍼니코리아(주)", 나카에 이사무,,,, 다케노우치 유타카, 진혜림,,,,,,,,,,,,,,,,,,,,,,,,,,,,,
216,범죄의 여왕,2016.8.25,"343,663,400",0.0%,"43,823",270,"3,942",한국,한국,"(주)콘텐츠판다,TCO(주)더콘텐츠온", 이요섭,,,, 박지영, 조복래,,,,,,,,,,,,,,,,,,,,,,,,,,,,,
217,BIFAN2016 판타스틱 단편 걸작선 1,,"258,603,000",0.0%,"43,003",5,210,기타,기타,,,,,,,,,,,,,,,,,,,,,,,,,,,,,,,,,,,,
218,스푹스:MI5,2016.3.17,"316,642,549",0.0%,"41,416",341,"6,090",영국,영국,(주)영화사 빅, 바랫 낼러리,,,, 키트 해링턴, 피터 퍼스, 엘예스 가벨, 제니퍼 엘,,,,,,,,,,,,,,,,,,,,,,,,,,,
219,33,2016.4.7,"318,282,400",0.0%,"41,269",320,"4,299",미국,"미국,칠레",(주)나이너스엔터테인먼트,,,,,,,,,,,,,,,,,,,,,,,,,,,,,,,,,,,
220,잔예 - 살아서는 안되는 방,2016.7.7,"337,608,700",0.0%,"41,247",287,"2,984",일본,일본,(주)넥스트엔터테인먼트월드(NEW),,,,,,,,,,,,,,,,,,,,,,,,,,,,,,,,,,,
221,스누피: 더 피너츠 무비,2015.12.24,"311,917,200",0.0%,"40,862",161,"1,256",미국,미국,이십세기폭스코리아(주), 스티브 마티노,,,, 빌 멜렌데즈, 노아 스납,,,,,,,,,,,,,,,,,,,,,,,,,,,,,
222,매드 맥스: 분노의 도로,2015.5.14,"473,125,200",0.0%,"40,255",103,"2,280",미국,"미국,호주",워너브러더스 코리아(주), 조지 밀러,,,, 톰 하디, 샤를리즈 테론, 니콜라스 홀트,,,,,,,,,,,,,,,,,,,,,,,,,,,,
223,동급생,2016.5.19,"280,704,500",0.0%,"38,706",100,"2,154",일본,일본,(주)박수엔터테인먼트,,,,,,,,,,,,,,,,,,,,,,,,,,,,,,,,,,,
224,4등,2016.4.13,"286,355,700",0.0%,"38,611",213,"4,726",한국,한국,"(주)프레인글로벌,CGV아트하우스", 정지우,,,, 박해준, 이항나, 유재상, 최무성,,,,,,,,,,,,,,,,,,,,,,,,,,,
225,나의 그리스식 웨딩 2,2016.3.30,"288,215,300",0.0%,"38,305",327,"5,237",미국,미국,(주)이수C&E, 리처드 캔터,,,, 프란시스 바버, 제시 빌드너,,,,,,,,,,,,,,,,,,,,,,,,,,,,,
226,트릭,2016.7.13,"297,957,300",0.0%,"38,262",390,"5,939",한국,한국,"(주)스톰픽쳐스코리아,(주)이수C&E",,,,,,,,,,,,,,,,,,,,,,,,,,,,,,,,,,,
227,너의 이름은.,2017.1.4,"315,187,000",0.0%,"36,763",275,357,일본,일본,메가박스중앙(주)플러스엠, 신카이 마코토,,,, 카미키 류노스케, 카미시라이시 모네,,,,,,,,,,,,,,,,,,,,,,,,,,,,,
228,빌리와 용감한 녀석들: 치킨 히어로,2016.2.17,"251,011,600",0.0%,"35,937",241,"2,301",미국,"미국,멕시코","(주)박수엔터테인먼트,㈜코리아스크린", 가브리엘 리바 팔라시오 알라트리스테,,,, 이재범, 이경태, 김민정, 브루노 비치어, 안젤리카 베일, 오마르 차파로,,,,,,,,,,,,,,,,,,,,,,,,,
229,파워배틀 와치카 미니카 배틀리그: 불꽃의 질주,2016.8.17,"270,014,820",0.0%,"35,569",170,"1,774",한국,한국,(주)삼지애니메이션, 이영준,,,,,,,,,,,,,,,,,,,,,,,,,,,,,,,,,,
230,브루클린의 멋진 주말,2016.1.21,"265,336,800",0.0%,"35,388",103,"2,095",미국,미국,(주)영화사 진진, 리처드 론크레인,,,, 모건 프리먼, 다이안 키튼,,,,,,,,,,,,,,,,,,,,,,,,,,,,,
231,신은 죽지 않았다 2,2016.4.7,"251,090,600",0.0%,"34,770",96,"2,041",미국,미국,"(주)에스와이코마드,글뫼 주식회사", 해롤드 크론크,,,, 멜리사 조안 하트, 제시 멧칼피, 데이빗 A.R. 화이트, 헤일리 오랜티아,,,,,,,,,,,,,,,,,,,,,,,,,,,
232,시간을 달리는 소녀,2007.6.14,"268,232,600",0.0%,"34,338",74,"1,725",일본,일본,"(주)얼리버드픽쳐스,THE 픽쳐스,CJ ENM", 호소다 마모루,,,, 나카 리이사, 이시다 타쿠야,,,,,,,,,,,,,,,,,,,,,,,,,,,,,
233,"헤일, 시저!",2016.3.24,"271,444,300",0.0%,"34,331",253,"3,893",미국,미국,유니버설픽쳐스인터내셔널 코리아(유), 에단 코엔, 조엘 코엔,,, 조지 클루니, 조슈 브롤린, 스칼릿 조핸슨, 랄프 파인즈, 채닝 테이텀, 틸다 스윈튼, 엘든 이렌리치, 조나 힐, 프란시스 맥도맨드,,,,,,,,,,,,,,,,,,,,,,
234,무한대를 본 남자,2016.11.3,"255,953,754",0.0%,"33,314",309,"4,604",영국,영국,판씨네마(주), 맷 브라운,,,, 데브 파텔, 제레미 아이언스,,,,,,,,,,,,,,,,,,,,,,,,,,,,,
235,태양 아래,2016.4.27,"206,495,400",0.0%,"33,008",120,"2,030",체코,"체코,러시아,독일",THE 픽쳐스, 로즈 로더,,,,,,,,,,,,,,,,,,,,,,,,,,,,,,,,,,
236,인어공주 : 새로운 모험의 시작,2016.11.3,"245,976,300",0.0%,"32,592",262,"1,867",중국,중국,예지림엔터테인먼트, 아담 추,,,, 김경희, 김연우, 윤세웅, 홍진욱,,,,,,,,,,,,,,,,,,,,,,,,,,,
237,다가오는 것들,2016.9.29,"259,131,834",0.0%,"32,355",29,"1,323",프랑스,프랑스,찬란, 미아 한센-러브,,,, 이자벨 위페르, 에디뜨 스꼽,,,,,,,,,,,,,,,,,,,,,,,,,,,,,
238,대결,2016.9.22,"251,176,500",0.0%,"32,278",366,"5,409",한국,한국,"(주)스톰픽쳐스코리아,TCO(주)더콘텐츠온",,,,,,,,,,,,,,,,,,,,,,,,,,,,,,,,,,,
239,극장판 유희왕 더 다크 사이드 오브 디멘션즈,2016.6.9,"256,266,200",0.0%,"32,117",210,"1,500",일본,일본,(주)넥스트엔터테인먼트월드(NEW), 쿠와바라 사토시,,,, 엄상현, 장성호,,,,,,,,,,,,,,,,,,,,,,,,,,,,,
240,극장판 프리파라 모두 모여라! 프리즘☆투어즈,2016.10.13,"263,405,900",0.0%,"31,843",157,"1,796",한국,한국,(주)박수엔터테인먼트, 히시다 마사카즈,,,, 아케사카 사토미, 아스미 카나, 치바 스스무, 고토 사오리, 하라 사유리, 이토 카나에, 카키하라 테츠야, 카토 에미리,,,,,,,,,,,,,,,,,,,,,,,
241,그랜드파더,2016.8.31,"233,692,400",0.0%,"31,640",288,"3,933",한국,한국,"(주)인벤트스톤,(주)디스테이션", 이서,,,, 박근형, 고보결, 정진영,,,,,,,,,,,,,,,,,,,,,,,,,,,,
242,쿠보와 전설의 악기,2016.10.26,"208,824,862",0.0%,"30,525",100,"2,474",미국,미국,유니버설픽쳐스인터내셔널 코리아(유), 트래비스 나이트,,,, 샤를리즈 테론, 아트 파킨슨, 랄프 파인즈, 루니 마라, 매튜 맥커너히, 조지 타케이,,,,,,,,,,,,,,,,,,,,,,,,,
243,테일 오브 테일즈,2016.11.24,"234,357,700",0.0%,"29,922",102,"2,003",이탈리아,"이탈리아,프랑스",오드, 마테오 가로네,,,, 셀마 헤이엑, 뱅상 카셀, 스테이시 마틴, 토비 존스,,,,,,,,,,,,,,,,,,,,,,,,,,,
244,스노우타임,2016.12.15,"211,141,400",0.0%,"29,575",259,"1,378",캐나다,캐나다,(주)영화사 빅, 장-프랑소아 풀리오,,,, 이지현, 김경희, 김연우, 최정현, 이현,,,,,,,,,,,,,,,,,,,,,,,,,,
245,벤허,1972.9.7,"251,166,500",0.0%,"29,421",93,"1,562",미국,미국,(주)팝엔터테인먼트, 마크 앳킨스,,,, 에드리언 보쳇,,,,,,,,,,,,,,,,,,,,,,,,,,,,,,
246,걸즈 앤 판처 극장판,2016.8.25,"256,282,100",0.0%,"28,569",57,"1,378",일본,일본,"(주)머스트씨무비릴리징컴퍼니,주식회사 온 피크", 미즈시마 츠토무,,,, 후치가미 마이, 카야노 아이,,,,,,,,,,,,,,,,,,,,,,,,,,,,,
247,서프러제트,2016.6.23,"230,445,800",0.0%,"28,511",41,"1,016",미국,미국,유니버설픽쳐스인터내셔널 코리아(유), 사라 가브론,,,, 캐리 멀리건, 메릴 스트립, 로몰라 가레이, 헬레나 본햄 카터, 브렌단 글리슨, 벤 위쇼,,,,,,,,,,,,,,,,,,,,,,,,,
248,카페 6,2016.11.16,"196,383,500",0.0%,"28,353",126,"2,794",대만,대만,(주)라이크콘텐츠, 오자운,,,, 동자건, 안탁령, 임백굉, 오양니니,,,,,,,,,,,,,,,,,,,,,,,,,,,
249,토마스와 친구들: 용감한 기관차와 괴물소동,2016.10.13,"192,443,400",0.0%,"27,345",291,"2,205",영국,영국,와이드 릴리즈(주), 롭 실베스트리,,,, 마크 모라한, 벤 스몰,,,,,,,,,,,,,,,,,,,,,,,,,,,,,
250,인천상륙작전 : 익스텐디드 에디션(확장판),2016.9.13,"220,051,200",0.0%,"27,070",122,"1,522",한국,한국,(주)씨제이이엔엠, 이재한,,,, 이정재, 이범수, 리암 니슨, 진세연,,,,,,,,,,,,,,,,,,,,,,,,,,,
251,뉴 스텝업: 어반댄스,2016.9.22,"171,059,700",0.0%,"26,488",176,"1,524",뉴질랜드,뉴질랜드,THE 픽쳐스, 테미 데이비스,,,, 티아 마이피, 스탠 워커, 케링턴 페인,,,,,,,,,,,,,,,,,,,,,,,,,,,,
252,오페라의 유령,2004.12.8,"206,136,300",0.0%,"25,604",69,"1,103",미국,미국,"(주)팝엔터테인먼트,(주)드림팩트엔터테인먼트,CJ ENM", 조엘 슈마허,,,, 제라드 버틀러, 에미 로섬,,,,,,,,,,,,,,,,,,,,,,,,,,,,,
253,카이: 거울 호수의 전설,2016.8.17,"182,873,800",0.0%,"24,675",172,"1,555",한국,한국,메가박스중앙(주)플러스엠, 이성강,,,, 김영은, 박고운, 강진아, 박주광, 김도영, 김연아,,,,,,,,,,,,,,,,,,,,,,,,,
254,하이-라이즈,2016.3.30,"192,162,100",0.0%,"24,600",108,"2,129",영국,영국,찬란, 벤 웨틀리,,,, 톰 히들스턴, 제레미 아이언스, 시에나 밀러, 루크 에반스,,,,,,,,,,,,,,,,,,,,,,,,,,,
255,키즈모노가타리 I : 철혈편,2016.6.30,"187,425,500",0.0%,"24,536",74,"1,399",일본,일본,(주)박수엔터테인먼트, 신보 아키유키, 오이시 타츠야,,, 카미야 히로시, 사카모토 마아야, 호리에 유이, 사쿠라이 타카히로,,,,,,,,,,,,,,,,,,,,,,,,,,,
256,러브레터,1999.11.20,"197,869,900",0.0%,"24,510",150,"1,678",일본,일본,"와이드 릴리즈(주),(주)제이앤씨미디어그룹,(유)조이앤시네마,(주)팝엔터테인먼트", 이와이 슌지,,,, 나카야마 미호,,,,,,,,,,,,,,,,,,,,,,,,,,,,,,
257,나이스 가이즈,2016.7.6,"189,535,838",0.0%,"24,471",249,"3,585",미국,미국,메가박스중앙(주)플러스엠, 셰인 블랙,,,, 러셀 크로우, 라이언 고슬링,,,,,,,,,,,,,,,,,,,,,,,,,,,,,
258,에곤 쉴레: 욕망이 그린 그림,2016.12.22,"190,425,100",0.0%,"23,931",50,738,오스트리아,"오스트리아 ,룩셈부르크",(주)티캐스트, 디터 베르너,,,, 노아 자베드라, 발레리 파흐너,,,,,,,,,,,,,,,,,,,,,,,,,,,,,
259,45년 후,2016.5.5,"184,465,318",0.0%,"23,707",45,"1,174",영국,영국,판씨네마(주), 앤드류 헤이,,,, 샬롯 램플링, 톰 커트니, 돌리 웰스, 제라르딘 제임스,,,,,,,,,,,,,,,,,,,,,,,,,,,
260,하이 스피드! –프리! 스타팅 데이즈-,2016.3.24,"172,018,500",0.0%,"23,496",60,"1,389",일본,일본,(주)박수엔터테인먼트, 타케모토 야스히로,,,, 시마자키 노부나가, 스즈키 타츠히사, 토요나가 토시유키, 우치야마 코우키, 노지마 켄지,,,,,,,,,,,,,,,,,,,,,,,,,,
261,미스터 캣,2016.10.19,"181,383,750",0.0%,"23,350",241,"2,440",프랑스,"프랑스,중국",(주)리틀빅픽쳐스,,,,,,,,,,,,,,,,,,,,,,,,,,,,,,,,,,,
262,사울의 아들,2016.2.25,"186,727,643",0.0%,"23,276",50,"1,220",헝가리,헝가리,그린나래미디어(주), 라즐로 네메스,,,, 게자 뢰리히,,,,,,,,,,,,,,,,,,,,,,,,,,,,,,
263,잉글리쉬 페이션트,1997.3.15,"171,814,500",0.0%,"22,866",52,644,미국,미국,(주)영화사오원, 안소니 밍겔라,,,, 랄프 파인즈, 줄리엣 비노쉬, 윌렘 대포, 크리스틴 스콧 토마스,,,,,,,,,,,,,,,,,,,,,,,,,,,
264,글루미 선데이,2000.10.21,"181,562,900",0.0%,"22,825",128,"2,409",독일,독일,(주)팝엔터테인먼트, 롤프 슈벨,,,, 조아킴 크롤, 스테파노 디오니시, 벤 벡커, 에리카 마로잔,,,,,,,,,,,,,,,,,,,,,,,,,,,
265,피아니스트 세이모어의 뉴욕 소네트,2016.4.7,"185,082,700",0.0%,"22,734",20,958,미국,미국,(주)영화사 진진, 에단 호크,,,, 세이모어 번스타인, 에단 호크,,,,,,,,,,,,,,,,,,,,,,,,,,,,,
266,연애담,2016.11.17,"182,696,100",0.0%,"22,380",38,"1,398",한국,한국,(주)인디플러그, 이현주,,,, 이상희, 류아벨,,,,,,,,,,,,,,,,,,,,,,,,,,,,,
267,스킵트레이스: 합동수사,2016.8.31,"163,700,300",0.0%,"22,350",244,"3,021",홍콩,"홍콩,미국,중국",(주)영화사 빅, 레니 할린,,,, 성룡, 조니 녹스빌, 판빙빙,,,,,,,,,,,,,,,,,,,,,,,,,,,,
268,시크릿 인 데어 아이즈,2016.4.27,"162,031,200",0.0%,"21,692",186,"2,184",미국,미국,판씨네마(주), 빌리 레이,,,, 치웨텔 에지오포, 니콜 키드먼, 줄리아 로버츠, 딘 노리스,,,,,,,,,,,,,,,,,,,,,,,,,,,
269,히야,2016.3.10,"173,844,100",0.0%,"21,687",124,"1,444",한국,한국,(주)라이크콘텐츠,,,,,,,,,,,,,,,,,,,,,,,,,,,,,,,,,,,
270,해리포터와 죽음의 성물2,2011.7.13,"160,945,500",0.0%,"20,940",25,473,미국,미국,워너브러더스 코리아(주), 데이빗 예이츠,,,, 다니엘 래드클리프, 엠마 왓슨, 루퍼트 그린트,,,,,,,,,,,,,,,,,,,,,,,,,,,,
271,하이큐!! 승자와 패자,2016.12.28,"145,794,000",0.0%,"20,814",103,726,일본,일본,"(주)이수C&E,(주)팝엔터테인먼트", 미츠나카 스스무,,,, 무라세 아유무, 이시카와 카이토, 히노 사토시, 이리노 미유, 호소야 요시마사,,,,,,,,,,,,,,,,,,,,,,,,,,
272,인터스텔라,2014.11.6,"241,759,500",0.0%,"20,727",17,303,미국,"미국,영국",워너브러더스 코리아(주), 크리스토퍼 놀란,,,, 매튜 맥커너히, 앤 해서웨이, 마이클 케인, 제시카 차스테인,,,,,,,,,,,,,,,,,,,,,,,,,,,
273,비포 선셋,2004.10.22,"153,970,681",0.0%,"20,495",139,"1,868",미국,미국,"THE 픽쳐스,워너브러더스 코리아(주)", 리처드 링클레이터,,,, 에단 호크, 줄리 델피,,,,,,,,,,,,,,,,,,,,,,,,,,,,,
274,세기의 매치,2016.1.28,"155,570,400",0.0%,"20,448",187,"2,349",미국,미국,판씨네마(주), 에드워드 즈윅,,,, 토비 맥과이어, 리브 슈라이버, 피터 사스가드, 릴리 레이브, 소피 넬리스, 로빈 웨이거트, 마이클 스털버그,,,,,,,,,,,,,,,,,,,,,,,,
275,바그다드 카페 : 디렉터스컷,2016.7.14,"148,312,809",0.0%,"20,314",59,"1,167",독일,"독일,미국","주식회사 왓챠,(주)팝엔터테인먼트", 퍼시 애들론,,,, 마리안느 세이지브레트, CCH 파운더,,,,,,,,,,,,,,,,,,,,,,,,,,,,,
276,섬. 사라진 사람들,2016.3.3,"159,605,900",0.0%,"19,842",206,"2,450",한국,한국,(주)콘텐츠판다, 이지승,,,, 박효주, 배성우, 이현욱,,,,,,,,,,,,,,,,,,,,,,,,,,,,
277,칠드런 오브 맨,2016.9.22,"161,598,200",0.0%,"19,648",56,"1,101",영국,"영국,미국","영화사 마농(주),(주)씨네클럽봉봉미엘", 알폰소 쿠아론,,,, 클라이브 오웬, 줄리안 무어, 마이클 케인,,,,,,,,,,,,,,,,,,,,,,,,,,,,
278,립반윙클의 신부,2016.9.28,"156,603,300",0.0%,"19,412",85,"1,571",일본,일본,"TCO(주)더콘텐츠온,주식회사 더쿱", 이와이 슌지,,,, 쿠로키 하루, 아야노 고, 코코,,,,,,,,,,,,,,,,,,,,,,,,,,,,
279,커터,2016.3.30,"151,165,500",0.0%,"19,405",199,"3,093",한국,한국,(주)스톰픽쳐스코리아,,,,,,,,,,,,,,,,,,,,,,,,,,,,,,,,,,,
280,트루스,2016.8.24,"152,087,000",0.0%,"19,330",123,"2,472",미국,미국,(주)라이크콘텐츠, 제임스 밴더빌트,,,, 케이트 블란쳇, 로버트 레드포드, 토퍼 그레이스, 엘리자베스 모스,,,,,,,,,,,,,,,,,,,,,,,,,,,
281,이레셔널 맨,2016.7.21,"155,721,500",0.0%,"19,287",40,914,미국,미국,(주)프레인글로벌, 우디 앨런,,,, 호아킨 피닉스, 엠마 스톤, 파커 포시, 제이미 블랙리,,,,,,,,,,,,,,,,,,,,,,,,,,,
282,프란치스코,2016.3.10,"131,141,849",0.0%,"18,802",184,"2,121",스페인,"스페인,아르헨티나,이탈리아",스튜디오 프로그레시브 인큐베이터,,,,,,,,,,,,,,,,,,,,,,,,,,,,,,,,,,,
283,시카고,2003.3.28,"144,422,600",0.0%,"18,782",74,"1,076",미국,미국,"(주)키다리이엔티,코리아픽쳐스(주)",,,,,,,,,,,,,,,,,,,,,,,,,,,,,,,,,,,
284,다음 침공은 어디?,2016.9.8,"145,654,700",0.0%,"18,744",32,"1,061",미국,미국,판씨네마(주), 마이클 무어,,,, 마이클 무어,,,,,,,,,,,,,,,,,,,,,,,,,,,,,,
285,무간도,2003.2.21,"148,245,400",0.0%,"18,566",101,"2,282",홍콩,홍콩,"(주)디스테이션,태창엔터테인먼트(주)", 맥조휘, 유위강,,, 양조위, 유덕화,,,,,,,,,,,,,,,,,,,,,,,,,,,,,
286,환상의 빛,2016.7.7,"148,911,300",0.0%,"18,544",37,996,일본,일본,주식회사 씨네룩스, 고레에다 히로카즈,,,, 에스미 마키코, 나이토 타카시, 아사노 타다노부,,,,,,,,,,,,,,,,,,,,,,,,,,,,
287,버스 657,2016.1.14,"143,676,000",0.0%,"18,042",161,"1,785",미국,미국,(주)스톰픽쳐스코리아, 스콧 만,,,, 로버트 드 니로, 제프리 딘 모건, 데이브 바티스타, 케이트 보스워스,,,,,,,,,,,,,,,,,,,,,,,,,,,
288,비틀스: 에잇 데이즈 어 위크 – 투어링 이어즈,2016.10.19,"144,153,025",0.0%,"18,024",150,"1,841",영국,"영국,미국",메가박스중앙(주)플러스엠, 론 하워드,,,, 존 레논, 폴 매카트니, 조지 해리슨, 링고 스타,,,,,,,,,,,,,,,,,,,,,,,,,,,
289,당신자신과 당신의 것,2016.11.10,"145,562,200",0.0%,"17,884",151,"2,430",한국,한국,"(주)영화제작전원사 ,(주)콘텐츠판다", 홍상수,,,, 김주혁, 이유영, 김의성, 권해효, 유준상,,,,,,,,,,,,,,,,,,,,,,,,,,
290,"불량소녀, 너를 응원해!",2016.9.21,"140,509,000",0.0%,"17,875",128,"2,683",일본,일본,글뫼 주식회사, 도이 노부히로,,,, 아리무라 카스미,,,,,,,,,,,,,,,,,,,,,,,,,,,,,,
291,미라클 프롬 헤븐,2016.5.25,"120,155,500",0.0%,"17,665",92,"1,774",미국,미국,유니버설픽쳐스인터내셔널 코리아(유), 패트리시아 리건,,,, 제니퍼 가너, 마틴 헨더슨, 카일리 로저스,,,,,,,,,,,,,,,,,,,,,,,,,,,,
292,"조제, 호랑이 그리고 물고기들",2004.10.29,"145,313,108",0.0%,"17,611",90,"1,983",일본,일본,"(주)디스테이션,(주)프레인글로벌,(주)스폰지이엔티", 타무라 코타로,,,, 나카가와 타이시, 키요하라 카야,,,,,,,,,,,,,,,,,,,,,,,,,,,,,
293,내부자들,2015.11.19,"133,555,400",0.0%,"17,175",51,371,한국,한국,(주)쇼박스, 우민호,,,, 이병헌, 조승우, 백윤식,,,,,,,,,,,,,,,,,,,,,,,,,,,,
294,사랑하기 때문에,2017.1.4,"134,684,000",0.0%,"16,410",26,80,한국,한국,(주)넥스트엔터테인먼트월드(NEW),,,,,,,,,,,,,,,,,,,,,,,,,,,,,,,,,,,
295,리틀 폭스,2016.6.23,"119,113,500",0.0%,"16,207",150,934,중국,중국,예지림엔터테인먼트,,,,,,,,,,,,,,,,,,,,,,,,,,,,,,,,,,,
296,예전부터 계속 좋아했어 ~고백실행위원회~,2016.9.29,"120,601,500",0.0%,"16,187",77,"1,451",일본,일본,(주)디스테이션,,,,,,,,,,,,,,,,,,,,,,,,,,,,,,,,,,,
297,더 웨이브,2016.7.13,"126,516,321",0.0%,"16,108",140,"1,712",노르웨이,노르웨이,(주)팝엔터테인먼트,,,,,,,,,,,,,,,,,,,,,,,,,,,,,,,,,,,
298,"나의 위대한 친구, 세잔",2016.12.15,"117,451,500",0.0%,"15,991",49,761,프랑스,프랑스,그린나래미디어(주), 다니엘르 톰슨,,,, 기욤 갈리엔, 기욤 까네,,,,,,,,,,,,,,,,,,,,,,,,,,,,,
299,무수단,2016.3.3,"126,155,400",0.0%,"15,882",228,"2,422",한국,한국,오퍼스픽쳐스(유), 구모,,,, 이지아, 김민준,,,,,,,,,,,,,,,,,,,,,,,,,,,,,
