name,date,sales ,sales_share,boxoffice_num,num_of_screen,num_of_screenings,rep_nation,nation,distributor,director1,director2,director3,director4,director5,director6,director7,director8,director9,actor1,actor2,actor3,actor4,actor5,actor6,actor7,actor8,actor9,actor10,actor11,actor12,actor13,actor14,actor15,actor16,actor17,actor18,actor19,actor20,actor21,actor22
알라딘,2019.5.23,"106,955,138,359",5.6%,"12,552,283","1,409","266,469",미국,미국,월트디즈니컴퍼니코리아 유한책임회사, 존 머스커, 론 클레멘츠,,,,,,,, 스콧 와인거, 로빈 윌리엄스, 린다 라킨,,,,,,,,,,,,,,,,,,,
백두산,2019.12.19,"52,905,789,770",2.8%,"6,290,502","1,971","99,915",한국,한국,"(주)씨제이이엔엠,(주)덱스터스튜디오", 이해준, 김병서,,,,,,,, 이병헌, 하정우, 마동석, 전혜진, 수지,,,,,,,,,,,,,,,,,
라이온 킹,2019.7.17,"41,519,457,430",2.2%,"4,743,264","1,936","126,496",미국,미국,월트디즈니컴퍼니코리아 유한책임회사, 로저 알러스, 롭 민코프,,,,,,,, 조나단 테일러 토마스, 매튜 브로데릭, 제임스 얼 존스, 제레미 아이언스, 모이라 켈리, 니케타 캘레임,,,,,,,,,,,,,,,,
돈,2019.3.20,"28,870,244,062",1.5%,"3,389,125","1,431","120,809",한국,한국,(주)쇼박스, 박누리,,,,,,,,, 류준열, 유지태, 조우진,,,,,,,,,,,,,,,,,,,
증인,2019.2.13,"20,482,789,331",1.1%,"2,534,748","1,047","89,564",한국,한국,롯데컬처웍스(주)롯데엔터테인먼트, 페테르 바스코,,,,,,,,,,,,,,,,,,,,,,,,,,,,,,
사자,2019.7.31,"12,931,566,145",0.7%,"1,611,163","1,405","47,683",한국,한국,롯데컬처웍스(주)롯데엔터테인먼트, 김주환,,,,,,,,, 박서준, 안성기, 우도환,,,,,,,,,,,,,,,,,,,
생일,2019.4.3,"9,885,147,340",0.5%,"1,197,565",878,"71,797",한국,한국,(주)넥스트엔터테인먼트월드(NEW), 치니티스 룬드그렌,,,,,,,,,,,,,,,,,,,,,,,,,,,,,,
레드슈즈,2019.7.25,"6,103,833,190",0.3%,"817,729",717,"20,376",한국,한국,(주)넥스트엔터테인먼트월드(NEW), 안나 포드칼스카,,,,,,,,,,,,,,,,,,,,,,,,,,,,,,
장난스런 키스,2019.3.27,"3,501,463,050",0.2%,"428,009",532,"20,458",대만,대만,"오드,(주)홈초이스", 프랭키 첸,,,,,,,,, 왕대륙, 임윤,,,,,,,,,,,,,,,,,,,,
범블비,2018.12.25,"3,334,865,955",0.2%,"394,493",766,"18,199",미국,미국,롯데컬처웍스(주)롯데엔터테인먼트, 트래비스 나이트,,,,,,,,, 헤일리 스테인펠드, 존 시나,,,,,,,,,,,,,,,,,,,,
러브 유어셀프 인 서울,2019.1.26,"3,209,682,900",0.2%,"342,366",224,"4,535",한국,한국,씨제이 씨지브이(CJ CGV)(주), RM, 진, 슈가, 제이홉, 지민, 뷔, 정국,,,,,,,,,,,,,,,,,,,,,,,,
예스터데이,2019.9.18,"2,580,213,100",0.1%,"306,332",816,"23,340",미국,"미국,영국",유니버설픽쳐스인터내셔널 코리아(유), 정윤수,,,,,,,,, 김승우, 김윤진, 최민수, 김선아, 정은찬,,,,,,,,,,,,,,,,,
라스트 크리스마스,2019.12.5,"2,058,391,130",0.1%,"249,323",623,"14,580",미국,미국,유니버설픽쳐스인터내셔널 코리아(유), 폴 페이그,,,,,,,,, 에밀리아 클라크, 헨리 골딩,,,,,,,,,,,,,,,,,,,,
비스트,2019.6.26,"1,606,470,590",0.1%,"203,042",737,"12,404",한국,한국,(주)넥스트엔터테인먼트월드(NEW), 벤 제틀린,,,,,,,,, 쿠벤자네 왈리스, 드와이트 헨리, 레비 이스털리,,,,,,,,,,,,,,,,,,,
언니,2019.1.1,"1,746,373,250",0.1%,"197,134",530,"11,315",한국,한국,"(주)제이앤씨미디어그룹,TCO(주)더콘텐츠온", 김인욱,,,,,,,,, 박지혜, 권서하, 유성간, 최우정, 차윤성, 최찬영, 박성준,,,,,,,,,,,,,,,
언더독,2019.1.16,"1,494,957,830",0.1%,"195,183",612,"10,774",한국,한국,(주)넥스트엔터테인먼트월드(NEW), 오성윤, 이춘백,,,,,,,, 디오, 박소담, 박철민,,,,,,,,,,,,,,,,,,,
앵그리 버드 2: 독수리 왕국의 침공,2019.8.7,"1,437,751,073",0.1%,"188,987",512,"7,252",미국,미국,소니픽쳐스엔터테인먼트코리아주식회사극장배급지점, 서럽 밴 오먼,,,,,,,,, 제이슨 서디키스, 조시 게드, 대니 맥브라이드, 피터 딘클리지, 아콰피나,,,,,,,,,,,,,,,,,
벌새,2019.8.29,"1,172,373,574",0.1%,"144,255",145,"7,457",한국,한국,"(주)엣나인필름,(주)콘텐츠판다", 앙겔라 슈테판,,,,,,,,,,,,,,,,,,,,,,,,,,,,,,
바이스,2019.4.11,"1,158,371,984",0.1%,"136,483",241,"9,835",미국,미국,(주)콘텐츠판다, 브라이언 A 밀러,,,,,,,,, 브루스 윌리스, 토마스 제인, 엠바이어 칠더스,,,,,,,,,,,,,,,,,,,
안나,2019.8.28,"958,388,240",0.1%,"116,029",431,"7,492",프랑스,프랑스,판씨네마(주), A.L. 비자이,,,,,,,,, 조셉 비제이, 알마라 파울,,,,,,,,,,,,,,,,,,,,
로켓맨,2019.6.5,"936,108,063",0.0%,"108,586",640,"9,870",영국,"영국,미국",롯데컬처웍스(주)롯데엔터테인먼트, 니콜라스 콜라,,,,,,,,,,,,,,,,,,,,,,,,,,,,,,
아이 엠 마더,2019.4.11,"774,580,700",0.0%,"94,119",213,"8,218",미국,미국,"(주)삼백상회,(주)팬엔터테인먼트", 피에르 모렐,,,,,,,,, 제니퍼 가너,,,,,,,,,,,,,,,,,,,,,
김복동,2019.8.8,"711,947,060",0.0%,"89,011",366,"5,719",한국,한국,(주)엣나인필름, 송원근,,,,,,,,, 김복동, 한지민,,,,,,,,,,,,,,,,,,,,
로망,2019.4.3,"600,174,900",0.0%,"81,754",405,"6,636",한국,한국,(주)메리크리스마스, 홍하은,,,,,,,,,,,,,,,,,,,,,,,,,,,,,,
노팅 힐,1999.7.3,"524,009,082",0.0%,"63,272",183,"5,759",미국,"미국,영국",유니버설픽쳐스인터내셔널 코리아(유), 로저 미첼,,,,,,,,, 줄리아 로버츠, 휴 그랜트,,,,,,,,,,,,,,,,,,,,
더 룸,2019.9.25,"461,964,100",0.0%,"56,787",163,"4,078",프랑스,"프랑스,룩셈부르크,벨기에","(주)퍼스트런,(주)팬엔터테인먼트", 한석원,,,,,,,,, 한석원,,,,,,,,,,,,,,,,,,,,,
우리집,2019.8.22,"444,391,340",0.0%,"56,087",147,"4,595",한국,한국,롯데컬처웍스(주)롯데엔터테인먼트, 이인경,,,,,,,,,,,,,,,,,,,,,,,,,,,,,,
어글리 돌,2019.5.1,"382,560,870",0.0%,"52,586",353,"2,588",미국,미국,판씨네마(주), 켈리 애스버리,,,,,,,,, 켈리 클락슨, 닉 조나스, 자넬 모네, 핏불, 엠마 로버츠,,,,,,,,,,,,,,,,,
콜레트,2019.3.27,"409,586,989",0.0%,"51,246",169,"3,385",영국,"영국,미국,헝가리","(주)넥스트엔터테인먼트월드(NEW),(주)팬엔터테인먼트", 안소니 지아치노,,,,,,,,, 안소니 지아치노,,,,,,,,,,,,,,,,,,,,,
허슬러,2019.11.27,"356,771,960",0.0%,"43,809",445,"5,360",미국,미국,"(주)제이앤씨미디어그룹,TCO(주)더콘텐츠온", 로렌 스카파리아,,,,,,,,, 제니퍼 로페즈, 콘스탄스 우, 릴리 라인하트, 줄리아 스타일스, 케케 파머, 리쪼, 카디 비,,,,,,,,,,,,,,,
레플리카,2019.9.25,"324,884,230",0.0%,"40,985",360,"5,138",미국,미국,(주)제이앤씨미디어그룹, 제프리 나크마노프,,,,,,,,, 키아누 리브스, 앨리스 이브, 토머스 미들디치,,,,,,,,,,,,,,,,,,,
몬스터 파크,2019.1.23,"275,767,940",0.0%,"38,262",344,"2,756",영국,"영국,멕시코",(주)박수엔터테인먼트, 안드레스 코투리어, 토드 레스닉,,,,,,,, 릴리 콜린스, 토비 켑벨, 이안 맥쉐인,,,,,,,,,,,,,,,,,,,
안도 타다오,2019.4.25,"285,639,985",0.0%,"34,807",75,"1,834",일본,일본,(주)영화사 진진, 미즈노 시게노리,,,,,,,,, 안도 다다오,,,,,,,,,,,,,,,,,,,,,
빠삐용,2019.2.27,"275,814,950",0.0%,"34,638",191,"2,354",미국,미국,(주)드림팩트엔터테인먼트, 마이클 노어,,,,,,,,, 찰리 허냄, 라미 말렉,,,,,,,,,,,,,,,,,,,,
빅 위시,2019.10.30,"251,990,300",0.0%,"32,684",336,"1,886",멕시코,멕시코,(주)박수엔터테인먼트, 카를로스 구티에레스 메드라노,,,,,,,,,,,,,,,,,,,,,,,,,,,,,,
마녀배달부 키키,2007.11.22,"269,749,604",0.0%,"32,410",180,"1,962",일본,일본,"(주)스마일이엔티,(주)키다리이엔티,대원미디어(주)", 미야자키 하야오,,,,,,,,, 타카야마 미나미, 사쿠마 레이,,,,,,,,,,,,,,,,,,,,
북클럽,2019.6.20,"220,647,690",0.0%,"30,063",73,"1,592",미국,미국,(주)영화사 진진, 빌 홀더먼,,,,,,,,, 다이안 키튼, 제인 폰다, 메리 스틴버겐, 캔디스 버겐,,,,,,,,,,,,,,,,,,
캐리tv 러브콘서트 더 무비,2019.8.7,"230,599,700",0.0%,"29,277",155,"1,538",한국,한국,롯데컬처웍스(주)롯데엔터테인먼트,,,,,,,,,,,,,,,,,,,,,,,,,,,,,,,
"다시, 봄",2019.4.17,"233,916,700",0.0%,"29,048",360,"4,844",한국,한국,(주)스마일이엔티, 한종태,,,,,,,,,,,,,,,,,,,,,,,,,,,,,,
플레이모빌: 더 무비,2019.9.11,"225,898,260",0.0%,"28,850",295,"1,851",캐나다,캐나다,(주)올스타엔터테인먼트, 리노 디살보,,,,,,,,, 다니엘 래드클리프, 안야 테일러 조이, 아담 램버트, 짐 개피건,,,,,,,,,,,,,,,,,,
콜드 워,2019.2.7,"229,481,373",0.0%,"27,739",65,"1,587",폴란드,폴란드,아이 엠,,,,,,,,,,,,,,,,,,,,,,,,,,,,,,,
세계는 오늘부터 너의 것,,"139,300,020",0.0%,"25,996",9,156,일본,일본,제인앤유,,,,,,,,,,,,,,,,,,,,,,,,,,,,,,,
BIFAN2019 판타스틱 단편 걸작선 1,,"150,000,000",0.0%,"25,000",5,125,한국,한국,, 노영미, 강소연, 김태진, 이민섭, 이광재,,,,,,,,,,,,,,,,,,,,,,,,,,
마녀: 소녀의 비밀,2019.7.24,"68,921,160",0.0%,"22,835",4,99,독일,독일,제인앤유, 에스더 비알라스,,,,,,,,,,,,,,,,,,,,,,,,,,,,,,
이스케이프 게임,2019.10.11,"66,331,020",0.0%,"22,451",3,98,독일,독일,제인앤유, 보그다나 베라 로렌츠,,,,,,,,, 앨리스 드바이어,,,,,,,,,,,,,,,,,,,,,
사이코패스,2019.9.18,"62,031,400",0.0%,"21,603",3,94,미국,미국,제인앤유, 미키 키팅,,,,,,,,, 애슐리 벨,,,,,,,,,,,,,,,,,,,,,
로마,2018.12.12,"179,400,636",0.0%,"21,589",20,906,멕시코,멕시코,판씨네마(주), 페데리코 펠리니,,,,,,,,, Fiona Florence,,,,,,,,,,,,,,,,,,,,,
매트릭스,1999.5.15,"185,041,000",0.0%,"20,722",26,"1,044",미국,미국,"영화사 마농(주),(주)씨네클럽봉봉미엘", 라나 워쇼스키,,,,,,,,, 키아누 리브스, 캐리 앤 모스,,,,,,,,,,,,,,,,,,,,
리노,2019.3.7,"155,296,020",0.0%,"20,699",322,"1,524",브라질,브라질,(주)스톰픽쳐스코리아, 라파엘 리바스,,,,,,,,, 조연우, 오은수, 방지원, 신정훈, 허성재, 박상우, 루이스 카를로스 데 모라이스, 디라 파에스, 셀튼 멜로,,,,,,,,,,,,,
물의 기억,2019.5.15,"114,776,080",0.0%,"20,010",108,"1,510",한국,한국,롯데컬처웍스(주)롯데엔터테인먼트, 장수영,,,,,,,,,,,,,,,,,,,,,,,,,,,,,,
레토,2019.1.3,"167,909,772",0.0%,"19,427",112,"2,007",러시아,"러시아,프랑스","(주)엣나인필름,플레이리스트(주)", 키릴 세레브렌니코프,,,,,,,,, 유태오, 로만 빌릭, 이리나 스타르셴바움,,,,,,,,,,,,,,,,,,,
데드 트리거,2018.12.14,"107,789,450",0.0%,"19,320",5,91,미국,미국,제인앤유, 스콧 윈드하우저,,,,,,,,, 돌프 룬드그렌,,,,,,,,,,,,,,,,,,,,,
경계선,2019.10.24,"148,261,880",0.0%,"17,714",56,"1,306",스웨덴,"스웨덴,덴마크",(주)제이앤씨미디어그룹, 아사프 마츠니스,,,,,,,,,,,,,,,,,,,,,,,,,,,,,,
빌리어네어 보이즈클럽,2019.1.10,"153,912,800",0.0%,"17,413",166,"2,108",미국,미국,"(주)키다리이엔티,플레이리스트(주)", 제임스 콕스,,,,,,,,, 안셀 엘고트, 태런 에저튼,,,,,,,,,,,,,,,,,,,,
호크니,2019.8.8,"138,404,352",0.0%,"16,941",44,901,영국,영국,"그린나래미디어(주),(주)키다리이엔티", 랜달 라이트,,,,,,,,, 데이비드 호크니,,,,,,,,,,,,,,,,,,,,,
조,2019.7.11,"136,756,096",0.0%,"16,778",69,"1,267",미국,미국,(주)팝엔터테인먼트, 데이빗 고든 그린,,,,,,,,, 니콜라스 케이지, 타이 쉐리던,,,,,,,,,,,,,,,,,,,,
아이스,2019.2.7,"132,095,780",0.0%,"16,695",110,"1,057",러시아,러시아,(주)마노엔터테인먼트, 안토니 타르시타노,,,,,,,,, 케빈 코리건,,,,,,,,,,,,,,,,,,,,,
김군,2019.5.23,"122,761,590",0.0%,"16,605",73,"1,441",한국,한국,영화사 풀, 강상우,,,,,,,,, 김군, 지만원,,,,,,,,,,,,,,,,,,,,
와일드 로즈,2019.10.17,"123,934,040",0.0%,"16,415",152,"2,058",영국,영국,판씨네마(주), 톰 하퍼,,,,,,,,, 제시 버클리, 줄리 월터스,,,,,,,,,,,,,,,,,,,,
돈 워리,2019.7.25,"120,915,854",0.0%,"15,566",55,960,미국,미국,"그린나래미디어(주),(주)다날엔터테인먼트", 후안 비셍트 만리쿠에,,,,,,,,,,,,,,,,,,,,,,,,,,,,,,
삽질,2019.11.14,"121,341,530",0.0%,"15,276",171,"2,034",한국,한국,(주)엣나인필름, 김병기,,,,,,,,, 이명박, 김종술, 김병기,,,,,,,,,,,,,,,,,,,
해치지않아,2020.1.15,"128,233,000",0.0%,"15,037",79,82,한국,한국,(주)에이스메이커무비웍스, 손재곤,,,,,,,,, 안재홍, 강소라, 박영규, 김성오, 전여빈, 박혁권,,,,,,,,,,,,,,,,
모리스,2019.11.7,"124,682,523",0.0%,"15,009",50,"1,015",영국,영국,알토미디어(주), 니나 코티얀츠,,,,,,,,,,,,,,,,,,,,,,,,,,,,,,
카센타,2019.11.27,"111,472,000",0.0%,"14,659",138,"1,544",한국,한국,(주)트리플픽쳐스, 하윤재,,,,,,,,, 박용우, 조은지,,,,,,,,,,,,,,,,,,,,
킹 오브 프리즘 –샤이니 세븐 스타즈- IV 루이x신x언노운,2019.5.30,"121,225,370",0.0%,"14,502",30,584,일본,일본,동우에이앤이(주),,,,,,,,,,,,,,,,,,,,,,,,,,,,,,,
버티고,2019.10.16,"121,628,340",0.0%,"14,353",298,"3,375",한국,한국,(주)트리플픽쳐스, 정지혜,,,,,,,,,,,,,,,,,,,,,,,,,,,,,,
별의 정원,2019.7.4,"97,276,300",0.0%,"14,286",210,"1,112",한국,한국,예지림엔터테인먼트,,,,,,,,,,,,,,,,,,,,,,,,,,,,,,,
코코,2018.1.11,"27,685,479,440",1.5%,"3,510,017","1,177","85,925",미국,미국,월트디즈니컴퍼니코리아 유한책임회사, 리 언크리치,,,,,,,,, 안소니 곤잘레스, 가엘 가르시아 베르날, 벤자민 브랫,,,,,,,,,,,,,,,,,,,
서치,2018.8.29,"25,283,364,845",1.4%,"2,949,944","1,097","95,758",미국,미국,소니픽쳐스엔터테인먼트코리아주식회사극장배급지점, 마리아 본 헬란드,,,,,,,,, 아만다 움스, 미카엘 페르스브란트, 리아 보이슨,,,,,,,,,,,,,,,,,,,
너의 결혼식,2018.8.22,"23,676,244,369",1.3%,"2,820,969",970,"98,193",한국,한국,메가박스중앙(주)플러스엠, 손지윤,,,,,,,,,,,,,,,,,,,,,,,,,,,,,,
곤지암,2018.3.28,"21,442,194,144",1.2%,"2,675,575","1,124","88,477",한국,한국,(주)쇼박스, 정범식,,,,,,,,, 위하준, 박지현, 오아연, 문예원, 박성훈, 이승욱, 유제윤,,,,,,,,,,,,,,,
레디 플레이어 원,2018.3.28,"19,933,108,071",1.1%,"2,254,430","1,079","77,173",미국,미국,워너브러더스 코리아(주), 스티븐 스필버그,,,,,,,,, 마크 라이런스, 사이먼 페그, 올리비아 쿡, 타이 쉐리던, 벤 멘델슨, T.J. 밀러,,,,,,,,,,,,,,,,
도어락,2018.12.5,"12,792,097,886",0.7%,"1,559,616",954,"53,732",한국,한국,메가박스중앙(주)플러스엠, 이권,,,,,,,,, 공효진, 김예원, 김성오,,,,,,,,,,,,,,,,,,,
궁합,2018.2.28,"10,478,875,438",0.6%,"1,340,117",966,"52,427",한국,한국,(주)씨제이이엔엠, 홍창표,,,,,,,,, 심은경, 이승기,,,,,,,,,,,,,,,,,,,,
범블비,2018.12.25,"9,756,083,752",0.5%,"1,167,150","1,016","26,260",미국,미국,롯데컬처웍스(주)롯데엔터테인먼트, 트래비스 나이트,,,,,,,,, 헤일리 스테인펠드, 존 시나,,,,,,,,,,,,,,,,,,,,
챔피언,2018.5.1,"9,471,138,230",0.5%,"1,128,774",874,"47,320",한국,한국,워너브러더스 코리아(주), 김용완,,,,,,,,, 마동석, 권율, 한예리,,,,,,,,,,,,,,,,,,,
상류사회,2018.8.29,"6,313,416,163",0.3%,"768,442",867,"41,725",한국,한국,롯데컬처웍스(주)롯데엔터테인먼트, 변혁,,,,,,,,, 박해일, 수애,,,,,,,,,,,,,,,,,,,,
피터 래빗,2018.5.16,"3,006,258,100",0.2%,"388,300",599,"12,522",미국,"미국,영국,호주",소니픽쳐스엔터테인먼트코리아주식회사극장배급지점, 윌 글럭,,,,,,,,, 제임스 코든, 도널 글리슨, 로즈 번, 샘 닐,,,,,,,,,,,,,,,,,,
번 더 스테이지: 더 무비,2018.11.15,"2,671,391,900",0.1%,"315,010",243,"4,714",한국,한국,월트디즈니컴퍼니코리아 유한책임회사,,,,,,,,,,,,,,,,,,,,,,,,,,,,,,,
커뮤터,2018.1.24,"2,286,690,955",0.1%,"286,062",575,"16,145",영국,"영국,미국",메가박스중앙(주)플러스엠, 마이클 패터슨,,,,,,,,,,,,,,,,,,,,,,,,,,,,,,
후드,2018.11.28,"2,203,434,149",0.1%,"284,601",628,"14,338",미국,미국,(주)이수C&E, 진슈,,,,,,,,,,,,,,,,,,,,,,,,,,,,,,
바울,2018.10.31,"2,100,137,400",0.1%,"267,785",227,"8,455",미국,미국,(재)CBS, 앤드류 하얏트,,,,,,,,, 제임스 폴크너, 제임스 카비젤,,,,,,,,,,,,,,,,,,,,
치즈인더트랩,2018.3.14,"1,890,873,700",0.1%,"229,005",364,"14,710",한국,한국,(주)리틀빅픽쳐스, 김제영,,,,,,,,, 박해진, 오연서, 박기웅, 유인영,,,,,,,,,,,,,,,,,,
나미야 잡화점의 기적,2018.2.28,"1,456,136,885",0.1%,"191,988",532,"10,240",일본,일본,(주)이수C&E, 한 지에,,,,,,,,, 왕준개, 동자건, 디리러바,,,,,,,,,,,,,,,,,,,
업그레이드,2018.9.6,"1,743,757,800",0.1%,"190,387",220,"11,549",미국,미국,유니버설픽쳐스인터내셔널 코리아(유), 리 워넬,,,,,,,,, 로건 마샬 그린,,,,,,,,,,,,,,,,,,,,,
극장판 도라에몽: 진구의 보물섬,2018.8.15,"1,375,508,400",0.1%,"183,220",463,"5,488",일본,일본,(주)이수C&E, 이마이 카즈아키,,,,,,,,, 윤아영, 김정아, 조현정, 최낙윤, 이현주, 미즈타 와사비, 오오하라 메구미, 카카즈 유미, 키무라 스바루, 세키 토모카즈,,,,,,,,,,,,
당갈,2018.4.25,"906,597,500",0.0%,"109,465",260,"5,700",인도,인도,(주)넥스트엔터테인먼트월드(NEW), 니테쉬 티와리,,,,,,,,, 아미르 칸, 파티마 사나 셰이크, 산야 말호트라,,,,,,,,,,,,,,,,,,,
할로윈,2018.10.31,"891,158,713",0.0%,"108,780",536,"9,836",미국,미국,유니버설픽쳐스인터내셔널 코리아(유), 존 카펜터,,,,,,,,, 도널드 플레젠스, 제이미 리 커티스,,,,,,,,,,,,,,,,,,,,
게이트,2018.2.28,"821,271,100",0.0%,"101,381",208,"5,474",한국,한국,(주)제이앤씨미디어그룹, 신재호,,,,,,,,, 정려원, 임창정, 정상훈, 이경영, 이문식, 김도훈,,,,,,,,,,,,,,,,
미니특공대X,2018.3.22,"746,262,200",0.0%,"100,164",458,"5,452",한국,한국,(주)삼지애니메이션, 이영준,,,,,,,,, 엄상현, 전태열, 이소영, 신용우,,,,,,,,,,,,,,,,,,
커다랗고 커다랗고 커다란 배,2018.5.3,"747,704,900",0.0%,"95,459",350,"3,440",덴마크,덴마크,예지림엔터테인먼트,,,,,,,,,,,,,,,,,,,,,,,,,,,,,,,
루이스,2018.9.20,"729,147,750",0.0%,"93,000",325,"3,547",독일,독일,(주)스마일이엔티, 판타비우스 프리츠,,,,,,,,, 스티븐 복서, 마이클 펄라노,,,,,,,,,,,,,,,,,,,,
출국,2018.11.14,"640,943,850",0.0%,"81,880",274,"4,628",한국,한국,, 노규엽,,,,,,,,, 이범수,,,,,,,,,,,,,,,,,,,,,
레오나르도 다 빈치,2018.4.26,"511,192,200",0.0%,"64,655",207,"2,621",이탈리아,이탈리아,(주)스마일이엔티, 세르지오 맨피오,,,,,,,,, 김명준,,,,,,,,,,,,,,,,,,,,,
매직빈,2018.5.3,"436,382,700",0.0%,"57,004",534,"3,292",중국,중국,(주)영화사 빅, 조이 주,,,,,,,,, 황창영, 민아, 장병관,,,,,,,,,,,,,,,,,,,
데자뷰,2018.5.30,"360,833,100",0.0%,"48,279",536,"8,117",한국,한국,(주)키다리이엔티, 고경민,,,,,,,,, 이천희, 남규리, 이규한,,,,,,,,,,,,,,,,,,,
에그엔젤 코코밍: 두근두근 핼러윈 파티,2018.9.22,"367,076,000",0.0%,"46,386",179,"1,800",일본,일본,(주)엠제이픽쳐스, 닛타 노리오,,,,,,,,,,,,,,,,,,,,,,,,,,,,,,
타샤 튜더,2018.9.13,"364,604,850",0.0%,"46,032",38,"2,080",일본,일본,(주)마노엔터테인먼트, 마츠타니 미츠에,,,,,,,,, 타샤 튜더,,,,,,,,,,,,,,,,,,,,,
플로이,2018.8.15,"334,782,300",0.0%,"44,907",242,"1,790",아이슬란드,"아이슬란드,벨기에",(주)스마일이엔티, 프라팟 지와랑산,,,,,,,,,,,,,,,,,,,,,,,,,,,,,,
다이노 어드벤처2: 육해공 공룡 대백과,2018.10.9,"335,469,900",0.0%,"43,627",322,"2,512",영국,영국,(주)박수엔터테인먼트, 마이크 데블린,,,,,,,,,,,,,,,,,,,,,,,,,,,,,,
배반의 장미,2018.10.18,"332,232,550",0.0%,"41,054",457,"6,927",한국,한국,롯데컬처웍스(주)롯데엔터테인먼트, 박진영,,,,,,,,, 김인권, 정상훈, 손담비, 김성철,,,,,,,,,,,,,,,,,,
패터슨,2017.12.21,"315,354,908",0.0%,"37,781",43,"1,942",프랑스,"프랑스,독일,미국",그린나래미디어(주), 짐 자무쉬,,,,,,,,, 아담 드라이버, 골쉬프테 파라하니,,,,,,,,,,,,,,,,,,,,
반딧불이 딘딘,2018.2.22,"259,938,900",0.0%,"36,744",303,"2,509",중국,중국,(주)박수엔터테인먼트, 등위봉,,,,,,,,,,,,,,,,,,,,,,,,,,,,,,
스파키,2018.4.12,"257,040,200",0.0%,"35,436",312,"1,949",한국,한국,예지림엔터테인먼트, 아론 우들리,,,,,,,,, 제이스 노먼, 제시카 비엘, 수잔 서랜든, 패트릭 스튜어트, 힐러리 스웽크,,,,,,,,,,,,,,,,,
에브리데이,2018.10.11,"270,271,700",0.0%,"30,569",128,"3,091",미국,미국,"그린나래미디어(주),(주)홈초이스", 마이클 윈터바텀,,,,,,,,, 존 심, 셜리 헨더슨,,,,,,,,,,,,,,,,,,,,
지구: 놀라운 하루,2018.2.22,"229,998,100",0.0%,"30,200",231,"2,099",영국,영국,(주)리틀빅픽쳐스, 피터 웨버, 리처드 데일, 리신 판,,,,,,, 이제훈, 로버트 레드포드, 성룡,,,,,,,,,,,,,,,,,,,
달링,2018.4.12,"223,218,500",0.0%,"28,217",147,"3,204",영국,영국,(주)팝엔터테인먼트, 앤디 서키스,,,,,,,,, 앤드류 가필드, 클레어 포이,,,,,,,,,,,,,,,,,,,,
투 프렌즈,2018.11.29,"199,496,700",0.0%,"28,082",273,"1,399",러시아,러시아,(주)박수엔터테인먼트, 프라순 샤터지,,,,,,,,,,,,,,,,,,,,,,,,,,,,,,
해피 투게더,2018.11.15,"204,452,450",0.0%,"27,046",240,"2,322",한국,한국,플레이리스트(주), 왕가위,,,,,,,,, 장국영, 양조위, 장첸,,,,,,,,,,,,,,,,,,,
중2병이라도 사랑이 하고 싶어! 테이크 온 미,2018.5.10,"232,190,200",0.0%,"26,577",113,"2,168",일본,일본,와이드 릴리즈(주),,,,,,,,,,,,,,,,,,,,,,,,,,,,,,,
쿵푸몽키,2018.1.25,"182,202,400",0.0%,"25,577",194,"1,356",중국,중국,(주)박수엔터테인먼트, 폴 왕,,,,,,,,,,,,,,,,,,,,,,,,,,,,,,
영주,2018.11.22,"191,696,250",0.0%,"24,676",106,"2,707",한국,한국,CGV아트하우스, 차성덕,,,,,,,,, 김향기, 김호정, 유재명, 탕준상,,,,,,,,,,,,,,,,,,
디트로이트,2018.5.31,"195,105,700",0.0%,"22,841",108,"1,936",미국,미국,그린나래미디어(주), 캐서린 비글로우,,,,,,,,, 존 보예가, 안소니 마키, 윌 폴터, 알지 스미스, 제이콥 라티모어,,,,,,,,,,,,,,,,,
윌리,2018.10.25,"178,555,800",0.0%,"22,716",162,"1,137",말레이시아,말레이시아,㈜코리아스크린, 칼 멘데즈, 유스리 압드 하림,,,,,,,, 허성재, 조연우, 방지원, 송영인, 신정훈, 박상우,,,,,,,,,,,,,,,,
휘트니,2018.8.23,"176,021,027",0.0%,"22,092",80,"1,457",미국,미국,판씨네마(주), 캐빈 맥도널드,,,,,,,,, 휘트니 휴스턴,,,,,,,,,,,,,,,,,,,,,
로마,2018.12.12,"173,245,000",0.0%,"21,401",32,728,멕시코,멕시코,판씨네마(주), 페데리코 펠리니,,,,,,,,, Fiona Florence,,,,,,,,,,,,,,,,,,,,,
극장판 프리파라 모두의 동경♪ 렛츠고☆프리파리,2017.12.28,"151,922,400",0.0%,"20,089",166,"1,421",일본,일본,(주)박수엔터테인먼트, 모리와키 마코토,,,,,,,,,,,,,,,,,,,,,,,,,,,,,,
러빙 빈센트 : 비하인드 에디션,2018.12.13,"171,441,500",0.0%,"19,886",97,"1,417",영국,영국,(주)이수C&E,,,,,,,,,,,,,,,,,,,,,,,,,,,,,,,
픽시,2018.8.23,"139,428,100",0.0%,"19,508",268,"1,496",러시아,러시아,(주)팝엔터테인먼트, 바너비 톰슨,,,,,,,,, 올리비아 쿡, 벤 하디, 알렉 볼드윈,,,,,,,,,,,,,,,,,,,
트와이스랜드,2018.12.7,"153,765,000",0.0%,"18,252",53,572,한국,한국,씨제이 씨지브이(CJ CGV)(주), 나연, 정연, 모모, 사나, 지효, 미나, 다현, 채영, 쯔위,,,,,,,,,,,,,,,,,,,,,,
임을 위한 행진곡,2018.5.16,"139,985,700",0.0%,"18,023",160,"1,563",한국,한국,(주)알앤오엔터테인먼트, 박기복,,,,,,,,, 김꽃비, 김부선, 전수현, 김채희,,,,,,,,,,,,,,,,,,
아인,2018.2.28,"135,549,900",0.0%,"17,287",160,"1,684",일본,일본,판씨네마(주), 모토히로 카츠유키,,,,,,,,, 사토 타케루, 아야노 고,,,,,,,,,,,,,,,,,,,,
드래곤 프린세스,2018.7.5,"107,274,200",0.0%,"17,065",215,"1,000",러시아,러시아,(주)박수엔터테인먼트, 알트욤 루키체프,,,,,,,,,,,,,,,,,,,,,,,,,,,,,,
더 스퀘어,2018.8.2,"137,702,400",0.0%,"16,764",43,841,스웨덴,"스웨덴,독일,프랑스,덴마크",아이 엠, 루벤 외스틀룬드,,,,,,,,, 클라에스 방,,,,,,,,,,,,,,,,,,,,,
빅 식,2018.7.18,"121,476,400",0.0%,"15,042",136,"1,509",미국,미국,(주)리틀빅픽쳐스,,,,,,,,,,,,,,,,,,,,,,,,,,,,,,,
더 킹,2017.1.18,"43,488,814,535",2.5%,"5,317,693","1,310","107,983",한국,한국,(주)넥스트엔터테인먼트월드(NEW), 한재림,,,,,,,,, 조인성, 정우성, 배성우, 김아중, 류준열,,,,,,,,,,,,,,,,,
미녀와 야수,2017.3.16,"42,133,751,579",2.4%,"5,138,328","1,627","140,561",미국,미국,월트디즈니컴퍼니코리아 유한책임회사, 빌 콘돈,,,,,,,,, 엠마 왓슨, 댄 스티븐스, 루크 에반스,,,,,,,,,,,,,,,,,,,
보안관,2017.5.3,"20,844,488,409",1.2%,"2,588,628","1,091","63,709",한국,한국,롯데쇼핑㈜롯데엔터테인먼트, 젠 웩슬러,,,,,,,,,,,,,,,,,,,,,,,,,,,,,,
모아나,2017.1.12,"18,056,417,307",1.0%,"2,310,206",953,"53,162",미국,미국,월트디즈니컴퍼니코리아 유한책임회사, 론 클레멘츠, 존 머스커,,,,,,,, 아우이 크라발호, 드웨인 존슨, 레이첼 하우스, 테무에라 모리슨, 저메인 클레멘트, 니콜 셰르징거, 알란 터딕,,,,,,,,,,,,,,,
원더 우먼,2017.5.31,"17,468,588,886",1.0%,"2,165,401","1,034","57,818",미국,미국,워너브러더스 코리아(주), 크리스티 게바라-플래내건,,,,,,,,, 린다 카터, 제인 엡펜슨, 캐슬린 한나,,,,,,,,,,,,,,,,,,,
하루,2017.6.15,"9,072,737,842",0.5%,"1,129,609",781,"45,808",한국,한국,CGV아트하우스, 조선호,,,,,,,,, 김명민, 변요한, 유재명,,,,,,,,,,,,,,,,,,,
트롤,2017.2.16,"5,011,161,500",0.3%,"675,966",622,"18,387",미국,미국,(주)씨제이이엔엠, 론 올리버,,,,,,,,, 로렌조 라마스, 레아 케언스, 시리 바룩, 소냐 살로마, 모니카 드레인,,,,,,,,,,,,,,,,,
트리플 엑스 리턴즈,2017.2.8,"3,967,335,095",0.2%,"475,309",590,"20,692",미국,미국,롯데쇼핑㈜롯데엔터테인먼트, D.J. 카루소,,,,,,,,, 빈 디젤, 사무엘 L. 잭슨, 루비 로즈, 니나 도브레브,,,,,,,,,,,,,,,,,,
라이프,2017.4.5,"3,791,748,210",0.2%,"459,984",647,"27,762",미국,미국,소니픽쳐스엔터테인먼트코리아주식회사극장배급지점, 다니엘 에스피노사,,,,,,,,, 제이크 질렌할, 레베카 퍼거슨, 라이언 레이놀즈,,,,,,,,,,,,,,,,,,,
보통사람,2017.3.23,"2,956,397,623",0.2%,"383,336",621,"19,928",한국,한국,오퍼스픽쳐스(유), 국도원,,,,,,,,,,,,,,,,,,,,,,,,,,,,,,
어쌔신 크리드,2017.1.11,"2,899,784,921",0.2%,"355,913",566,"16,218",미국,"미국,영국,프랑스",이십세기폭스코리아(주), 저스틴 커젤,,,,,,,,, 마이클 패스벤더, 마리옹 꼬띠아르, 제레미 아이언스, 아리안 라베드, 브렌단 글리슨, 마이클 K. 윌리엄즈,,,,,,,,,,,,,,,,
사랑하기 때문에,2017.1.4,"2,538,805,440",0.1%,"324,526",542,"15,214",한국,한국,(주)넥스트엔터테인먼트월드(NEW), 주지홍,,,,,,,,, 차태현, 김유정, 서현진, 임주환,,,,,,,,,,,,,,,,,,
빅풋 주니어,2017.8.9,"2,260,352,900",0.1%,"320,545",437,"8,128",벨기에,"벨기에,프랑스",(주)이수C&E, 벤 스타센, 제레미 데그루손,,,,,,,,,,,,,,,,,,,,,,,,,,,,,
판도라,2016.12.7,"2,111,772,900",0.1%,"270,936",576,"9,512",한국,한국,(주)넥스트엔터테인먼트월드(NEW), 박정우,,,,,,,,, 김남길, 김주현, 정진영, 김영애, 문정희, 김대명,,,,,,,,,,,,,,,,
어느날,2017.4.5,"1,846,581,582",0.1%,"234,829",532,"17,748",한국,한국,"오퍼스픽쳐스(유),CGV아트하우스", 이윤기,,,,,,,,, 김남길, 천우희,,,,,,,,,,,,,,,,,,,,
딥,2017.10.3,"1,772,272,000",0.1%,"230,068",441,"6,243",스페인,스페인,(주)이수C&E, 조성규,,,,,,,,, 최여진, 정채율, 류승수, 서리나,,,,,,,,,,,,,,,,,,
발레리나,2017.2.9,"1,519,845,400",0.1%,"202,916",434,"5,997",프랑스,"프랑스,캐나다",판씨네마(주), 에릭 섬머, 에릭 와린,,,,,,,, 엘르 패닝, 데인 드한, 매디 지글러, 칼리 레이 젭슨,,,,,,,,,,,,,,,,,,
문라이트,2017.2.22,"1,408,700,595",0.1%,"178,141",191,"8,215",미국,미국,CGV아트하우스, 배리 젠킨스,,,,,,,,, 알렉스 R. 히버트, 에쉬튼 샌더스, 트래반트 로즈,,,,,,,,,,,,,,,,,,,
채비,2017.11.9,"1,260,467,864",0.1%,"177,428",480,"9,981",한국,한국,오퍼스픽쳐스(유), 조영준,,,,,,,,, 고두심, 김성균,,,,,,,,,,,,,,,,,,,,
레고 닌자고 무비,2017.9.28,"1,149,394,400",0.1%,"154,966",459,"4,751",미국,미국,워너브러더스 코리아(주), 찰리 빈,,,,,,,,, 데이브 프랭코, 올리비아 문, 저스틴 서룩스, 성룡, 마이클 페나,,,,,,,,,,,,,,,,,
눈길,2017.3.1,"975,750,100",0.1%,"130,440",495,"9,899",한국,한국,"(주)엣나인필름,CGV아트하우스", 이나정,,,,,,,,, 김영옥, 김향기, 김새론, 조수향,,,,,,,,,,,,,,,,,,
라이언,2017.2.1,"779,680,700",0.0%,"104,439",205,"6,325",호주,"호주,영국,미국",(주)이수C&E, 가스 데이비스,,,,,,,,, 써니 파와르, 데브 파텔, 니콜 키드먼, 데이비드 웬햄, 루니 마라,,,,,,,,,,,,,,,,,
더 테이블,2017.8.24,"830,762,100",0.0%,"103,054",272,"6,158",한국,한국,(주)엣나인필름, 김종관,,,,,,,,, 정유미, 한예리, 정은채, 임수정,,,,,,,,,,,,,,,,,,
루시드 드림,2017.2.22,"759,481,000",0.0%,"102,170",461,"8,534",한국,한국,(주)넥스트엔터테인먼트월드(NEW), 테디 로빈 콴,,,,,,,,, 진정, 정가영, 장지총,,,,,,,,,,,,,,,,,,,
김광석,2017.8.30,"772,483,500",0.0%,"98,231",223,"6,265",한국,한국,(주)무빙픽쳐스컴퍼니, 이상호,,,,,,,,, 김광석, 이상호, 박학기, 한동준,,,,,,,,,,,,,,,,,,
노 게임 노 라이프 -제로-,2017.10.19,"738,618,300",0.0%,"90,643",121,"3,347",일본,일본,(주)박수엔터테인먼트,,,,,,,,,,,,,,,,,,,,,,,,,,,,,,,
오두막,2017.4.20,"588,750,200",0.0%,"76,646",396,"5,681",미국,미국,판씨네마(주), 스튜어트 하젤딘,,,,,,,,, 샘 워싱턴, 옥타비아 스펜서, 라다 미첼,,,,,,,,,,,,,,,,,,,
더 서클,2017.6.22,"578,129,700",0.0%,"71,362",169,"5,571",미국,미국,(주)키다리이엔티, 타라 아타샤하,,,,,,,,,,,,,,,,,,,,,,,,,,,,,,
래빗 스쿨,2017.11.23,"401,768,900",0.0%,"55,784",314,"2,277",독일,독일,예지림엔터테인먼트, 우테 폰 뮌쇼폴,,,,,,,,, 황창영, 민아, 최정현, 임채헌, 박상훈,,,,,,,,,,,,,,,,,
언더더씨,2017.6.22,"382,413,600",0.0%,"49,958",163,"1,889",미국,미국,(주)팝엔터테인먼트, 니키타 오진스키,,,,,,,,, 니키타 오진스키,,,,,,,,,,,,,,,,,,,,,
댄서,2017.4.13,"365,555,049",0.0%,"45,265",43,"2,156",영국,"영국,러시아,우크라이나,미국",(주)엣나인필름, 스티븐 캔터,,,,,,,,, 세르게이 폴루닌,,,,,,,,,,,,,,,,,,,,,
레이디버그,2017.2.22,"310,291,500",0.0%,"41,041",172,"2,158",한국,"한국,프랑스,일본",(주)삼지애니메이션, 토마스 아스트뤽,,,,,,,,, 여민정, 남도형, 홍시호,,,,,,,,,,,,,,,,,,,
산상수훈,2017.12.7,"287,246,000",0.0%,"40,073",71,"1,039",한국,한국,"이언픽쳐스,(주)그란", 유영의,,,,,,,,, 백서빈,,,,,,,,,,,,,,,,,,,,,
흑집사 -북 오브 더 아틀란틱-,2017.4.13,"287,368,000",0.0%,"38,224",94,"1,914",일본,일본,(주)박수엔터테인먼트,,,,,,,,,,,,,,,,,,,,,,,,,,,,,,,
헤드윅,2002.8.9,"295,554,431",0.0%,"37,002",90,"2,330",미국,미국,"(주)엣나인필름,(주)씨네월드", 존 카메론 미첼,,,,,,,,, 존 카메론 미첼,,,,,,,,,,,,,,,,,,,,,
극장판 프리파라 모두의 동경♪ 렛츠고☆프리파리,2017.12.28,"279,848,900",0.0%,"36,450",191,"1,211",일본,일본,(주)박수엔터테인먼트, 모리와키 마코토,,,,,,,,,,,,,,,,,,,,,,,,,,,,,,
다크 하우스,2017.6.22,"295,604,100",0.0%,"36,350",278,"3,139",미국,미국,"(주)스톰픽쳐스코리아,(주)디스테이션", 대런 린 보우즈만,,,,,,,,, 제시카 론디스, 조 앤더슨, 린 샤예,,,,,,,,,,,,,,,,,,,
반지의 제왕 : 반지원정대 (확장판),2017.1.11,"470,027,900",0.0%,"35,758",74,"1,112",뉴질랜드,"뉴질랜드,미국",(주)디스테이션,,,,,,,,,,,,,,,,,,,,,,,,,,,,,,,
엘르,2017.6.15,"279,049,100",0.0%,"35,368",56,"1,792",프랑스,"프랑스,독일,벨기에",소니픽쳐스엔터테인먼트코리아주식회사극장배급지점, 폴 버호벤,,,,,,,,, 이자벨 위페르, 로랑 라피트, 앤 콘시니,,,,,,,,,,,,,,,,,,,
피터와 모글리의 크리스마스 어드벤처,2017.11.23,"241,351,800",0.0%,"34,899",250,"1,705",인도,인도,(주)팝엔터테인먼트, 타파스 차크라바르티,,,,,,,,,,,,,,,,,,,,,,,,,,,,,,
판타스틱 단편 걸작선 1,,"203,412,000",0.0%,"33,902",3,167,기타,기타,,,,,,,,,,,,,,,,,,,,,,,,,,,,,,,,
루터,2017.10.18,"219,196,300",0.0%,"31,314",94,"1,607",독일,독일,THE 픽쳐스, 에릭 틸,,,,,,,,, 조셉 파인즈, 브루노 강쯔, 알프리드 몰리나,,,,,,,,,,,,,,,,,,,
반지의 제왕 : 왕의 귀환 (확장판),2017.1.25,"370,268,000",0.0%,"30,349",56,869,뉴질랜드,"뉴질랜드,미국",(주)디스테이션,,,,,,,,,,,,,,,,,,,,,,,,,,,,,,,
패터슨,2017.12.21,"237,836,300",0.0%,"29,277",62,"1,062",프랑스,"프랑스,독일,미국",그린나래미디어(주), 짐 자무쉬,,,,,,,,, 아담 드라이버, 골쉬프테 파라하니,,,,,,,,,,,,,,,,,,,,
분노,2017.3.30,"233,262,037",0.0%,"28,937",99,"1,831",일본,일본,메가박스중앙(주)플러스엠, 이상일,,,,,,,,, 와타나베 켄, 모리야마 미라이, 마츠야마 켄이치, 아야노 고, 히로세 스즈, 미야자키 아오이, 츠마부키 사토시,,,,,,,,,,,,,,,
키드냅,2017.11.22,"214,871,800",0.0%,"27,854",167,"4,098",미국,미국,(주)제이앤씨미디어그룹, 루이스 프리에토,,,,,,,,, 할리 베리,,,,,,,,,,,,,,,,,,,,,
반지의 제왕 : 두개의 탑 (확장판),2017.1.18,"350,183,800",0.0%,"27,440",58,683,뉴질랜드,"뉴질랜드,미국",(주)디스테이션,,,,,,,,,,,,,,,,,,,,,,,,,,,,,,,
지니어스,2017.4.13,"209,700,437",0.0%,"27,224",172,"2,310",영국,"영국,미국",(주)라이크콘텐츠, 마이클 그랜디지,,,,,,,,, 콜린 퍼스, 주드 로,,,,,,,,,,,,,,,,,,,,
몬스터 섬의 비밀,2017.9.7,"184,568,800",0.0%,"26,739",150,"1,736",멕시코,멕시코,(주)박수엔터테인먼트, 레오폴도 아귈라,,,,,,,,, 박상우, 조연우, 박정욱,,,,,,,,,,,,,,,,,,,
메소드,2017.11.2,"215,611,800",0.0%,"26,577",244,"2,933",한국,한국,(주)엣나인필름, 방은진,,,,,,,,, 박성웅, 윤승아, 오승훈,,,,,,,,,,,,,,,,,,,
골드,2017.3.22,"195,316,900",0.0%,"25,612",200,"3,102",미국,미국,CGV아트하우스, 스티븐 개건,,,,,,,,, 매튜 맥커너히, 에드가 라미레즈, 브라이스 달라스 하워드,,,,,,,,,,,,,,,,,,,
아우토반,2017.3.22,"196,841,500",0.0%,"24,983",153,"3,489",영국,"영국,독일",와이드 릴리즈(주), 에란 크리비,,,,,,,,, 니콜라스 홀트, 펠리시티 존스,,,,,,,,,,,,,,,,,,,,
클로저,2005.2.3,"179,775,032",0.0%,"24,159",99,"2,342",미국,미국,"(주)스튜디오디에이치엘,(주)퍼스트런,글뫼 주식회사,소니픽쳐스릴리징코리아", 마이크 니콜스,,,,,,,,, 나탈리 포트만, 주드 로, 줄리아 로버츠, 클라이브 오웬,,,,,,,,,,,,,,,,,,
빌리 엘리어트,2001.2.16,"179,775,000",0.0%,"24,134",82,"1,553",영국,"영국,프랑스","(주)팝엔터테인먼트,유아이피-씨아이씨영화및비디오배급(유)", 스티븐 달드리,,,,,,,,, 제이미 벨, 줄리 월터스, 게리 루이스, 제이미 드레이븐,,,,,,,,,,,,,,,,,,
언프렌드,2017.2.9,"187,802,900",0.0%,"23,688",179,"1,749",독일,독일,(주)크리픽쳐스, 시몬 베호벤,,,,,,,,, 알리시아 데브넘 캐리, 리슬 알러스, 윌리암 모즐리, 코너 파올로, 브릿 모건,,,,,,,,,,,,,,,,,
프란츠,2017.7.20,"150,974,100",0.0%,"20,760",47,"1,118",프랑스,프랑스,찬란, 프랑소와 오종,,,,,,,,, 피에르 니네이, 폴라 비어,,,,,,,,,,,,,,,,,,,,
은혼,2017.12.7,"148,853,500",0.0%,"18,323",137,"2,136",일본,일본,(주)라이크콘텐츠, 미야와키 치즈루,,,,,,,,, 스기타 토모카즈, 사카구치 다이스케, 쿠기미야 리에, 이시다 아키라, 코야스 타케히토,,,,,,,,,,,,,,,,,
터널,2016.8.10,"57,529,484,417",3.3%,"7,120,508","1,105","113,201",한국,한국,(주)쇼박스, 김성훈,,,,,,,,, 하정우, 배두나, 오달수,,,,,,,,,,,,,,,,,,,
럭키,2016.10.13,"56,444,461,256",3.2%,"6,975,290","1,234","155,977",한국,한국,(주)쇼박스, 이계벽,,,,,,,,, 유해진, 이준, 조윤희, 임지연,,,,,,,,,,,,,,,,,,
판도라,2016.12.7,"33,955,398,164",1.9%,"4,313,864","1,184","90,758",한국,한국,(주)넥스트엔터테인먼트월드(NEW), 박정우,,,,,,,,, 김남길, 김주현, 정진영, 김영애, 문정희, 김대명,,,,,,,,,,,,,,,,
히말라야,2015.12.16,"20,705,587,567",1.2%,"2,630,352",955,"61,673",한국,한국,(주)씨제이이엔엠, 이석훈,,,,,,,,, 황정민, 정우,,,,,,,,,,,,,,,,,,,,
정글북,2016.6.9,"21,517,647,134",1.2%,"2,537,438",924,"59,041",미국,미국,월트디즈니컴퍼니코리아(주), 타파스 차크라바르티,,,,,,,,,,,,,,,,,,,,,,,,,,,,,,
미 비포 유,2016.6.1,"7,663,772,990",0.4%,"945,172",481,"28,458",미국,미국,워너브러더스 코리아(주), 테아 샤록,,,,,,,,, 에밀리아 클라크, 샘 클라플린,,,,,,,,,,,,,,,,,,,,
스플릿,2016.11.9,"6,102,712,539",0.4%,"758,195",702,"32,616",한국,한국,오퍼스픽쳐스(유), 최국희,,,,,,,,, 유지태, 이정현, 이다윗, 정성화,,,,,,,,,,,,,,,,,,
사냥,2016.6.29,"4,912,658,515",0.3%,"645,922",696,"28,862",한국,한국,롯데쇼핑㈜롯데엔터테인먼트, 이우철,,,,,,,,, 안성기, 조진웅, 한예리, 권율,,,,,,,,,,,,,,,,,,
설리: 허드슨강의 기적,2016.9.28,"5,234,170,754",0.3%,"627,102",573,"26,609",미국,미국,워너브러더스 코리아(주), 클린트 이스트우드,,,,,,,,, 톰 행크스, 로라 리니, 아론 에크하트,,,,,,,,,,,,,,,,,,,
나를 잊지 말아요,2016.1.7,"3,398,915,000",0.2%,"425,799",559,"19,138",한국,한국,(주)씨제이이엔엠, 이윤정,,,,,,,,, 정우성, 김하늘,,,,,,,,,,,,,,,,,,,,
캐롤,2016.2.4,"2,645,756,616",0.2%,"319,357",288,"11,092",미국,"미국,영국",CGV아트하우스, 토드 헤인즈,,,,,,,,, 케이트 블란쳇, 루니 마라, 카일 챈들러,,,,,,,,,,,,,,,,,,,
스포트라이트,2016.2.24,"2,402,036,255",0.1%,"299,878",320,"13,482",미국,미국,(주)팝엔터테인먼트, 토마스 맥카시,,,,,,,,, 마크 러팔로, 레이첼 맥아담스, 마이클 키튼, 리브 슈라이버,,,,,,,,,,,,,,,,,,
순정,2016.2.24,"1,738,293,033",0.1%,"240,484",467,"10,545",한국,한국,(주)리틀빅픽쳐스, 이은희,,,,,,,,, 디오, 김소현, 연준석, 이다윗, 주아름, 김지호, 박해준, 박용우, 이대연,,,,,,,,,,,,,
드림 쏭,2016.9.14,"1,826,269,700",0.1%,"234,387",399,"6,408",미국,미국,(주)이수C&E,,,,,,,,,,,,,,,,,,,,,,,,,,,,,,,
노트북,2004.11.26,"1,505,476,700",0.1%,"182,633",148,"11,531",미국,미국,"(주)퍼스트런,TCO(주)더콘텐츠온,글뫼 주식회사,CJ ENM", 닉 카사베츠,,,,,,,,, 라이언 고슬링, 레이첼 맥아담스,,,,,,,,,,,,,,,,,,,,
부활,2016.3.17,"1,247,191,600",0.1%,"176,122",136,"8,581",미국,미국,유니버설픽쳐스인터내셔널 코리아(유), 케빈 레이놀즈,,,,,,,,, 조셉 파인즈, 톰 펠튼, 클리프 커티스,,,,,,,,,,,,,,,,,,,
조이,2016.3.10,"1,378,007,200",0.1%,"172,253",405,"12,860",미국,미국,이십세기폭스코리아(주), 데이비드 O. 러셀,,,,,,,,, 제니퍼 로렌스, 브래들리 쿠퍼, 로버트 드 니로,,,,,,,,,,,,,,,,,,,
빅,2016.7.27,"1,176,116,720",0.1%,"161,196",332,"3,870",미국,"미국,인도",(주)이수C&E, 다니엘레 피니,,,,,,,,,,,,,,,,,,,,,,,,,,,,,,
어린왕자,2015.12.23,"1,142,087,833",0.1%,"150,512",368,"3,973",프랑스,프랑스,씨네그루(주)다우기술, 마크 오스본,,,,,,,,, 제프 브리지스, 레이첼 맥아담스, 매켄지 포이, 마리옹 꼬띠아르, 제임스 프랭코, 베니시오 델 토로, 앨버트 브룩스, 릭키 제바이스, 폴 지아마티, 버드 코트, 라일리 오스본, 폴 러드, 잭쿠이 반브룩, 마르셀 브리지스,,,,,,,,
서울역,2016.8.17,"1,162,471,562",0.1%,"147,031",440,"8,054",한국,한국,(주)넥스트엔터테인먼트월드(NEW), 연상호,,,,,,,,, 류승룡, 심은경, 이준,,,,,,,,,,,,,,,,,,,
자백,2016.10.13,"1,128,388,200",0.1%,"143,648",152,"6,071",한국,한국,(주)엣나인필름, 윤종석,,,,,,,,, 소지섭, 김윤진, 나나, 최광일,,,,,,,,,,,,,,,,,,
장난감이 살아있다,2016.9.7,"1,112,430,600",0.1%,"142,977",294,"4,346",아르헨티나,"아르헨티나,스페인","㈜코리아스크린,와이드 릴리즈(주)", 후안 호세 캄파넬라,,,,,,,,, 남도형, 김채하, 김태균, 정찬우, 이현, 니콜라스 홀트, 아리아나 그란데, 케이티 홈즈, 루퍼트 그린트,,,,,,,,,,,,,
플로렌스,2016.8.24,"1,079,970,100",0.1%,"139,717",382,"8,146",영국,영국,(주)이수C&E, 스티븐 프리어즈,,,,,,,,, 메릴 스트립, 휴 그랜트, 사이몬 헬버그, 레베카 퍼거슨,,,,,,,,,,,,,,,,,,
로빈슨 크루소,2016.9.7,"1,071,533,400",0.1%,"139,392",329,"4,326",벨기에,벨기에,(주)영화사 빅, 벤 스타센, 빈센트 케스텔루트,,,,,,,, 유리 로웬탈, 데이비드 호워드, 콜린 메츠거, 라일라 베르진, 조이 카멘, 린제이 토렌스,,,,,,,,,,,,,,,,
최강전사 미니특공대: 영웅의 탄생,2016.2.4,"877,875,200",0.1%,"117,170",349,"4,863",한국,한국,(주)삼지애니메이션, 이영준,,,,,,,,,,,,,,,,,,,,,,,,,,,,,,
다이노소어 어드벤처 : 백악기 공룡대백과,2016.5.4,"854,091,000",0.0%,"112,242",325,"3,643",영국,영국,"(주)박수엔터테인먼트,(주)애니플러스", 닐 나이팅게일, 베리 쿡, 앤드류 코헨,,,,,,,,,,,,,,,,,,,,,,,,,,,,
킹 오브 프리즘 (바이 프리티 리듬),2016.8.11,"859,771,500",0.0%,"103,852",53,"2,291",일본,일본,(주)박수엔터테인먼트,,,,,,,,,,,,,,,,,,,,,,,,,,,,,,,
일사각오,2016.3.17,"682,581,500",0.0%,"94,767",66,"2,702",한국,한국,파이오니아21, 권혁만,,,,,,,,, 이지형, 설지윤, 최원,,,,,,,,,,,,,,,,,,,
유스,2016.1.7,"663,547,600",0.0%,"85,363",65,"3,204",이탈리아,"이탈리아,프랑스,스위스,영국",그린나래미디어(주), 파올로 소렌티노,,,,,,,,, 마이클 케인, 하비 케이틀, 레이첼 와이즈, 폴 다노, 제인 폰다,,,,,,,,,,,,,,,,,
번개맨,2016.2.11,"517,127,000",0.0%,"69,363",393,"4,644",한국,한국,(주)키다리이엔티, 한상호,,,,,,,,,,,,,,,,,,,,,,,,,,,,,,
이퀄스,2016.8.31,"519,972,300",0.0%,"68,902",357,"6,177",미국,미국,(주)키다리이엔티, 켄타나 H. 쿠야스,,,,,,,,,,,,,,,,,,,,,,,,,,,,,,
스티브 잡스,2016.1.21,"535,351,276",0.0%,"68,815",384,"6,396",미국,미국,유니버설픽쳐스인터내셔널 코리아(유), 대니 보일,,,,,,,,, 마이클 패스벤더, 케이트 윈슬렛, 세스 로건,,,,,,,,,,,,,,,,,,,
올레,2016.8.25,"522,938,900",0.0%,"66,883",338,"5,126",한국,한국,"(주)대명문화공장,(주)리틀빅픽쳐스", 채두병,,,,,,,,, 신하균, 박희순, 오만석, 유다인,,,,,,,,,,,,,,,,,,
레터스 투 갓,2016.2.25,"432,604,300",0.0%,"66,250",119,"2,297",미국,미국,(주)모멘텀엔터테인먼트,,,,,,,,,,,,,,,,,,,,,,,,,,,,,,,
극장판 파워레인저: 닌자포스 VS 트레인포스 닌자 인 원더랜드,2016.11.3,"503,900,800",0.0%,"64,622",406,"3,805",일본,일본,(주)넥스트엔터테인먼트월드(NEW), 나카자와 쇼지로,,,,,,,,, 니시카와 슌스케, 마츠모토 가쿠, 나카무라 카이토, 야노 유카, 야마야 카스미,,,,,,,,,,,,,,,,,
그물,2016.10.6,"426,185,300",0.0%,"56,541",381,"6,278",한국,한국,(주)넥스트엔터테인먼트월드(NEW), 김기덕,,,,,,,,, 류승범, 이원근, 김영민, 최귀화, 손민석, 박지일,,,,,,,,,,,,,,,,
빅뱅 메이드,2016.6.30,"466,486,700",0.0%,"55,582",56,"1,794",한국,한국,씨제이 씨지브이(CJ CGV)(주),,,,,,,,,,,,,,,,,,,,,,,,,,,,,,,
순종,2016.11.17,"384,957,200",0.0%,"54,456",104,"2,122",한국,한국,"(재)CBS,(주)영화사 안다미로", 이은희,,,,,,,,, 디오, 김소현, 연준석, 이다윗, 주아름, 김지호, 박해준, 박용우, 이대연,,,,,,,,,,,,,
브루클린,2016.4.21,"412,985,600",0.0%,"51,106",40,"2,148",미국,미국,이십세기폭스코리아(주), 존 크로울리,,,,,,,,, 시얼샤 로넌, 도널 글리슨, 에모리 코헨,,,,,,,,,,,,,,,,,,,
BIFAN2016 판타스틱 단편 걸작선 1,,"258,603,000",0.0%,"43,003",5,210,기타,기타,,,,,,,,,,,,,,,,,,,,,,,,,,,,,,,,
33,2016.4.7,"318,282,400",0.0%,"41,269",320,"4,299",미국,"미국,칠레",(주)나이너스엔터테인먼트, 패트리시아 리건,,,,,,,,, 안토니오 반데라스, 로드리고 산토로, 줄리엣 비노쉬,,,,,,,,,,,,,,,,,,,
잔예 - 살아서는 안되는 방,2016.7.7,"337,608,700",0.0%,"41,247",287,"2,984",일본,일본,(주)넥스트엔터테인먼트월드(NEW),,,,,,,,,,,,,,,,,,,,,,,,,,,,,,,
동급생,2016.5.19,"280,704,500",0.0%,"38,706",100,"2,154",일본,일본,(주)박수엔터테인먼트, 나카무라 쇼코,,,,,,,,, 노지마 켄지, 카미야 히로시, 이시카와 히데오,,,,,,,,,,,,,,,,,,,
트릭,2016.7.13,"297,957,300",0.0%,"38,262",390,"5,939",한국,한국,"(주)스톰픽쳐스코리아,(주)이수C&E", 닐 호너,,,,,,,,, 빈센트 레건, 로버트 카버너, 스티븐 마커스,,,,,,,,,,,,,,,,,,,
파워배틀 와치카 미니카 배틀리그: 불꽃의 질주,2016.8.17,"270,014,820",0.0%,"35,569",170,"1,774",한국,한국,(주)삼지애니메이션, 이영준,,,,,,,,,,,,,,,,,,,,,,,,,,,,,,
태양 아래,2016.4.27,"206,495,400",0.0%,"33,008",120,"2,030",체코,"체코,러시아,독일",THE 픽쳐스, 로즈 로더,,,,,,,,,,,,,,,,,,,,,,,,,,,,,,
대결,2016.9.22,"251,176,500",0.0%,"32,278",366,"5,409",한국,한국,"(주)스톰픽쳐스코리아,TCO(주)더콘텐츠온", 신재호,,,,,,,,, 이주승, 오지호, 이정진, 신정근, 손은서,,,,,,,,,,,,,,,,,
미스터 캣,2016.10.19,"181,383,750",0.0%,"23,350",241,"2,440",프랑스,"프랑스,중국",(주)리틀빅픽쳐스,,,,,,,,,,,,,,,,,,,,,,,,,,,,,,,
히야,2016.3.10,"173,844,100",0.0%,"21,687",124,"1,444",한국,한국,(주)라이크콘텐츠, 김지연,,,,,,,,, 안보현, 호야, 박철민, 강성미, 강민아,,,,,,,,,,,,,,,,,
커터,2016.3.30,"151,165,500",0.0%,"19,405",199,"3,093",한국,한국,(주)스톰픽쳐스코리아, 정희성,,,,,,,,, 최태준, 김시후, 문가영,,,,,,,,,,,,,,,,,,,
프란치스코,2016.3.10,"131,141,849",0.0%,"18,802",184,"2,121",스페인,"스페인,아르헨티나,이탈리아",스튜디오 프로그레시브 인큐베이터, 이브게니 아피네예브스키,,,,,,,,, 프란치스코,,,,,,,,,,,,,,,,,,,,,
시카고,2003.3.28,"144,422,600",0.0%,"18,782",74,"1,076",미국,미국,"(주)키다리이엔티,코리아픽쳐스(주)", 롭 마샬,,,,,,,,, 르네 젤위거, 캐서린 제타 존스, 리차드 기어,,,,,,,,,,,,,,,,,,,
사랑하기 때문에,2017.1.4,"134,684,000",0.0%,"16,410",26,80,한국,한국,(주)넥스트엔터테인먼트월드(NEW), 주지홍,,,,,,,,, 차태현, 김유정, 서현진, 임주환,,,,,,,,,,,,,,,,,,
리틀 폭스,2016.6.23,"119,113,500",0.0%,"16,207",150,934,중국,중국,예지림엔터테인먼트, 갈수영,,,,,,,,, 이지현, 김연우, 박상훈, 윤세웅, 이현, 서원석, 교시우, 유주,,,,,,,,,,,,,,
예전부터 계속 좋아했어 ~고백실행위원회~,2016.9.29,"120,601,500",0.0%,"16,187",77,"1,451",일본,일본,(주)디스테이션,,,,,,,,,,,,,,,,,,,,,,,,,,,,,,,
더 웨이브,2016.7.13,"126,516,321",0.0%,"16,108",140,"1,712",노르웨이,노르웨이,(주)팝엔터테인먼트, 로아 우다우그,,,,,,,,, 크리스토퍼 요너, 아네 달 토르프, 조나스 호프 오프테브로, 이디스 하겐루드 산드,,,,,,,,,,,,,,,,,,
쥬라기 월드,2015.6.11,"47,800,698,826",2.80%,"5,546,792","1,290","118,959",미국,미국,유니버설픽쳐스인터내셔널 코리아(유), 테드 니콜로,,,,,,,,, 코트랜드 미드, 자넷 헨프리, 스튜어트 캠벨, 앤드류 케이어, 릴라 케이, 브리트니 포웰, 존 칼빈, 짐 던크, 존 우드바인,,,,,,,,,,,,,
히말라야,2015.12.16,"39,469,775,448",2.30%,"5,129,409","1,095","81,042",한국,한국,(주)씨제이이엔엠, 이석훈,,,,,,,,, 황정민, 정우,,,,,,,,,,,,,,,,,,,,
인턴,2015.9.24,"28,517,727,148",1.70%,"3,610,564",659,"81,552",미국,미국,워너브러더스 코리아(주), 낸시 마이어스,,,,,,,,, 앤 해서웨이, 로버트 드 니로,,,,,,,,,,,,,,,,,,,,
미니언즈,2015.7.29,"18,998,046,278",1.10%,"2,625,599",792,"41,946",미국,미국,유니버설픽쳐스인터내셔널 코리아(유), 카일 발다,,,,,,,,, 스티브 카렐, 타라지 P. 헨슨, 루시 로리스, 장 끌로드 반담,,,,,,,,,,,,,,,,,,
뷰티 인사이드,2015.8.20,"16,148,479,531",0.90%,"2,053,435",648,"52,618",한국,한국,(주)넥스트엔터테인먼트월드(NEW), 백종열,,,,,,,,, 한효주, 김대명, 도지한, 배성우, 박신혜, 이범수, 박서준, 김상호, 천우희, 우에노 주리, 이재준, 김민재, 이현우, 조달환, 이진욱, 홍다미, 서강준, 김희원, 이동욱, 고아성, 김주혁, 유연석
마다가스카의 펭귄,2014.12.31,"11,450,482,159",0.70%,"1,512,340",615,"27,171",미국,미국,(주)씨제이이엔엠, 에릭 다넬, 사이몬 J. 스미스,,,,,,,, 베네딕트 컴버배치, 존 말코비치, 톰 맥그라스, 크리스 밀러, 크리스토퍼 나이츠, 켄 정,,,,,,,,,,,,,,,,
차이나타운,2015.4.29,"11,990,370,378",0.70%,"1,472,106",551,"45,137",한국,한국,CGV아트하우스, 한준희,,,,,,,,, 김혜수, 김고은, 엄태구,,,,,,,,,,,,,,,,,,,
신데렐라,2015.3.19,"5,500,502,900",0.30%,"716,491",531,"27,508",미국,미국,월트디즈니컴퍼니코리아(주), 이안 소프틀리,,,,,,,,, 튜펜스 미들턴, 알렉산드라 로치,,,,,,,,,,,,,,,,,,,,
픽셀,2015.7.16,"5,390,909,947",0.30%,"681,945",557,"21,307",미국,미국,유니버설픽쳐스인터내셔널 코리아(유), 크리스 콜럼버스,,,,,,,,, 아담 샌들러, 케빈 제임스, 미셸 모나한, 피터 딘클리지, 조시 게드,,,,,,,,,,,,,,,,,
오피스,2015.9.3,"3,460,460,230",0.20%,"441,208",425,"18,575",한국,한국,(주)리틀빅픽쳐스, 홍원찬,,,,,,,,, 고아성, 박성웅,,,,,,,,,,,,,,,,,,,,
어린왕자,2015.12.23,"3,195,586,794",0.20%,"428,855",494,"8,384",프랑스,프랑스,씨네그루(주)다우기술, 마크 오스본,,,,,,,,, 제프 브리지스, 레이첼 맥아담스, 매켄지 포이, 마리옹 꼬띠아르, 제임스 프랭코, 베니시오 델 토로, 앨버트 브룩스, 릭키 제바이스, 폴 지아마티, 버드 코트, 라일리 오스본, 폴 러드, 잭쿠이 반브룩, 마르셀 브리지스,,,,,,,,
치외법권,2015.8.27,"2,664,941,005",0.20%,"346,483",446,"15,297",한국,한국,판씨네마(주), 신재호,,,,,,,,, 임창정, 최다니엘,,,,,,,,,,,,,,,,,,,,
에베레스트,2015.9.24,"3,055,119,748",0.20%,"332,180",331,"9,343",미국,"미국,영국",유니버설픽쳐스인터내셔널 코리아(유), 발타자르 코루마쿠르,,,,,,,,, 제이슨 클락, 제이크 질렌할, 조슈 브롤린, 키이라 나이틀리, 샘 워싱턴, 로빈 라이트,,,,,,,,,,,,,,,,
극적인 하룻밤,2015.12.3,"2,610,567,429",0.20%,"320,884",434,"18,332",한국,한국,CGV아트하우스, 하기호,,,,,,,,, 윤계상, 한예리, 박병은, 박효주,,,,,,,,,,,,,,,,,,
패딩턴,2015.1.7,"2,246,438,729",0.10%,"305,102",408,"9,738",영국,"영국,프랑스,캐나다",롯데쇼핑㈜롯데엔터테인먼트, 폴 킹,,,,,,,,, 벤 위쇼, 휴 그랜트, 샐리 호킨스, 휴 보네빌, 사무엘 조슬린, 매들린 해리스, 줄리 월터스,,,,,,,,,,,,,,,
백 투 더 비기닝,2015.2.26,"2,018,287,400",0.10%,"266,610",423,"13,839",미국,미국,롯데쇼핑㈜롯데엔터테인먼트,,,,,,,,,,,,,,,,,,,,,,,,,,,,,,,
팬,2015.10.8,"1,425,325,592",0.10%,"186,174",428,"8,994",미국,미국,워너브러더스 코리아(주), 마니쉬 샤르마,,,,,,,,, 샤룩 칸, 디피카 아민,,,,,,,,,,,,,,,,,,,,
센과 치히로의 행방불명,2002.6.27,"1,255,442,529",0.10%,"159,282",339,"6,434",일본,일본,씨네그루(주)다우기술, 미야자키 하야오,,,,,,,,, 히이라기 루미, 이리노 미유,,,,,,,,,,,,,,,,,,,,
화장,2015.4.9,"1,073,035,100",0.10%,"142,382",327,"13,811",한국,한국,(주)리틀빅픽쳐스, 임권택,,,,,,,,, 안성기, 김규리, 김호정,,,,,,,,,,,,,,,,,,,
심야식당,2015.6.18,"1,045,229,474",0.10%,"132,192",180,"5,779",일본,일본,(주)영화사 진진, 양가휘,,,,,,,,, 펑위옌, 양가휘, 류타오,,,,,,,,,,,,,,,,,,,
존 윅,2015.1.21,"925,995,637",0.10%,"116,119",321,"6,653",미국,미국,"(주)제이앤씨미디어그룹,(주)나이너스엔터테인먼트",,,,,,,,,,,,,,,,,,,,,,,,,,,,,,,
프리덤,2015.11.19,"736,220,100",0.00%,"106,030",117,"3,067",미국,미국,주식회사 마운틴픽쳐스, 피터 쿠센스,,,,,,,,, 쿠바 구딩 쥬니어, 베르나르드 포처, 윌리암 새들러, 샤론 릴,,,,,,,,,,,,,,,,,,
사우스포,2015.12.3,"757,831,248",0.00%,"100,785",335,"6,516",미국,미국,씨네그루(주)다우기술, 안톤 후쿠아,,,,,,,,, 제이크 질렌할, 레이첼 맥아담스, 우나 로렌스, 포레스트 휘태커, 나오미 해리스,,,,,,,,,,,,,,,,,
돌연변이,2015.10.22,"748,816,684",0.00%,"100,523",399,"6,827",한국,한국,필라멘트픽쳐스, 권오광,,,,,,,,, 이광수, 이천희, 박보영,,,,,,,,,,,,,,,,,,,
맥베스,2015.12.3,"712,208,153",0.00%,"93,610",141,"3,645",영국,"영국,프랑스,미국",판씨네마(주), 저스틴 커젤,,,,,,,,, 마이클 패스벤더, 마리옹 꼬띠아르,,,,,,,,,,,,,,,,,,,,
숀더쉽,2015.8.13,"640,793,000",0.00%,"91,790",263,"2,937",영국,"영국,프랑스",(주)박수엔터테인먼트, 윌 베처, 리처드 펠런,,,,,,,, 저스틴 플레쳐, 아멜리아 비테일,,,,,,,,,,,,,,,,,,,,
와일드,2015.1.22,"668,736,800",0.00%,"83,761",58,"2,733",미국,미국,이십세기폭스코리아(주), 장 마크 발레,,,,,,,,, 리즈 위더스푼, 로라 던, 토머스 새도스키,,,,,,,,,,,,,,,,,,,
파더 앤 도터,2015.12.10,"464,270,100",0.00%,"60,829",352,"5,487",미국,"미국,이탈리아",(주)박수엔터테인먼트, 미유키 우에하라,,,,,,,,,,,,,,,,,,,,,,,,,,,,,,
말할 수 없는 비밀,2008.1.10,"468,890,500",0.00%,"57,553",96,"2,900",대만,"대만,홍콩","(주)엔케이컨텐츠,(주)디스테이션,(주)스폰지이엔티", 주걸륜,,,,,,,,, 주걸륜, 계륜미, 황추생, 증개현,,,,,,,,,,,,,,,,,,
비밀,2015.10.15,"369,339,300",0.00%,"50,196",305,"5,180",한국,한국,CGV아트하우스, 박은경, 이동하,,,,,,,, 성동일, 손호준, 김유정,,,,,,,,,,,,,,,,,,,
송 원,2015.4.1,"360,122,143",0.00%,"48,252",365,"5,890",미국,미국,(주)박수엔터테인먼트, 마초성,,,,,,,,, 임현제, 장백지, 소영강,,,,,,,,,,,,,,,,,,,
이스케이프,2015.11.5,"365,265,000",0.00%,"47,760",264,"4,020",미국,미국,(주)넥스트엔터테인먼트월드(NEW), 존 에릭 도들,,,,,,,,, 오웬 윌슨, 피어스 브로스넌, 레이크 벨,,,,,,,,,,,,,,,,,,,
한 번 더 해피엔딩,2015.4.8,"350,985,851",0.00%,"45,530",231,"4,712",미국,미국,(주)팝엔터테인먼트,,,,,,,,,,,,,,,,,,,,,,,,,,,,,,,
일곱난쟁이,2014.12.24,"304,278,800",0.00%,"42,925",92,"1,027",독일,독일,메가박스중앙(주)플러스엠, 헤랄드 지페르만, 보리스 알지노빅,,,,,,,, 조슈아 그레이엄, 맷 길버트,,,,,,,,,,,,,,,,,,,,
코블러,2015.4.8,"318,637,732",0.00%,"41,444",250,"4,534",미국,미국,씨네그루(주)다우기술, 토마스 맥카시,,,,,,,,, 아담 샌들러, 더스틴 호프만, 스티브 부세미, 댄 스티븐스, 엘렌 바킨,,,,,,,,,,,,,,,,,
타이밍,2015.12.10,"288,311,800",0.00%,"38,232",196,"2,737",한국,한국,(주)스톰픽쳐스코리아, 민경조,,,,,,,,, 박지윤,,,,,,,,,,,,,,,,,,,,,
팔로우,2015.4.2,"277,989,143",0.00%,"33,509",197,"3,199",미국,미국,"(주)영화사오원,(주)브리즈픽처스", 데이빗 로버트 밋첼,,,,,,,,, 마이카 먼로, 키어 길크리스,,,,,,,,,,,,,,,,,,,,
더 테너 리리코 스핀토,2014.12.31,"260,190,241",0.00%,"32,644",176,"2,180",한국,한국,"(주)박수엔터테인먼트,(주)모인그룹", 김상만,,,,,,,,, 유지태, 차예련, 이세야 유스케,,,,,,,,,,,,,,,,,,,
파울볼,2015.4.2,"235,292,500",0.00%,"31,137",231,"3,859",한국,한국,오퍼스픽쳐스(유), 조정래, 김보경,,,,,,,, 김성근, 고양원더스선수들, 조진웅,,,,,,,,,,,,,,,,,,,
아이돌 마스터 무비 : 빛의 저편으로!,2015.11.19,"211,857,000",0.00%,"29,193",55,986,일본,일본,(주)머스트씨무비릴리징컴퍼니, 니시고리 아츠시,,,,,,,,, 나카무라 에리코, 하세가와 아키코, 이마이 아사미, 니고 마야코, 아사쿠라 아즈미, 히라타 히로미, 시모다 아사미, 쿠기미야 리에, 타카하시 치아키, 하라 유미, 누마쿠라 마나미,,,,,,,,,,,
라자루스,2015.7.2,"215,951,800",0.00%,"27,445",89,"1,232",미국,미국,(유)조이앤시네마, 데이빗 겔브,,,,,,,,, 올리비아 와일드, 에반 피터스, 마크 듀플라스, 사라 볼거, 도날드 글로버,,,,,,,,,,,,,,,,,
몬스터 헌트,2015.11.12,"200,707,000",0.00%,"27,310",184,"1,954",중국,중국,(주)와우픽쳐스, 무문광,,,,,,,,,,,,,,,,,,,,,,,,,,,,,,
트레이서,2015.3.19,"197,286,000",0.00%,"26,262",249,"3,433",미국,미국,"(주)영화사오원,(주)브리즈픽처스", 다니엘 벤마요,,,,,,,,, 테일러 로트너, 마리 아브게로폴로스, 애덤 레이너,,,,,,,,,,,,,,,,,,,
트래쉬,2015.5.14,"183,546,913",0.00%,"25,532",206,"3,037",미국,미국,유니버설픽쳐스인터내셔널 코리아(유), 스티븐 달드리,,,,,,,,, 루니 마라, 마틴 쉰, 릭슨 테베즈, 에두아르도 루이스, 가브리엘 와인스타인,,,,,,,,,,,,,,,,,
아마조니아,2015.8.5,"169,462,200",0.00%,"23,704",105,875,프랑스,"프랑스,브라질","(주)영화사 빅,(주)버킷스튜디오", 티에리 라고베르트,,,,,,,,, 브뤼노 꿀레,,,,,,,,,,,,,,,,,,,,,
사이코패스,2015.5.28,"191,148,000",0.00%,"23,586",69,"1,198",일본,일본,(주)박수엔터테인먼트, 미키 키팅,,,,,,,,, 애슐리 벨,,,,,,,,,,,,,,,,,,,,,
마미,2014.12.18,"184,466,300",0.00%,"22,683",56,779,캐나다,"캐나다,프랑스",(주)엣나인필름, 자비에 돌란,,,,,,,,, 앤 도벌, 안토니 올리버 피론, 쉬잔느 클레먼트,,,,,,,,,,,,,,,,,,,
라이프,2015.10.15,"155,668,185",0.00%,"19,596",99,"1,893",캐나다,"캐나다,독일,오스트리아 ,미국","(주)영화사오원,(주)프레인글로벌", 다니엘 에스피노사,,,,,,,,, 제이크 질렌할, 레베카 퍼거슨, 라이언 레이놀즈,,,,,,,,,,,,,,,,,,,
마돈나,2015.7.2,"141,358,400",0.00%,"18,149",65,"1,474",한국,한국,(주)리틀빅픽쳐스, 신수원,,,,,,,,, 서영희, 권소현, 김영민, 변요한,,,,,,,,,,,,,,,,,,
유아 낫 유,2015.1.21,"138,505,400",0.00%,"17,372",103,"1,243",미국,미국,(주)마인스 엔터테인먼트,,,,,,,,,,,,,,,,,,,,,,,,,,,,,,,
나쁜 나라,2015.12.3,"111,080,400",0.00%,"16,368",23,651,한국,한국,"배급위원회,(주)시네마달", 김진열,,,,,,,,,,,,,,,,,,,,,,,,,,,,,,
셀마,2015.7.23,"118,838,824",0.00%,"16,198",48,981,미국,미국,찬란, 에바 두버네이,,,,,,,,, 데이빗 오예로워, 카르멘 에조고, 톰 윌킨슨, 테사 톰슨, 지오바니 리비시, 팀 로스, 쿠바 구딩 쥬니어,,,,,,,,,,,,,,,
순교,2015.8.13,"115,342,000",0.00%,"16,097",8,604,한국,한국,파이오니아21, 김상철,,,,,,,,, 김영학, 안원정, 배형규, 심성민, 박형범, 오소라,,,,,,,,,,,,,,,,
이다,2015.2.18,"119,357,345",0.00%,"15,668",34,"1,065",폴란드,"폴란드,덴마크",시네마 뉴원, 파벨 포리코브스키,,,,,,,,, 아가타 트르제부초우스카, 아가타 쿠레샤, 요안나 쿨릭,,,,,,,,,,,,,,,,,,,
꼬마 유령,2015.6.11,"111,527,100",0.00%,"15,516",176,"1,212",독일,"독일,스위스",(주)영화사오원, 알랑 그스포너,,,,,,,,, 안나 탈바히, 요나스 홀덴리에데르, 에밀리 쿠쉐, 니코 하르퉁그, 우 오크센크네츠, 허버트 크노프, 베티나 스턱키,,,,,,,,,,,,,,,
엘리펀트 송,2015.6.11,"116,806,400",0.00%,"14,893",49,"1,059",캐나다,캐나다,(주)엣나인필름, 찰스 비나메,,,,,,,,, 브루스 그린우드, 자비에 돌란, 캐서린 키너, 캐리 앤 모스,,,,,,,,,,,,,,,,,,
리틀 보이,2015.12.10,"100,778,300",0.00%,"14,343",143,"1,371",미국,"미국,멕시코",메가박스중앙(주)플러스엠, 크리스티안 페더슨,,,,,,,,,,,,,,,,,,,,,,,,,,,,,,
호비와 엄마나무섬의 비밀,2015.7.2,"97,809,500",0.00%,"14,234",74,820,일본,일본,(주)머스트씨무비릴리징컴퍼니, 히라바야시 이사무,,,,,,,,, 미나미 오미, 미키 타카하시, 야마자키 타쿠미, 가슈인 타츠야,,,,,,,,,,,,,,,,,,
해피 홀리데이,2015.5.14,"105,913,800",0.00%,"13,939",102,"1,405",영국,영국,(주)스톰픽쳐스코리아, 앤디 해밀턴, 가이 젠킨,,,,,,,, 로자먼드 파이크, 데이비드 테넌트, 빌리 코놀리,,,,,,,,,,,,,,,,,,,
아마데우스 감독판,2015.10.29,"108,229,000",0.00%,"13,428",31,513,미국,미국,시네마 뉴원,,,,,,,,,,,,,,,,,,,,,,,,,,,,,,,
블랙버드,2015.1.28,"97,711,400",0.00%,"13,130",135,"2,007",미국,미국,(주)영화사 빅, 지나 프린스-바이스우드,,,,,,,,, 구구 바샤-로, 네이트 파커, 미니 드라이버,,,,,,,,,,,,,,,,,,,
폴라로이드,2015.7.16,"82,417,500",0.00%,"12,457",27,169,한국,"한국,중국",와이드 릴리즈(주), 주호성,,,,,,,,, 정재연, 김태용, 양범,,,,,,,,,,,,,,,,,,,
타투,2015.12.10,"99,255,100",0.00%,"12,102",133,"1,223",한국,한국,와이드 릴리즈(주), 이서,,,,,,,,, 송일국, 윤주희, 권현상, 서영,,,,,,,,,,,,,,,,,,
카이트,2015.6.11,"66,844,000",0.00%,"11,287",50,147,미국,미국,(주)누리픽쳐스, 랠프 지만,,,,,,,,, 사무엘 L. 잭슨, 인디아 아이슬리, 캘런 맥오리피,,,,,,,,,,,,,,,,,,,
에이미,2015.11.5,"93,166,400",0.00%,"11,258",31,620,영국,영국,"(주)팝엔터테인먼트,주식회사 더쿱", 아시프 카파디아,,,,,,,,, 에이미 와인하우스, 마크 론슨, 피트 도허티,,,,,,,,,,,,,,,,,,,
블러바드,2015.8.13,"86,642,300",0.00%,"11,048",22,634,미국,미국,"주식회사 블루필름웍스,주식회사 마운틴픽쳐스,TCO(주)더콘텐츠온", 디토 몬티엘,,,,,,,,, 로빈 윌리엄스, 밥 오덴커크, 케시 베이커,,,,,,,,,,,,,,,,,,,
겨울왕국,2014.1.16,,5.00%,"10,296,101","1,010","157,683",미국,미국,소니픽쳐스릴리징월트디즈니스튜디오스코리아(주), 크리스 벅, 제니퍼 리,,,,,,,, 크리스틴 벨, 이디나 멘젤,,,,,,,,,,,,,,,,,,,,
신의 한 수,2014.7.3,,1.70%,"3,566,852",794,"77,109",한국,한국,(주)쇼박스, 리건,,,,,,,,, 권상우, 김희원, 김성균,,,,,,,,,,,,,,,,,,,
논스톱,2014.2.27,,1.00%,"2,084,482",582,"58,217",미국,"미국,프랑스",(주)넥스트엔터테인먼트월드(NEW), 아이치버 올레스코아가,,,,,,,,, 아이치버 올레스코아가,,,,,,,,,,,,,,,,,,,,,
인투 더 스톰,2014.8.28,,1.00%,"2,078,698",585,"45,899",미국,미국,워너브러더스 코리아(주), 애덤 브라운,,,,,,,,,,,,,,,,,,,,,,,,,,,,,,
노아,2014.3.20,,0.90%,"2,026,594",952,"56,722",미국,미국,(주)씨제이이엔엠, 대런 아로노프스키,,,,,,,,, 러셀 크로우, 제니퍼 코넬리, 엠마 왓슨, 안소니 홉킨스,,,,,,,,,,,,,,,,,,
루시,2014.9.3,,1.00%,"1,974,893",641,"44,585",미국,"미국,프랑스",유니버설픽쳐스인터내셔널 코리아(유), 뤽 베송,,,,,,,,, 스칼릿 조핸슨, 모건 프리먼, 최민식, 애널리 팁튼,,,,,,,,,,,,,,,,,,
해무(海霧),2014.8.13,,0.70%,"1,475,507",584,"33,490",한국,한국,(주)넥스트엔터테인먼트월드(NEW),,,,,,,,,,,,,,,,,,,,,,,,,,,,,,,
애나벨,2014.10.2,,0.40%,"926,027",464,"29,000",미국,미국,워너브러더스 코리아(주), 안토니오 트라쇼라스,,,,,,,,, 아나 디 아르마스, 로치오 레옹, 엔리크 빌렌,,,,,,,,,,,,,,,,,,,
카트,2014.11.13,,0.40%,"812,490",544,"28,547",한국,한국,(주)리틀빅픽쳐스, 부지영,,,,,,,,, 염정아, 문정희, 김영애, 김강우,,,,,,,,,,,,,,,,,,
고질라,2014.5.15,,0.40%,"709,734",610,"25,335",미국,미국,워너브러더스 코리아(주), 롤랜드 에머리히,,,,,,,,, 매튜 브로데릭, 장 르노, 마리아 피틸로, 행크 아자리아, 케빈 던, 마이클 러너, 해리 쉬어러,,,,,,,,,,,,,,,
어바웃 타임,2013.12.5,,0.20%,"536,634",282,"12,323",영국,영국,유니버설픽쳐스인터내셔널 코리아(유), 리차드 커티스,,,,,,,,, 도널 글리슨, 레이첼 맥아담스,,,,,,,,,,,,,,,,,,,,
몬스터,2014.3.13,,0.20%,"526,557",527,"25,460",한국,한국,롯데쇼핑㈜롯데엔터테인먼트, 황인호,,,,,,,,, 이민기, 김고은, 김뢰하,,,,,,,,,,,,,,,,,,,
신이 보낸 사람,2014.2.13,,0.20%,"424,258",285,"12,684",한국,한국,"주식회사 마운틴픽쳐스,(주)마인스 엔터테인먼트", 김진무,,,,,,,,, 김인권,,,,,,,,,,,,,,,,,,,,,
하이힐,2014.6.3,,0.20%,"341,634",385,"16,750",한국,한국,롯데쇼핑㈜롯데엔터테인먼트, 장진,,,,,,,,, 차승원, 오정세, 이솜,,,,,,,,,,,,,,,,,,,
"극장판 포켓몬스터 베스트위시: 신의 속도 게노세크트, 뮤츠의 각성",2014.1.9,,0.10%,"320,409",406,"8,363",일본,일본,(주)씨제이이엔엠, 유야마 쿠니히코,,,,,,,,, 오오타니 이쿠에,,,,,,,,,,,,,,,,,,,,,
레드카펫,2014.10.23,,0.10%,"316,953",385,"17,696",한국,한국,(주)프레인글로벌, 프레드릭 발리프, 칸타라마 가히기리,,,,,,,, 프레드릭 발리프, 칸타라마 가히기리,,,,,,,,,,,,,,,,,,,,
미녀와 야수,2014.6.18,,0.10%,"316,332",387,"15,414",프랑스,프랑스,(주)넥스트엔터테인먼트월드(NEW), 빌 콘돈,,,,,,,,, 엠마 왓슨, 댄 스티븐스, 루크 에반스,,,,,,,,,,,,,,,,,,,
프랑켄슈타인: 불멸의 영웅,2014.2.6,,0.10%,"299,205",378,"12,113",미국,"미국,호주",(주)쇼박스, 스튜어트 베티,,,,,,,,, 아론 에크하트, 빌 나이, 미란다 오토, 이본느 스트라호브스키,,,,,,,,,,,,,,,,,,
오큘러스,2014.5.29,,0.10%,"279,488",336,"9,210",미국,미국,씨네그루(주)다우기술, 나심 키아니, 무스타파 무스타파비,,,,,,,, 나심 키아니,,,,,,,,,,,,,,,,,,,,,
마야,2014.9.4,,0.10%,"265,388",295,"6,312",독일,"독일,호주",(주)박수엔터테인먼트, 노엘 클리어리, 세르지오 델피노,,,,,,,, 김서영, 김명준, 김소희, 임채헌, 윤세웅,,,,,,,,,,,,,,,,,
창문 넘어 도망친 100세 노인,2014.6.18,,0.10%,"241,196",300,"11,183",스웨덴,스웨덴,(주)영화사 빅, 플렉스 할그렌,,,,,,,,, 로버트 구스타프슨, 이와 위클란더,,,,,,,,,,,,,,,,,,,,
레고 무비,2014.2.6,,0.10%,"236,129",317,"6,703",미국,미국,워너브러더스 코리아(주), 마이크 미첼,,,,,,,,, 크리스 프랫, 엘리자베스 뱅크스, 윌 아넷, 스테파니 비트리즈, 티파니 해디쉬, 알리슨 브리,,,,,,,,,,,,,,,,
저스틴,2013.12.31,,0.10%,"229,577",332,"6,164",스페인,스페인,(주)넥스트엔터테인먼트월드(NEW), 마누엘 시실라,,,,,,,,, 시얼샤 로넌, 안토니오 반데라스, 프레디 하이모어,,,,,,,,,,,,,,,,,,,
"극장판 파워레인저 다이노포스VS고버스터즈 공룡 대결전! ~안녕, 영원한 친구여!~",2014.10.2,,0.10%,"215,046",363,"6,727",일본,일본,(주)이수C&E,,,,,,,,,,,,,,,,,,,,,,,,,,,,,,,
론 서바이버,2014.4.2,,0.10%,"190,611",305,"11,565",미국,미국,유니버설픽쳐스인터내셔널 코리아(유), 스티븐 더햄,,,,,,,,, 엘렌 홀맨,,,,,,,,,,,,,,,,,,,,,
일곱난쟁이,2014.12.24,,0.10%,"184,661",263,"2,847",독일,독일,메가박스중앙(주)플러스엠, 헤랄드 지페르만, 보리스 알지노빅,,,,,,,, 조슈아 그레이엄, 맷 길버트,,,,,,,,,,,,,,,,,,,,
하울의 움직이는 성,2004.12.23,,0.10%,"179,708",331,"6,357",일본,일본,"(주)이수C&E,(주)시네마서비스", 미야자키 하야오,,,,,,,,, 바이쇼 치에코, 기무라 타쿠야,,,,,,,,,,,,,,,,,,,,
폴리스 스토리 2014,2014.1.29,,0.10%,"153,591",251,"5,490",중국,중국,유니버설픽쳐스인터내셔널 코리아(유), 딩성,,,,,,,,, 성룡, 류예, 경첨, 우영광,,,,,,,,,,,,,,,,,,
마다가스카의 펭귄,2014.12.31,,0.10%,"148,890",509,"1,497",미국,미국,(주)씨제이이엔엠, 에릭 다넬, 사이몬 J. 스미스,,,,,,,, 베네딕트 컴버배치, 존 말코비치, 톰 맥그라스, 크리스 밀러, 크리스토퍼 나이츠, 켄 정,,,,,,,,,,,,,,,,
가시,2014.4.10,,0.10%,"142,170",356,"11,622",한국,한국,(주)인벤트스톤, 김태균,,,,,,,,, 장혁, 조보아, 선우선,,,,,,,,,,,,,,,,,,,
맨홀,2014.10.8,,0.10%,"133,663",286,"10,324",한국,한국,롯데쇼핑㈜롯데엔터테인먼트, 신재영,,,,,,,,, 정경호, 정유미, 김새론,,,,,,,,,,,,,,,,,,,
터키,2014.7.31,,0.00%,"113,795",182,"2,384",미국,미국,롯데쇼핑㈜롯데엔터테인먼트, 지미 헤이워드,,,,,,,,, 오웬 윌슨, 우디 해럴슨, 에이미 포엘러,,,,,,,,,,,,,,,,,,,
슈퍼미니,2014.4.10,,0.00%,"92,447",303,"3,343",프랑스,프랑스,판씨네마(주), 토마스 자보, 헬레네 지라드,,,,,,,, 브루노 살로몬, 티에리 프레몽,,,,,,,,,,,,,,,,,,,,
짱구는 못말려 극장판：엄청 맛있어! B급 음식 서바이벌!,2014.4.3,,0.00%,"84,306",301,"3,278",일본,일본,롯데쇼핑㈜롯데엔터테인먼트, 하시모토 마사카즈,,,,,,,,, 야지마 아키코, 후지와라 케이지, 나라하시 미키,,,,,,,,,,,,,,,,,,,
정글히어로,2014.10.2,,0.00%,"72,047",287,"2,825",한국,한국,(주)씨제이이엔엠, 세스 라니,,,,,,,,, 줄 아리핀,,,,,,,,,,,,,,,,,,,,,
경주,2014.6.12,,0.00%,"63,481",318,"5,727",한국,한국,(주)인벤트스톤, 장률,,,,,,,,, 박해일, 신민아, 윤진서, 김태훈,,,,,,,,,,,,,,,,,,
다이애나,2014.3.6,,0.00%,"58,296",279,"5,354",영국,"영국,프랑스,스웨덴,벨기에",(주)영화사 빅, 시몽 리폴-위리에르,,,,,,,,,,,,,,,,,,,,,,,,,,,,,,
프랭크,2014.9.25,,0.00%,"52,460",208,"4,361",영국,"영국,아일랜드",(주)영화사 진진, 레니 에이브러햄슨,,,,,,,,, 마이클 패스벤더, 도널 글리슨, 매기 질렌할,,,,,,,,,,,,,,,,,,,
다이빙벨,2014.10.23,,0.00%,"48,492",34,"2,279",한국,한국,(주)시네마달, 이상호, 안해룡,,,,,,,, 이종인,,,,,,,,,,,,,,,,,,,,,
설계,2014.9.18,,0.00%,"45,726",257,"5,465",한국,한국,(주)팝엔터테인먼트, 박창진,,,,,,,,, 신은경, 오인혜, 이기영, 강지섭,,,,,,,,,,,,,,,,,,
울브스,2014.11.13,,0.00%,"43,613",291,"4,117",미국,미국,(주)프레인글로벌, 데이비드 헤이터,,,,,,,,, 루카스 틸, 메릿 패터슨, 제이슨 모모아,,,,,,,,,,,,,,,,,,,
몬스터 왕국,2014.5.1,,0.00%,"37,582",160,"1,824",스웨덴,"스웨덴,덴마크",씨너스엔터테인먼트(주), 에스벤 토프트 야콥슨,,,,,,,,, 에스벤 토프트 야콥슨,,,,,,,,,,,,,,,,,,,,,
만신,2014.3.6,,0.00%,"36,190",88,"2,851",한국,한국,(주)엣나인필름, 박찬경,,,,,,,,, 김새론, 류현경, 문소리, 김금화,,,,,,,,,,,,,,,,,,
목숨,2014.12.4,,0.00%,"35,665",97,"1,691",한국,한국,필라멘트픽쳐스, 이창재,,,,,,,,, 박수명, 박진우, 신창열, 김정자,,,,,,,,,,,,,,,,,,
마미,2014.12.18,,0.00%,"35,122",84,"1,616",캐나다,"캐나다,프랑스",(주)엣나인필름, 자비에 돌란,,,,,,,,, 앤 도벌, 안토니 올리버 피론, 쉬잔느 클레먼트,,,,,,,,,,,,,,,,,,,
마이 블랭키,2014.6.4,,0.00%,"32,406",111,"1,108",스페인,"스페인,이탈리아,프랑스",(주)마인스 엔터테인먼트, 프란시스 닐슨,,,,,,,,, 크리스티나 휴즈,,,,,,,,,,,,,,,,,,,,,
어떤 만남,2014.7.31,,0.00%,"27,302",39,890,프랑스,프랑스,(주)티캐스트콘텐츠허브, 이반 로웬버그,,,,,,,,,,,,,,,,,,,,,,,,,,,,,,
꼬마영웅 경찰차 프로디2,2014.3.20,,0.00%,"25,149",257,"1,554",노르웨이,노르웨이,예지림엔터테인먼트, 라스무스 A. 실버르센,,,,,,,,, 로버트 스톨텐베르그,,,,,,,,,,,,,,,,,,,,,
비행기,2013.12.19,,0.00%,"23,902",64,609,미국,미국,소니픽쳐스릴리징월트디즈니스튜디오스코리아(주), 헤수스 마르티네, 호토니,,,,,,,,,,,,,,,,,,,,,,,,,,,,,
GROW: 인피니트의 리얼 청춘 라이프,2014.12.4,,0.00%,"23,865",71,824,한국,한국,골든타이드픽처스(주), 김진수,,,,,,,,, 인피니트,,,,,,,,,,,,,,,,,,,,,
타임 투 러브,2014.10.23,,0.00%,"23,597",201,"3,098",미국,미국,(주)인벤트스톤, 저스틴 리어든,,,,,,,,, 크리스 에반스, 미셸 모나한, 애슐리 티스데일, 마틴 스타, 오브리 플라자,,,,,,,,,,,,,,,,,
디노타샤: 공룡대탐험,2014.1.29,,0.00%,"23,530",138,"1,195",미국,미국,(주)영화사 빅, 데이빗 크렌츠, 에릭 넬슨,,,,,,,, 베르너 헤어조크,,,,,,,,,,,,,,,,,,,,,
천하무적 키코리키,2014.7.17,,0.00%,"21,889",186,"1,162",러시아,러시아,와이드 릴리즈(주), 데니스 체르노프,,,,,,,,, 최낙윤,,,,,,,,,,,,,,,,,,,,,
60만번의 트라이,2014.9.18,,0.00%,"21,239",76,"1,605",한국,"한국,일본",㈜인디스토리, 박사유, 박돈사,,,,,,,, 문정희, 김관태, 현충현, 김철홍, 이경주,,,,,,,,,,,,,,,,,
그랜드 피아노,2014.4.17,,0.00%,"20,961",95,"1,165",스페인,스페인,와이드 릴리즈(주), 아나벨라 로케,,,,,,,,, 아나벨라 로케,,,,,,,,,,,,,,,,,,,,,
누구에게나 찬란한,2014.11.6,,0.00%,"19,865",51,"1,274",한국,한국,CGV아트하우스, 임유철,,,,,,,,, 김남길, 김태근, 박철우, 신성훈,,,,,,,,,,,,,,,,,,
에코,2014.10.8,,0.00%,"19,356",154,"1,290",미국,미국,"(주)박수엔터테인먼트,(주)필름오마쥬", 데이브 그린,,,,,,,,, 테오 할름, 아스트로, 리스 하트위그, 엘라 발슈테트,,,,,,,,,,,,,,,,,,
빌리 엘리어트 뮤지컬 라이브,2014.11.27,,0.00%,"18,615",37,637,미국,미국,유니버설픽쳐스인터내셔널 코리아(유),,,,,,,,,,,,,,,,,,,,,,,,,,,,,,,
비포 : 치즈와 초콜릿을 찾아서,2014.7.10,,0.00%,"18,310",90,766,이스라엘,이스라엘,(주)영화사 빅, 이도 엔젤,,,,,,,,, 이도 엔젤,,,,,,,,,,,,,,,,,,,,,
스톤,2014.6.12,,0.00%,"18,061",148,"1,892",한국,한국,씨너스엔터테인먼트(주), 조세래,,,,,,,,, 조동인, 김뢰하, 박원상,,,,,,,,,,,,,,,,,,,
본타: 땅콩왕국의 전설,2014.10.30,,0.00%,"18,022",179,933,중국,중국,(주)팝엔터테인먼트, 레오 리,,,,,,,,, 오뢰,,,,,,,,,,,,,,,,,,,,,
캡틴 하록,2014.1.16,,0.00%,"17,977",120,"1,108",일본,일본,(주)박수엔터테인먼트, 아라마키 신지,,,,,,,,, 오구리 슌, 미우라 하루마, 아오이 유우,,,,,,,,,,,,,,,,,,,
더 테너 리리코 스핀토,2014.12.31,,0.00%,"17,870",185,535,한국,한국,"(주)박수엔터테인먼트,(주)모인그룹", 김상만,,,,,,,,, 유지태, 차예련, 이세야 유스케,,,,,,,,,,,,,,,,,,,
호비와 쿠우의 어드벤처 : 고래의 노래,2014.6.12,,0.00%,"17,450",54,"1,010",일본,일본,"(주)머스트씨무비,(주)머스트씨무비릴리징컴퍼니", 히라바야시 이사무, 히로시 카와마타,,,,,,,, 미나미 오미, 미키 타카하시, 야마자키 타쿠미,,,,,,,,,,,,,,,,,,,
프라이버시,2014.3.20,,0.00%,"16,936",165,"2,147",영국,"영국,미국",(주)인벤트스톤, 존 크로울리,,,,,,,,, 에릭 바나, 레베카 홀, 짐 브로드벤트,,,,,,,,,,,,,,,,,,,
산타바바라,2014.7.16,,0.00%,"16,626",101,"1,733",한국,"한국,미국",(주)나이너스엔터테인먼트, 조성규,,,,,,,,, 이상윤, 윤진서, 이솜,,,,,,,,,,,,,,,,,,,
봄,2014.11.20,,0.00%,"14,780",112,"1,495",한국,한국,필라멘트픽쳐스, 조근현,,,,,,,,, 박용우, 김서형, 이유영,,,,,,,,,,,,,,,,,,,
피노키오의 모험,2014.9.18,,0.00%,"14,768",56,552,독일,독일,(주)소나무픽쳐스, 안나 저스티스,,,,,,,,, 마리오 아도프, 아론 키지오프,,,,,,,,,,,,,,,,,,,,
런치박스,2014.4.10,,0.00%,"14,660",40,945,인도,"인도,프랑스,독일",(주)팝엔터테인먼트, 리테쉬 바트라,,,,,,,,, 이르판 칸, 님랏 카우르, 나와주딘 시디퀴,,,,,,,,,,,,,,,,,,,
피막,2014.9.25,,0.00%,"14,609",170,"2,187",태국,태국,와이드 릴리즈(주), 반종 피산다나쿤,,,,,,,,, 마리오 마우러, 다비카 후네,,,,,,,,,,,,,,,,,,,,
중2병이라도 사랑이 하고 싶어! 극장판,2014.2.6,,0.00%,"14,064",32,548,일본,일본,(주)머스트씨무비, 이시하라 타츠야,,,,,,,,, 우치다 마아야,,,,,,,,,,,,,,,,,,,,,
캐치미,2013.12.18,,0.00%,"13,692",51,713,한국,한국,롯데쇼핑㈜롯데엔터테인먼트, 이현우,,,,,,,,,,,,,,,,,,,,,,,,,,,,,,
그 사람 추기경,2014.8.6,,0.00%,"13,448",43,775,한국,한국,주식회사 마운틴픽쳐스, 전성우, 황인준,,,,,,,, 김수환,,,,,,,,,,,,,,,,,,,,,
황금시대,2014.10.16,,0.00%,"13,371",58,958,중국,중국,판씨네마(주), 허안화,,,,,,,,, 탕웨이, 풍소봉,,,,,,,,,,,,,,,,,,,,
할리데이,2014.10.16,,0.00%,"13,073",147,"1,921",영국,영국,(주)영화사 빅, 양윤호,,,,,,,,, 이성재, 최민수,,,,,,,,,,,,,,,,,,,,
세이빙 미스터 뱅크스,2014.4.3,,0.00%,"12,957",56,"1,354",미국,"미국,영국,호주",소니픽쳐스릴리징월트디즈니스튜디오스코리아(주),,,,,,,,,,,,,,,,,,,,,,,,,,,,,,,
시선,2014.4.16,,0.00%,"12,950",112,"1,696",한국,한국,(주)나이너스엔터테인먼트, 이장호,,,,,,,,, 오광록,,,,,,,,,,,,,,,,,,,,,
로미오와 줄리엣,1996.12.28,,0.00%,"12,679",47,"1,208",미국,미국,"이십세기폭스코리아(주),(주)프레인글로벌", 바즈 루어만,,,,,,,,, 레오나르도 디카프리오, 클레어 데인즈,,,,,,,,,,,,,,,,,,,,
르누아르,2014.2.13,,0.00%,"12,273",22,716,프랑스,프랑스,프리비젼엔터테인먼트, 질 부르도스,,,,,,,,, 미셀 부케, 크리스타 테렛, 빈센트 로티어스,,,,,,,,,,,,,,,,,,,
피쉬와 칩스 극장판,2014.3.6,,0.00%,"11,910",158,728,호주,호주,"(주)마인스 엔터테인먼트,(유)영화사 화수분", 댄 크레치,,,,,,,,, 존 레귀자모,,,,,,,,,,,,,,,,,,,,,
현기증,2014.11.6,,0.00%,"11,785",71,"1,300",한국,한국,메가박스중앙(주)플러스엠, 이돈구,,,,,,,,, 김영애, 도지원, 송일국, 김소은,,,,,,,,,,,,,,,,,,
월드 워 Z,2013.6.20,,2.50%,"5,237,525",964,"100,823",미국,미국,롯데쇼핑㈜롯데엔터테인먼트, 샘 햄슨,,,,,,,,,,,,,,,,,,,,,,,,,,,,,,
감기,2013.8.14,,1.40%,"3,117,859",806,"55,046",한국,한국,아이러브시네마, 김성수,,,,,,,,, 장혁, 수애, 박민하,,,,,,,,,,,,,,,,,,,
어바웃 타임,2013.12.5,,1.30%,"2,856,065",568,"49,967",영국,영국,유니버설픽쳐스인터내셔널 코리아(유), 리차드 커티스,,,,,,,,, 도널 글리슨, 레이첼 맥아담스,,,,,,,,,,,,,,,,,,,,
소원,2013.10.2,,1.20%,"2,711,083",651,"72,329",한국,한국,롯데쇼핑㈜롯데엔터테인먼트, 이준익,,,,,,,,, 설경구, 엄지원, 이레,,,,,,,,,,,,,,,,,,,
퍼시픽 림,2013.7.11,,1.30%,"2,539,113","1,005","55,655",미국,미국,워너브러더스 코리아(주),,,,,,,,,,,,,,,,,,,,,,,,,,,,,,,
몽타주,2013.5.16,,1.00%,"2,095,592",544,"53,195",한국,한국,(주)넥스트엔터테인먼트월드(NEW), 정근섭,,,,,,,,, 엄정화, 김상경, 송영창,,,,,,,,,,,,,,,,,,,
터보,2013.7.25,,0.80%,"1,924,414",634,"28,783",미국,미국,(주)씨제이이엔엠, 데이빗 소렌,,,,,,,,, 라이언 레이놀즈, 폴 지아마티, 마이클 페나, 사무엘 L. 잭슨, 루이스 구즈만, 스눕 독,,,,,,,,,,,,,,,,
런닝맨,2013.4.4,,0.60%,"1,422,844",567,"45,995",한국,"한국,미국",이십세기폭스코리아(주), 조동오,,,,,,,,, 신하균, 이태리, 김상호, 조은지, 오정세,,,,,,,,,,,,,,,,,
에픽 : 숲속의 전설,2013.8.7,,0.40%,"978,785",471,"18,377",미국,미국,이십세기폭스코리아(주), 크리스 웨지,,,,,,,,, 아만다 사이프리드, 조쉬 허처슨, 콜린 파렐,,,,,,,,,,,,,,,,,,,
전국노래자랑,2013.5.1,,0.40%,"978,413",581,"41,649",한국,한국,롯데쇼핑㈜롯데엔터테인먼트, 이종필,,,,,,,,, 김인권, 류현경, 김수미, 오광록, 유연석, 이초희, 오현경, 김중기,,,,,,,,,,,,,,
몬스터 호텔,2013.1.17,,0.40%,"884,885",489,"16,647",미국,미국,소니픽쳐스릴리징월트디즈니스튜디오스코리아(주), 젠디 타타코브스키,,,,,,,,, 아담 샌들러, 셀레나 고메즈,,,,,,,,,,,,,,,,,,,,
열한시,2013.11.28,,0.40%,"870,785",512,"32,536",한국,한국,(주)씨제이이엔엠, 김현석,,,,,,,,, 정재영, 최다니엘, 김옥빈,,,,,,,,,,,,,,,,,,,
사이코메트리,2013.3.7,,0.30%,"534,273",429,"23,487",한국,한국,(주)씨제이이엔엠, 토마스 로스,,,,,,,,, 조 우드콕, 코스모 자비스, 제임스 코스모,,,,,,,,,,,,,,,,,,,
캐치미,2013.12.18,,0.20%,"480,434",517,"16,151",한국,한국,롯데쇼핑㈜롯데엔터테인먼트, 이현우,,,,,,,,,,,,,,,,,,,,,,,,,,,,,,
스토커,2013.2.28,,0.20%,"378,874",329,"15,590",미국,미국,이십세기폭스코리아(주), 박찬욱,,,,,,,,, 미아 와시코브스카, 매튜 구드, 니콜 키드먼,,,,,,,,,,,,,,,,,,,
주먹왕 랄프,2012.12.19,,0.10%,"301,436",286,"7,086",미국,미국,소니픽쳐스릴리징월트디즈니스튜디오스코리아(주), 필 존스턴, 리치 무어,,,,,,,, 존 C. 라일리, 사라 실버맨, 제인 린치, 잭 맥브레이어,,,,,,,,,,,,,,,,,,
눈의 여왕,2013.2.7,,0.10%,"276,913",316,"6,528",러시아,러시아,(주)넥스트엔터테인먼트월드(NEW), 아담 갠저,,,,,,,,, 아멜리아 모크,,,,,,,,,,,,,,,,,,,,,
롤러코스터,2013.10.17,,0.10%,"270,148",374,"14,726",한국,한국,(주)씨제이이엔엠, 하정우,,,,,,,,, 정경호, 한수현,,,,,,,,,,,,,,,,,,,,
헨젤과 그레텔: 마녀 사냥꾼 3D,2013.2.14,,0.10%,"269,510",297,"10,624",미국,"미국,영국",(주)씨제이이엔엠,,,,,,,,,,,,,,,,,,,,,,,,,,,,,,,
파이스토리 : 악당상어 소탕작전,2013.1.10,,0.10%,"267,440",298,"7,483",미국,"미국,한국",(주)에스비에스콘텐츠허브, 마크 A.Z. 디페, 박태동,,,,,,,, 드레이크 벨, 앤디 딕,,,,,,,,,,,,,,,,,,,,
잡스,2013.8.29,,0.10%,"225,343",402,"12,017",미국,미국,(주)넥스트엔터테인먼트월드(NEW), 조슈아 마이클 스턴,,,,,,,,, 애쉬튼 커쳐, 조시 게드, 더모트 멀로니, 매튜 모딘,,,,,,,,,,,,,,,,,,
짱구는 못말려 극장판:태풍을 부르는 나와 우주의 프린세스,2013.4.25,,0.10%,"217,320",328,"5,977",일본,일본,롯데쇼핑㈜롯데엔터테인먼트, 마스이 소우이치,,,,,,,,, 야지마 아키코, 나라하시 미키, 후지와라 케이지, 코오로기 사토미,,,,,,,,,,,,,,,,,,
송 포 유,2013.4.18,,0.10%,"217,314",317,"11,737",영국,영국,(주)넥스트엔터테인먼트월드(NEW),,,,,,,,,,,,,,,,,,,,,,,,,,,,,,,
비행기,2013.12.19,,0.10%,"209,653",408,"5,620",미국,미국,소니픽쳐스릴리징월트디즈니스튜디오스코리아(주), 헤수스 마르티네, 호토니,,,,,,,,,,,,,,,,,,,,,,,,,,,,,
노리개,2013.4.18,,0.10%,"169,064",278,"11,564",한국,한국,(주)인벤트스톤, 최승호,,,,,,,,, 마동석, 이승연, 민지현, 이도아,,,,,,,,,,,,,,,,,,
니코: 산타비행단의 모험,2012.12.25,,0.10%,"164,386",260,"4,260",핀란드,"핀란드,덴마크,아일랜드,독일",씨너스엔터테인먼트(주), 캐리 주스넌, 요르겐 레르담,,,,,,,, 카리 히타라티,,,,,,,,,,,,,,,,,,,,,
히든 카드,2013.9.26,,0.10%,"151,476",362,"10,423",미국,미국,이십세기폭스코리아(주), 브래드 퍼맨,,,,,,,,, 저스틴 팀버레이크, 벤 애플렉, 젬마 아터튼,,,,,,,,,,,,,,,,,,,
링컨,2013.3.14,,0.10%,"137,505",214,"5,948",미국,미국,이십세기폭스코리아(주), 스티븐 스필버그,,,,,,,,, 다니엘 데이 루이스, 조셉 고든 레빗, 토미 리 존스, 샐리 필드,,,,,,,,,,,,,,,,,,
카운슬러,2013.11.14,,0.10%,"133,272",293,"7,740",미국,"미국,영국",이십세기폭스코리아(주), 리들리 스콧,,,,,,,,, 마이클 패스벤더, 페넬로페 크루즈, 카메론 디아즈, 하비에르 바르뎀, 브래드 피트,,,,,,,,,,,,,,,,,
바람이 분다,2013.9.5,,0.00%,"106,439",288,"6,684",일본,일본,롯데쇼핑㈜롯데엔터테인먼트, 홍유정,,,,,,,,, 이상희, 이재열, 김진수, 김성훈, 윤제휘, 현가온, 김혜수,,,,,,,,,,,,,,,
마마,2013.1.23,,0.00%,"91,143",164,"4,091",미국,미국,유니버설픽쳐스인터내셔널 코리아(유), 훌리오 메뎀,,,,,,,,, 페넬로페 크루즈, 루이스 토사, 에시어 엑센디아,,,,,,,,,,,,,,,,,,,
몬스터 주식회사,2001.12.20,,0.10%,"90,143",177,"2,594",미국,미국,"한국소니픽쳐스릴리징브에나비스타영화㈜,소니픽쳐스릴리징월트디즈니스튜디오스코리아(주)", 피트 닥터, 데이빗 실버맨, 리 언크리치,,,,,,, 존 굿맨, 빌리 크리스탈, 메리 깁스, 스티브 부세미, 제임스 코번, 제니퍼 틸리,,,,,,,,,,,,,,,,
더 콜,2013.6.20,,0.00%,"88,953",241,"5,412",미국,미국,(주)넥스트엔터테인먼트월드(NEW), 브래드 앤더슨,,,,,,,,, 할리 베리, 아비게일 브레스린, 모리스 체스트넛,,,,,,,,,,,,,,,,,,,
라스트 스탠드,2013.2.21,,0.00%,"66,790",300,"7,704",미국,"미국,한국",(주)씨제이이엔엠, 줄리안 조단,,,,,,,,,,,,,,,,,,,,,,,,,,,,,,
웃는 남자,2013.3.28,,0.00%,"57,838",170,"3,824",프랑스,"프랑스,체코",씨너스엔터테인먼트(주), 장 피에르 아메리스,,,,,,,,, 제라르 드빠르디유, 마크 앙드레 그롱당, 크리스타 테렛, 엠마누엘 자이그너,,,,,,,,,,,,,,,,,,
길위에서,2013.5.23,,0.00%,"53,230",23,"1,843",한국,한국,㈜영화사 백두대간, 이창재,,,,,,,,, 이창재, 민재 행자, 선우, 상욱, 영운,,,,,,,,,,,,,,,,,
블랙 가스펠,2013.11.14,,0.00%,"50,985",143,"2,848",한국,한국,(주)넥스트엔터테인먼트월드(NEW), 김성권,,,,,,,,, 양동근,,,,,,,,,,,,,,,,,,,,,
뜨거운 안녕,2013.5.30,,0.00%,"47,105",172,"3,497",한국,"한국,일본",(주)나이너스엔터테인먼트, 남택수,,,,,,,,, 이홍기, 마동석, 임원희, 백진희,,,,,,,,,,,,,,,,,,
호스트,2013.4.4,,0.00%,"42,972",244,"4,993",미국,미국,(주)넥스트엔터테인먼트월드(NEW), 롭 새비지,,,,,,,,, 헤일리 비숍, 젬마 무어, 엠마 루이즈 웨브, 라디나 드란도바, 캐롤라인 워드, 실란 백스터,,,,,,,,,,,,,,,,
세이프 헤이븐,2013.11.6,,0.00%,"40,813",133,"2,620",미국,미국,(주)팝엔터테인먼트, 에드슨 다 콘세이카오, 티모 오테반거,,,,,,,,,,,,,,,,,,,,,,,,,,,,,
저스틴,2013.12.31,,0.00%,"36,676",308,646,스페인,스페인,(주)넥스트엔터테인먼트월드(NEW), 마누엘 시실라,,,,,,,,, 시얼샤 로넌, 안토니오 반데라스, 프레디 하이모어,,,,,,,,,,,,,,,,,,,
뫼비우스,2013.9.5,,0.00%,"35,348",128,"4,032",한국,한국,(주)넥스트엔터테인먼트월드(NEW), 김기덕,,,,,,,,, 조재현, 서영주, 이은우,,,,,,,,,,,,,,,,,,,
드래곤 헌터,2013.1.24,,0.00%,"34,984",105,"1,973",프랑스,"프랑스,독일","롯데쇼핑㈜롯데엔터테인먼트,케이비에스미디어(주)", 기욤 이베르넬, 아르튀르 크왁,,,,,,,, 벵상 링던,,,,,,,,,,,,,,,,,,,,,
러스트 앤 본,2013.5.2,,0.00%,"31,800",38,"1,622",프랑스,프랑스,그린나래미디어(주),,,,,,,,,,,,,,,,,,,,,,,,,,,,,,,
꼭두각시,2013.6.20,,0.00%,"31,713",134,"2,862",한국,한국,(주)인벤트스톤, 권영락,,,,,,,,, 이종수, 구지성, 원기준, 한소영,,,,,,,,,,,,,,,,,,
머드,2013.11.28,,0.00%,"28,507",113,"2,008",미국,미국,(주)프레인글로벌, 제프 니콜스,,,,,,,,, 매튜 맥커너히, 타이 쉐리던, 리즈 위더스푼,,,,,,,,,,,,,,,,,,,
스파이크,2013.12.5,,0.00%,"25,158",159,"1,199",프랑스,프랑스,"예지림엔터테인먼트,선필름", 데이빗 알루, 에릭 토스티,,,,,,,, 데이빗 알루, 에릭 토스티,,,,,,,,,,,,,,,,,,,,
빅 픽처,2013.7.4,,0.00%,"25,038",38,"1,131",프랑스,프랑스,(주)드림웨스트픽쳐스, 에릭 라티고,,,,,,,,, 로망 뒤리스, 마리나 포이스, 까뜨린느 드뇌브,,,,,,,,,,,,,,,,,,,
히어로,2013.10.8,,0.00%,"23,841",179,"2,130",한국,한국,(주)마인스 엔터테인먼트, 브렛 헤일리,,,,,,,,, 샘 엘리어트, 로라 프레폰,,,,,,,,,,,,,,,,,,,,
빨간머리 앤 : 그린게이블로 가는 길,2013.1.9,,0.00%,"23,531",108,"1,551",일본,일본,(주)미디어데이, 다카하타 이사오,,,,,,,,, 다카하타 이사오, 치바 시게키, 이소무라 아이코, 고야마 세이치로,,,,,,,,,,,,,,,,,,
디스커넥트,2013.11.7,,0.00%,"23,255",113,"1,655",미국,미국,(주)영화사 빅, 안네마리 자시르,,,,,,,,,,,,,,,,,,,,,,,,,,,,,,
짓,2013.9.25,,0.00%,"23,052",159,"2,758",한국,한국,(주)팝파트너스, 한종훈,,,,,,,,, 서태화, 김희정, 서은아, 곽민호,,,,,,,,,,,,,,,,,,
그랑블루 리마스터링 감독판,2013.7.25,,0.00%,"21,385",34,713,프랑스,"프랑스,이탈리아",(주)팝파트너스,,,,,,,,,,,,,,,,,,,,,,,,,,,,,,,
소녀,2013.11.7,,0.00%,"20,594",73,"1,595",한국,한국,(주)씨제이이엔엠, 최진성,,,,,,,,, 김시후, 김윤혜,,,,,,,,,,,,,,,,,,,,
테이크다운,2013.4.18,,0.00%,"19,415",138,"2,432",영국,"영국,미국",(주)에스비에스콘텐츠허브, 에란 크리비,,,,,,,,, 제임스 맥어보이, 마크 스트롱, 안드레아 라이즈보로, 데이비드 모리시,,,,,,,,,,,,,,,,,,
퍼펙트,2013.9.25,,0.00%,"18,179",136,"2,241",미국,미국,(주)마인스 엔터테인먼트, 닐스 아르덴 오플레브,,,,,,,,, 콜린 파렐, 테렌스 하워드, 누미 라파스,,,,,,,,,,,,,,,,,,,
터치 오브 라이트,2013.3.14,,0.00%,"16,897",128,"1,793",대만,대만,씨너스엔터테인먼트(주), 장영치,,,,,,,,, 장용용, 황유상, 이열, 가숙근,,,,,,,,,,,,,,,,,,
명왕성,2013.7.11,,0.00%,"16,835",78,"1,646",한국,한국,(주)싸이더스, 이도경,,,,,,,,, 유은조,,,,,,,,,,,,,,,,,,,,,
베이트,2013.8.8,,0.00%,"16,091",59,849,호주,호주,(주)팝파트너스, 소피 길모어,,,,,,,,,,,,,,,,,,,,,,,,,,,,,,
극장판 포켓몬스터 베스트위시「메로엣타의 반짝반짝 음악회」,2012.12.19,,0.00%,"14,677",35,515,일본,일본,,,,,,,,,,,,,,,,,,,,,,,,,,,,,,,,
갬빗,2013.11.28,,0.00%,"14,426",94,"1,227",미국,미국,(주)나이너스엔터테인먼트, 마이클 호프만,,,,,,,,, 콜린 퍼스, 카메론 디아즈, 앨런 릭먼, 톰 커트니, 스탠리 투치,,,,,,,,,,,,,,,,,
브로큰 시티,2013.4.4,,0.00%,"12,771",80,"1,359",미국,미국,(주)팝파트너스, 알렌 휴즈,,,,,,,,, 마크 월버그, 러셀 크로우, 캐서린 제타 존스,,,,,,,,,,,,,,,,,,,
콰르텟,2013.3.28,,0.00%,"12,717",37,832,영국,영국,㈜영화사 백두대간, 더스틴 호프만,,,,,,,,, 매기 스미스, 톰 커트니, 빌리 코놀리, 폴린 콜린스, 마이클 갬본,,,,,,,,,,,,,,,,,
슈퍼히어로,2013.7.31,,0.00%,"11,469",74,647,페루,페루,(주)영화사 빅, 에두와르도 슐츠,,,,,,,,, 곽윤상, 김승태,,,,,,,,,,,,,,,,,,,,
모래가 흐르는 강,2013.3.28,,0.00%,"10,942",20,428,한국,한국,(주)시네마달,,,,,,,,,,,,,,,,,,,,,,,,,,,,,,,
쉐프,2013.5.30,,0.00%,"9,684",22,678,프랑스,"프랑스,스페인",(주)미디어데이, 다니엘 코헨,,,,,,,,, 장 르노, 미카엘 윤, 라파엘 아고귀에,,,,,,,,,,,,,,,,,,,
콜렉션,2013.5.2,,0.00%,"9,518",62,"1,103",미국,미국,(주)팝엔터테인먼트, 마커스 던스탠,,,,,,,,, 조시 스튜어트,,,,,,,,,,,,,,,,,,,,,
드림팀,2013.3.21,,0.00%,"9,483",97,"1,141",프랑스,프랑스,(주)싸이더스, 올리비에 다한,,,,,,,,, 오마 사이, 호세 가르시아,,,,,,,,,,,,,,,,,,,,
라 붐,2013.10.24,,0.00%,"8,675",34,639,프랑스,프랑스,(주)앤드플러스미디어웍스, 클로드 피노토,,,,,,,,, 소피 마르소, 클로드 브라소, 브리지트 포시,,,,,,,,,,,,,,,,,,,
화양연화,2000.10.20,,0.00%,"8,552",33,724,홍콩,"홍콩,프랑스",(주)디스테이션, 왕가위,,,,,,,,, 장만옥, 양조위,,,,,,,,,,,,,,,,,,,,
