rank,name,date,sales ,sales_share,boxoffice_num,num_of_screen,num_of_screenings,nation,rep_nation,distributor
1,극한직업,2019.1.23,"139,651,845,516",7.3%,"16,265,618","2,003","292,584",한국,한국,(주)씨제이이엔엠
2,어벤져스: 엔드게임,2019.4.24,"122,182,694,160",6.4%,"13,934,592","2,835","242,001",미국,미국,월트디즈니컴퍼니코리아 유한책임회사
3,겨울왕국 2,2019.11.21,"111,596,248,720",5.8%,"13,369,064","2,648","282,557",미국,미국,월트디즈니컴퍼니코리아 유한책임회사
4,알라딘,2019.5.23,"106,955,138,359",5.6%,"12,552,283","1,409","266,469",미국,미국,월트디즈니컴퍼니코리아 유한책임회사
5,기생충,2019.5.30,"85,883,963,645",4.5%,"10,085,275","1,948","192,855",한국,한국,(주)씨제이이엔엠
6,엑시트,2019.7.31,"79,232,012,162",4.1%,"9,426,011","1,660","202,223",한국,한국,(주)씨제이이엔엠
7,스파이더맨: 파 프롬 홈,2019.7.2,"69,010,000,100",3.6%,"8,021,145","2,142","180,474",미국,미국,소니픽쳐스엔터테인먼트코리아주식회사극장배급지점
8,백두산,2019.12.19,"52,905,789,770",2.8%,"6,290,502","1,971","99,915",한국,한국,"(주)씨제이이엔엠,(주)덱스터스튜디오"
9,캡틴 마블,2019.3.6,"51,507,488,723",2.7%,"5,802,810","2,100","186,382",미국,미국,월트디즈니컴퍼니코리아 유한책임회사
10,조커,2019.10.2,"45,381,075,450",2.4%,"5,247,874","1,418","147,380",미국,미국,워너브러더스 코리아(주)
11,봉오동 전투,2019.8.7,"40,588,648,538",2.1%,"4,787,538","1,476","107,030",한국,한국,(주)쇼박스
12,라이온 킹,2019.7.17,"41,519,457,430",2.2%,"4,743,264","1,936","126,496",미국,미국,월트디즈니컴퍼니코리아 유한책임회사
13,나쁜 녀석들: 더 무비,2019.9.11,"39,560,195,124",2.1%,"4,573,902","1,511","113,938",한국,한국,(주)씨제이이엔엠
14,82년생 김지영,2019.10.23,"30,298,542,310",1.6%,"3,678,156","1,486","145,441",한국,한국,롯데컬처웍스(주)롯데엔터테인먼트
15,분노의 질주: 홉스&쇼,2019.8.14,"32,241,767,793",1.7%,"3,657,536","1,311","94,896",미국,미국,유니버설픽쳐스인터내셔널 코리아(유)
16,토이 스토리 4,2019.6.20,"28,758,452,040",1.5%,"3,400,034","1,336","85,875",미국,미국,월트디즈니컴퍼니코리아 유한책임회사
17,돈,2019.3.20,"28,870,244,062",1.5%,"3,389,125","1,431","120,809",한국,한국,(주)쇼박스
18,악인전,2019.5.15,"29,133,760,150",1.5%,"3,364,712","1,307","97,351",한국,한국,"(주)에이스메이커무비웍스,(주)키위미디어그룹"
19,가장 보통의 연애,2019.10.2,"24,885,803,430",1.3%,"2,924,563","1,073","111,527",한국,한국,(주)넥스트엔터테인먼트월드(NEW)
20,말모이,2019.1.9,"23,685,091,520",1.2%,"2,812,877","1,203","87,591",한국,한국,롯데컬처웍스(주)롯데엔터테인먼트
21,증인,2019.2.13,"20,482,789,331",1.1%,"2,534,748","1,047","89,564",한국,한국,롯데컬처웍스(주)롯데엔터테인먼트
22,시동,2019.12.18,"21,236,477,800",1.1%,"2,525,986","1,515","58,603",한국,한국,(주)넥스트엔터테인먼트월드(NEW)
23,블랙머니,2019.11.13,"20,863,134,010",1.1%,"2,478,964","1,141","77,469",한국,한국,(주)에이스메이커무비웍스
24,터미네이터: 다크 페이트,2019.10.30,"20,153,895,830",1.1%,"2,409,062","1,315","81,336",미국,미국,월트디즈니컴퍼니코리아 유한책임회사
25,사바하,2019.2.20,"20,007,508,194",1.0%,"2,398,519","1,174","78,096",한국,한국,(주)씨제이이엔엠
26,타짜: 원 아이드 잭,2019.9.11,"19,687,029,214",1.0%,"2,229,239","1,429","66,479",한국,한국,롯데컬처웍스(주)롯데엔터테인먼트
27,신의 한 수: 귀수편,2019.11.7,"18,463,776,050",1.0%,"2,157,437","1,246","82,178",한국,한국,(주)씨제이이엔엠
28,알리타: 배틀 엔젤,2019.2.5,"18,571,455,667",1.0%,"1,952,063","1,043","52,666",미국,미국,"월트디즈니컴퍼니코리아 유한책임회사,이십세기폭스코리아(주)"
29,내안의 그놈,2019.1.9,"16,302,228,567",0.9%,"1,902,828","1,041","61,683",한국,한국,"(주)메리크리스마스,TCO(주)더콘텐츠온"
30,뺑반,2019.1.30,"15,224,305,848",0.8%,"1,826,912","1,285","47,215",한국,한국,(주)쇼박스
31,변신,2019.8.21,"15,417,922,925",0.8%,"1,804,112",975,"63,211",한국,한국,(주)에이스메이커무비웍스
32,주먹왕 랄프 2: 인터넷 속으로,2019.1.3,"13,877,029,723",0.7%,"1,754,375","1,453","56,412",미국,미국,월트디즈니컴퍼니코리아 유한책임회사
33,걸캅스,2019.5.9,"13,812,802,134",0.7%,"1,629,528",973,"63,163",한국,한국,(주)씨제이이엔엠
34,사자,2019.7.31,"12,931,566,145",0.7%,"1,611,163","1,405","47,683",한국,한국,롯데컬처웍스(주)롯데엔터테인먼트
35,아쿠아맨,2018.12.19,"13,659,344,323",0.7%,"1,546,297","1,158","50,500",미국,"미국,호주",워너브러더스 코리아(주)
36,드래곤 길들이기 3,2019.1.30,"12,346,432,876",0.6%,"1,507,922",971,"42,407",미국,미국,유니버설픽쳐스인터내셔널 코리아(유)
37,나의 특별한 형제,2019.5.1,"12,081,618,074",0.6%,"1,478,156",936,"49,927",한국,한국,(주)넥스트엔터테인먼트월드(NEW)
38,어스,2019.3.27,"12,586,771,104",0.7%,"1,475,087","1,132","58,522",미국,미국,유니버설픽쳐스인터내셔널 코리아(유)
39,말레피센트 2,2019.10.17,"12,191,395,690",0.6%,"1,444,952","1,108","63,768",미국,미국,월트디즈니컴퍼니코리아 유한책임회사
40,유열의 음악앨범,2019.8.28,"10,233,455,040",0.5%,"1,245,532","1,078","59,626",한국,한국,CGV아트하우스
41,퍼펙트맨,2019.10.2,"10,311,352,770",0.5%,"1,240,022",894,"50,055",한국,한국,(주)쇼박스
42,포드 V 페라리,2019.12.4,"10,612,013,680",0.6%,"1,208,407",986,"40,175",미국,미국,월트디즈니컴퍼니코리아 유한책임회사
43,생일,2019.4.3,"9,885,147,340",0.5%,"1,197,565",878,"71,797",한국,한국,(주)넥스트엔터테인먼트월드(NEW)
44,"힘을 내요, 미스터 리",2019.9.11,"9,930,518,906",0.5%,"1,181,960",990,"41,831",한국,한국,(주)넥스트엔터테인먼트월드(NEW)
45,항거:유관순 이야기,2019.2.27,"9,291,455,101",0.5%,"1,157,949","1,094","46,159",한국,한국,롯데컬처웍스(주)롯데엔터테인먼트
46,장사리 : 잊혀진 영웅들,2019.9.25,"8,997,921,050",0.5%,"1,140,876","1,090","47,821",한국,한국,워너브러더스 코리아(주)
47,마이펫의 이중생활 2,2019.7.31,"8,512,902,825",0.4%,"1,114,949",933,"30,858",미국,미국,유니버설픽쳐스인터내셔널 코리아(유)
48,롱 리브 더 킹: 목포 영웅,2019.6.19,"9,228,798,910",0.5%,"1,094,404",965,"38,839",한국,한국,"메가박스중앙(주)플러스엠,(주)콘텐츠 난다긴다"
49,쥬만지: 넥스트 레벨,2019.12.11,"8,774,663,410",0.5%,"1,054,963","1,195","42,083",미국,미국,소니픽쳐스엔터테인먼트코리아주식회사극장배급지점
50,존 윅 3: 파라벨룸,2019.6.26,"8,205,015,858",0.4%,"1,004,365",849,"29,819",미국,미국,"(주)제이앤씨미디어그룹,TCO(주)더콘텐츠온"
51,천문: 하늘에 묻는다,2019.12.26,"7,808,242,950",0.4%,"965,624","1,198","25,734",한국,한국,롯데컬처웍스(주)롯데엔터테인먼트
52,나랏말싸미,2019.7.24,"7,871,240,823",0.4%,"958,775","1,211","39,206",한국,한국,메가박스중앙(주)플러스엠
53,엑스맨: 다크 피닉스,2019.6.5,"7,649,216,640",0.4%,"862,744",991,"29,386",미국,미국,이십세기폭스코리아(주)
54,맨 인 블랙: 인터내셔널,2019.6.12,"7,464,209,570",0.4%,"851,917","1,151","40,520",미국,미국,롯데컬처웍스(주)롯데엔터테인먼트
55,레드슈즈,2019.7.25,"6,103,833,190",0.3%,"817,729",717,"20,376",한국,한국,(주)넥스트엔터테인먼트월드(NEW)
56,뽀로로 극장판 보물섬 대모험,2019.4.25,"5,886,383,900",0.3%,"766,843",797,"20,075",한국,한국,(주)넥스트엔터테인먼트월드(NEW)
57,캣츠,2019.12.24,"6,093,167,690",0.3%,"728,328","1,143","22,732",미국,"미국,영국",유니버설픽쳐스인터내셔널 코리아(유)
58,보헤미안 랩소디,2018.10.31,"6,270,535,440",0.3%,"723,804",732,"27,689",미국,미국,"월트디즈니컴퍼니코리아 유한책임회사,이십세기폭스코리아(주)"
59,명탐정 피카츄,2019.5.9,"5,730,788,546",0.3%,"686,809",817,"25,776",미국,미국,워너브러더스 코리아(주)
60,신비아파트 극장판 하늘도깨비 대 요르문간드,2019.12.19,"5,299,942,440",0.3%,"672,122",841,"13,762",한국,한국,(주)씨제이이엔엠
61,나이브스 아웃,2019.12.4,"5,648,860,210",0.3%,"667,411",686,"24,205",미국,미국,(주)올스타엔터테인먼트
62,샤잠!,2019.4.3,"5,743,398,797",0.3%,"657,294","1,148","45,003",미국,미국,워너브러더스 코리아(주)
63,날씨의 아이,2019.10.30,"5,413,288,410",0.3%,"655,876",716,"28,802",일본,일본,"메가박스중앙(주)플러스엠,(주)미디어캐슬,워터홀컴퍼니(주)"
64,나를 찾아줘,2019.11.27,"5,117,014,620",0.3%,"645,082",875,"29,475",한국,한국,워너브러더스 코리아(주)
65,광대들: 풍문조작단,2019.8.21,"5,228,976,088",0.3%,"637,461",806,"29,048",한국,한국,워너브러더스 코리아(주)
66,그것: 두 번째 이야기,2019.9.4,"5,112,010,367",0.3%,"591,346",999,"25,622",미국,미국,워너브러더스 코리아(주)
67,극장판 헬로카봇 : 달나라를 구해줘!,2019.9.4,"4,579,618,150",0.2%,"590,413",889,"20,852",한국,한국,롯데컬처웍스(주)롯데엔터테인먼트
68,극장판 헬로카봇: 옴파로스 섬의 비밀,2019.1.31,"4,485,953,140",0.2%,"575,362",752,"15,827",한국,한국,(주)넥스트엔터테인먼트월드(NEW)
69,이스케이프 룸,2019.3.14,"5,007,420,664",0.3%,"563,114",850,"29,219",미국,미국,소니픽쳐스엔터테인먼트코리아주식회사극장배급지점
70,양자물리학,2019.9.25,"4,536,436,380",0.2%,"554,939",799,"25,296",한국,한국,(주)메리크리스마스
71,애드 아스트라,2019.9.19,"4,518,393,460",0.2%,"513,375",853,"27,816",미국,미국,이십세기폭스코리아(주)
72,47미터 2,2019.8.28,"3,846,315,153",0.2%,"501,934",649,"24,027",미국,미국,"TCO(주)더콘텐츠온,(주)제이앤씨미디어그룹"
73,PMC: 더 벙커,2018.12.26,"4,320,591,057",0.2%,"492,517",893,"23,116",한국,한국,(주)씨제이이엔엠
74,애나벨 집으로,2019.6.26,"3,993,147,140",0.2%,"481,766",653,"16,619",미국,미국,워너브러더스 코리아(주)
75,감쪽같은 그녀,2019.12.4,"3,594,862,790",0.2%,"469,296",761,"24,843",한국,한국,메가박스중앙(주)플러스엠
76,글래스,2019.1.17,"4,277,452,982",0.2%,"466,475",837,"24,194",미국,미국,월트디즈니컴퍼니코리아 유한책임회사
77,그린 북,2019.1.9,"3,631,254,060",0.2%,"434,899",398,"18,244",미국,미국,CGV아트하우스
78,장난스런 키스,2019.3.27,"3,501,463,050",0.2%,"428,009",532,"20,458",대만,대만,"오드,(주)홈초이스"
79,해피 데스데이 2 유,2019.2.14,"3,437,809,200",0.2%,"412,850",657,"18,254",미국,미국,유니버설픽쳐스인터내셔널 코리아(유)
80,극장판 공룡메카드: 타이니소어의 섬,2019.1.10,"3,140,220,420",0.2%,"410,132",763,"15,121",한국,한국,(주)넥스트엔터테인먼트월드(NEW)
81,범블비,2018.12.25,"3,334,865,955",0.2%,"394,493",766,"18,199",미국,미국,롯데컬처웍스(주)롯데엔터테인먼트
82,제미니 맨,2019.10.9,"3,295,969,230",0.2%,"387,342",845,"26,044",미국,미국,롯데컬처웍스(주)롯데엔터테인먼트
83,고질라: 킹 오브 몬스터,2019.5.29,"3,085,036,318",0.2%,"359,041",923,"15,867",미국,미국,워너브러더스 코리아(주)
84,덤보,2019.3.27,"2,775,096,512",0.1%,"345,521",797,"17,627",미국,미국,월트디즈니컴퍼니코리아 유한책임회사
85,러브 유어셀프 인 서울,2019.1.26,"3,209,682,900",0.2%,"342,366",224,"4,535",한국,한국,씨제이 씨지브이(CJ CGV)(주)
86,브링 더 소울 : 더 무비,2019.8.7,"2,902,500,310",0.2%,"336,074",569,"10,199",한국,한국,"CGV ICECON,월트디즈니컴퍼니코리아 유한책임회사"
87,아담스 패밀리,2019.11.7,"2,636,891,140",0.1%,"329,955",802,"11,242",미국,"미국,영국,캐나다",유니버설픽쳐스인터내셔널 코리아(유)
88,헬보이,2019.4.10,"2,777,106,321",0.1%,"323,198",726,"26,507",미국,미국,메가박스중앙(주)플러스엠
89,예스터데이,2019.9.18,"2,580,213,100",0.1%,"306,332",816,"23,340",미국,"미국,영국",유니버설픽쳐스인터내셔널 코리아(유)
90,천로역정: 천국을 찾아서,2019.6.13,"2,202,838,010",0.1%,"296,588",381,"8,329",미국,미국,"(재)CBS,주식회사 마운틴픽쳐스"
91,미성년,2019.4.11,"2,494,615,950",0.1%,"293,352",673,"27,314",한국,한국,(주)쇼박스
92,배심원들,2019.5.15,"2,306,806,090",0.1%,"288,579",784,"20,271",한국,한국,CGV아트하우스
93,기방도령,2019.7.10,"2,330,230,190",0.1%,"287,053",625,"16,652",한국,한국,판씨네마(주)
94,신데렐라:마법 반지의 비밀,2019.2.20,"2,114,475,240",0.1%,"284,922",575,"9,977",미국,미국,예지림엔터테인먼트
95,원스 어폰 어 타임... 인 할리우드,2019.9.25,"2,269,807,670",0.1%,"277,319",678,"15,147",미국,미국,소니픽쳐스엔터테인먼트코리아주식회사극장배급지점
96,기묘한 가족,2019.2.13,"2,121,514,275",0.1%,"263,598",625,"15,314",한국,한국,메가박스중앙(주)플러스엠
97,악질경찰,2019.3.20,"2,256,615,278",0.1%,"262,233",833,"22,785",한국,한국,워너브러더스 코리아(주)
98,라스트 크리스마스,2019.12.5,"2,058,391,130",0.1%,"249,323",623,"14,580",미국,미국,유니버설픽쳐스인터내셔널 코리아(유)
99,메리 포핀스 리턴즈,2019.2.14,"1,816,281,960",0.1%,"224,160",573,"11,128",미국,미국,월트디즈니컴퍼니코리아 유한책임회사
100,명탐정 코난: 감청의 권,2019.7.24,"1,740,310,530",0.1%,"219,078",602,"8,790",일본,일본,(주)씨제이이엔엠
101,스윙키즈,2018.12.19,"1,786,104,690",0.1%,"214,314",587,"10,010",한국,한국,(주)넥스트엔터테인먼트월드(NEW)
102,커런트 워,2019.8.22,"1,817,540,600",0.1%,"210,945",276,"10,983",미국,미국,(주)이수C&E
103,어린 의뢰인,2019.5.22,"1,686,149,600",0.1%,"204,259",671,"17,416",한국,한국,롯데컬처웍스(주)롯데엔터테인먼트
104,"안녕, 티라노: 영원히, 함께",2019.8.14,"1,591,019,230",0.1%,"203,667",512,"7,421",한국,한국,(주)넥스트엔터테인먼트월드(NEW)
105,비스트,2019.6.26,"1,606,470,590",0.1%,"203,042",737,"12,404",한국,한국,(주)넥스트엔터테인먼트월드(NEW)
106,요로나의 저주,2019.4.17,"1,784,935,221",0.1%,"202,756",620,"18,561",미국,미국,워너브러더스 코리아(주)
107,언니,2019.1.1,"1,746,373,250",0.1%,"197,134",530,"11,315",한국,한국,"(주)제이앤씨미디어그룹,TCO(주)더콘텐츠온"
108,언더독,2019.1.16,"1,494,957,830",0.1%,"195,183",612,"10,774",한국,한국,(주)넥스트엔터테인먼트월드(NEW)
109,롱 샷,2019.7.24,"1,677,753,797",0.1%,"191,122",454,"8,318",미국,미국,"TCO(주)더콘텐츠온,(주)제이앤씨미디어그룹"
110,앵그리 버드 2: 독수리 왕국의 침공,2019.8.7,"1,437,751,073",0.1%,"188,987",512,"7,252",미국,미국,소니픽쳐스엔터테인먼트코리아주식회사극장배급지점
111,우상,2019.3.20,"1,581,839,728",0.1%,"183,784",900,"18,545",한국,한국,CGV아트하우스
112,엔젤 해즈 폴른,2019.11.13,"1,479,789,022",0.1%,"181,400",601,"14,367",미국,미국,메가박스중앙(주)플러스엠
113,두번할까요,2019.10.17,"1,457,656,120",0.1%,"176,020",658,"16,246",한국,한국,(주)리틀빅픽쳐스
114,점박이 한반도의 공룡2 : 새로운 낙원,2018.12.25,"1,352,205,400",0.1%,"174,833",581,"6,089",한국,한국,(주)넥스트엔터테인먼트월드(NEW)
115,자전차왕 엄복동,2019.2.27,"1,304,861,670",0.1%,"172,212",624,"11,245",한국,한국,(주)셀트리온엔터테인먼트
116,진범,2019.7.10,"1,430,365,000",0.1%,"168,119",224,"8,819",한국,한국,(주)리틀빅픽쳐스
117,더 페이버릿: 여왕의 여자,2019.2.21,"1,380,191,276",0.1%,"164,372",128,"5,748",미국,미국,이십세기폭스코리아(주)
118,이웃집 토토로,2001.7.28,"1,336,253,176",0.1%,"162,737",435,"6,833",일본,일본,"(주)스마일이엔티,(주)키다리이엔티"
119,가버나움,2019.1.24,"1,196,849,219",0.1%,"145,017",111,"5,360",기타,기타,"그린나래미디어(주),플레이리스트(주)"
120,벌새,2019.8.29,"1,172,373,574",0.1%,"144,255",145,"7,457",한국,한국,"(주)엣나인필름,(주)콘텐츠판다"
121,눈의 여왕4,2019.12.24,"1,044,574,960",0.1%,"143,853",541,"4,093",러시아,러시아,(주)넥스트엔터테인먼트월드(NEW)
122,크롤,2019.11.27,"1,126,287,080",0.1%,"140,336",612,"10,514",미국,미국,롯데컬처웍스(주)롯데엔터테인먼트
123,극장판 엉덩이 탐정: 화려한 사건 수첩,2019.7.11,"1,094,031,140",0.1%,"138,118",561,"5,320",일본,일본,(주)넥스트엔터테인먼트월드(NEW)
124,해리포터와 비밀의 방,2002.12.13,"1,198,151,000",0.1%,"137,788",33,"2,816",미국,미국,워너브러더스 코리아(주)
125,0.0MHz,2019.5.29,"1,088,258,860",0.1%,"137,294",446,"5,998",한국,한국,(주)스마일이엔티
126,좀비랜드: 더블 탭,2019.11.13,"1,176,173,880",0.1%,"136,869",585,"13,536",미국,미국,소니픽쳐스엔터테인먼트코리아주식회사극장배급지점
127,바이스,2019.4.11,"1,158,371,984",0.1%,"136,483",241,"9,835",미국,미국,(주)콘텐츠판다
128,미드웨이,2019.12.31,"1,085,659,520",0.1%,"133,373",777,"2,592",미국,미국,(주)누리픽쳐스
129,프린스 코기,2019.12.24,"1,028,933,300",0.1%,"132,958",455,"3,987",벨기에,벨기에,(주)이수C&E
130,윤희에게,2019.11.14,"931,873,501",0.0%,"117,019",317,"6,795",한국,한국,(주)리틀빅픽쳐스
131,명탐정 코난:전율의 악보,2019.2.14,"890,692,400",0.0%,"116,059",213,"3,254",일본,일본,(주)씨제이이엔엠
132,안나,2019.8.28,"958,388,240",0.1%,"116,029",431,"7,492",프랑스,프랑스,판씨네마(주)
133,교회오빠,2019.5.16,"896,547,710",0.0%,"112,712",200,"5,245",한국,한국,커넥트픽쳐스(주)
134,로켓맨,2019.6.5,"936,108,063",0.0%,"108,586",640,"9,870",영국,"영국,미국",롯데컬처웍스(주)롯데엔터테인먼트
135,암전,2019.8.15,"933,064,215",0.0%,"105,574",423,"5,127",한국,한국,TCO(주)더콘텐츠온
136,미래의 미라이,2019.1.16,"850,050,957",0.0%,"104,954",508,"7,506",일본,일본,메가박스중앙(주)플러스엠
137,람보 : 라스트 워,2019.10.23,"800,099,140",0.0%,"103,199",483,"8,220",미국,미국,"TCO(주)더콘텐츠온,(주)제이앤씨미디어그룹"
138,공포의 묘지,2019.4.10,"894,409,836",0.0%,"102,826",564,"11,578",미국,미국,롯데컬처웍스(주)롯데엔터테인먼트
139,원더랜드,2019.8.14,"766,608,510",0.0%,"102,715",404,"3,948",미국,미국,롯데컬처웍스(주)롯데엔터테인먼트
140,크게 될 놈,2019.4.18,"781,972,420",0.0%,"102,374",447,"7,901",한국,한국,(주)영화사오원
141,콜드 체이싱,2019.2.20,"777,401,607",0.0%,"101,694",480,"7,872",영국,영국,"(주)제이앤씨미디어그룹,TCO(주)더콘텐츠온"
142,라스트 미션,2019.3.14,"837,108,639",0.0%,"101,465",472,"8,614",미국,미국,워너브러더스 코리아(주)
143,파이브 피트,2019.4.10,"857,897,420",0.0%,"98,661",457,"9,413",미국,미국,"(주)누리픽쳐스,(주)케이티알파"
144,소피와 드래곤: 마법책의 비밀,2019.10.2,"752,417,350",0.0%,"96,807",469,"4,613",러시아,러시아,(주)씨제이이엔엠
145,아이 엠 마더,2019.4.11,"774,580,700",0.0%,"94,119",213,"8,218",미국,미국,"(주)삼백상회,(주)팬엔터테인먼트"
146,러브 앳,2019.11.27,"745,125,500",0.0%,"93,085",153,"5,074",프랑스,"프랑스,벨기에",(주)크리픽쳐스
147,아내를 죽였다,2019.12.11,"764,772,560",0.0%,"91,924",556,"9,087",한국,한국,(주)케이티알파
148,구스 베이비,2019.1.16,"652,090,360",0.0%,"91,430",424,"4,799",미국,미국,(주)이수C&E
149,더 보이,2019.5.23,"776,591,970",0.0%,"89,429",509,"8,579",미국,미국,소니픽쳐스엔터테인먼트코리아주식회사극장배급지점
150,김복동,2019.8.8,"711,947,060",0.0%,"89,011",366,"5,719",한국,한국,(주)엣나인필름
151,레고 무비2,2019.2.6,"682,894,040",0.0%,"88,392",442,"4,281",미국,"미국,덴마크,캐나다,노르웨이,호주",워너브러더스 코리아(주)
152,미드소마,2019.7.11,"801,107,816",0.0%,"88,079",388,"5,035",미국,미국,(주)팝엔터테인먼트
153,그대 이름은 장미,2019.1.16,"735,782,970",0.0%,"88,054",540,"7,704",한국,한국,(주)리틀빅픽쳐스
154,스파이더맨: 뉴 유니버스,2018.12.12,"703,187,100",0.0%,"83,516",134,"3,007",미국,미국,소니픽쳐스엔터테인먼트코리아주식회사극장배급지점
155,로망,2019.4.3,"600,174,900",0.0%,"81,754",405,"6,636",한국,한국,(주)메리크리스마스
156,"어쩌다, 결혼",2019.2.27,"587,284,249",0.0%,"76,846",529,"6,850",한국,한국,CGV아트하우스
157,극장판 짱구는 못말려: 아뵤! 쿵후 보이즈 ~라면 대란~,2018.12.19,"586,691,600",0.0%,"75,806",336,"2,426",일본,일본,(주)씨제이이엔엠
158,호텔 뭄바이,2019.5.8,"606,408,700",0.0%,"74,034",207,"6,329",호주,호주,"글뫼 주식회사,(주)에스와이코마드"
159,카운트다운,2019.12.12,"610,621,000",0.0%,"73,305",238,"3,938",미국,미국,"(주)제이앤씨미디어그룹,TCO(주)더콘텐츠온"
160,극장판 반지의 비밀일기,2019.9.11,"550,043,170",0.0%,"68,339",459,"3,602",한국,한국,"(주)영화사 빅,(주)버킷스튜디오"
161,그린치,2018.12.19,"513,096,950",0.0%,"67,906",449,"2,501",미국,미국,유니버설픽쳐스인터내셔널 코리아(유)
162,몬스터 하우스,2019.10.3,"513,741,000",0.0%,"64,826",202,"2,432",캐나다,캐나다,(주)박수엔터테인먼트
163,노팅 힐,1999.7.3,"524,009,082",0.0%,"63,272",183,"5,759",미국,"미국,영국",유니버설픽쳐스인터내셔널 코리아(유)
164,닥터 슬립,2019.11.7,"542,928,260",0.0%,"62,349",484,"6,352",미국,미국,워너브러더스 코리아(주)
165,1919 유관순,2019.3.14,"506,367,410",0.0%,"61,938",269,"3,249",한국,한국,"주식회사 마운틴픽쳐스,(주)케이티알파"
166,안녕 베일리,2019.9.5,"501,461,800",0.0%,"61,099",184,"3,729",미국,미국,CGV아트하우스
167,사탄의 인형,2019.6.20,"558,760,590",0.0%,"60,340",465,"5,174",미국,미국,(주)이수C&E
168,애프터,2019.8.22,"493,826,240",0.0%,"58,664",235,"3,190",미국,미국,판씨네마(주)
169,더 룸,2019.9.25,"461,964,100",0.0%,"56,787",163,"4,078",프랑스,"프랑스,룩셈부르크,벨기에","(주)퍼스트런,(주)팬엔터테인먼트"
170,우리집,2019.8.22,"444,391,340",0.0%,"56,087",147,"4,595",한국,한국,롯데컬처웍스(주)롯데엔터테인먼트
171,왓칭,2019.4.17,"463,512,262",0.0%,"55,366",488,"8,514",한국,한국,(주)리틀빅픽쳐스
172,사일런스,2019.7.17,"463,969,062",0.0%,"54,158",456,"5,749",미국,미국,(주)이수C&E
173,빅샤크2: 해저2만리,2019.6.6,"384,674,920",0.0%,"53,147",344,"2,213",중국,중국,와이드 릴리즈(주)
174,어글리 돌,2019.5.1,"382,560,870",0.0%,"52,586",353,"2,588",미국,미국,판씨네마(주)
175,콜레트,2019.3.27,"409,586,989",0.0%,"51,246",169,"3,385",영국,"영국,미국,헝가리","(주)넥스트엔터테인먼트월드(NEW),(주)팬엔터테인먼트"
176,마약왕,2018.12.19,"437,722,390",0.0%,"50,482",426,"3,795",한국,한국,(주)쇼박스
177,세상을 바꾼 변호인,2019.6.13,"387,086,170",0.0%,"49,455",185,"3,300",미국,미국,CGV아트하우스
178,슈퍼미니 2,2019.2.27,"374,780,620",0.0%,"48,942",345,"2,676",프랑스,프랑스,(주)박수엔터테인먼트
179,페이트 스테이 나이트 헤븐즈필 제2장 로스트 버터플라이,2019.3.21,"397,411,880",0.0%,"45,157",94,"2,059",일본,일본,(주)애니플러스
180,업사이드,2019.6.13,"376,521,100",0.0%,"44,589",188,"4,063",미국,미국,(주)디스테이션
181,허슬러,2019.11.27,"356,771,960",0.0%,"43,809",445,"5,360",미국,미국,"(주)제이앤씨미디어그룹,TCO(주)더콘텐츠온"
182,빅트립: 아기팬더 배달 대모험,2019.10.23,"330,035,500",0.0%,"42,914",373,"2,340",미국,미국,(주)트리플픽쳐스
183,마담 싸이코,2019.6.26,"360,330,700",0.0%,"42,742",197,"3,383",미국,미국,(주)쇼박스
184,쿠르스크,2019.1.16,"356,243,500",0.0%,"42,564",192,"2,960",벨기에,벨기에,"(주)제이앤씨미디어그룹,TCO(주)더콘텐츠온"
185,파비안느에 관한 진실,2019.12.5,"280,999,440",0.0%,"42,470",109,"1,948",프랑스,프랑스,(주)티캐스트
186,칠곡 가시나들,2019.2.27,"342,152,400",0.0%,"42,357",138,"3,316",한국,한국,"(주)인디플러그,(주)더 피플"
187,일일시호일,2019.1.17,"331,259,019",0.0%,"41,931",55,"2,100",일본,일본,(주)영화사 진진
188,더 와이프,2019.2.27,"319,839,451",0.0%,"41,525",106,"2,178",영국,영국,(주)팝엔터테인먼트
189,레플리카,2019.9.25,"324,884,230",0.0%,"40,985",360,"5,138",미국,미국,(주)제이앤씨미디어그룹
190,주전장,2019.7.25,"309,500,090",0.0%,"39,980",56,"2,014",미국,미국,(주)시네마달
191,몬스터 파크,2019.1.23,"275,767,940",0.0%,"38,262",344,"2,756",영국,"영국,멕시코",(주)박수엔터테인먼트
192,메기,2019.9.26,"322,021,828",0.0%,"38,108",155,"3,167",한국,한국,"(주)엣나인필름,CGV아트하우스"
193,프란치스코 교황 : 맨 오브 히스 워드,2019.11.21,"273,031,260",0.0%,"37,282",54,"1,126",이탈리아,"이탈리아,스위스,독일,프랑스","㈜영화사 백두대간,영화사 풀"
194,인생 후르츠,2018.12.6,"282,667,180",0.0%,"36,269",64,"1,478",일본,일본,(주)엣나인필름
195,드래곤볼 슈퍼: 브로리,2019.2.14,"306,817,430",0.0%,"35,989",202,"1,930",일본,일본,(주)이수C&E
196,안도 타다오,2019.4.25,"285,639,985",0.0%,"34,807",75,"1,834",일본,일본,(주)영화사 진진
197,아이리시맨,2019.11.20,"293,466,900",0.0%,"34,723",68,"1,125",미국,미국,판씨네마(주)
198,빠삐용,2019.2.27,"275,814,950",0.0%,"34,638",191,"2,354",미국,미국,(주)드림팩트엔터테인먼트
199,서스페리아,2019.5.16,"302,214,765",0.0%,"33,030",257,"2,913",이탈리아,"이탈리아,미국",(주)홈초이스
200,빅 위시,2019.10.30,"251,990,300",0.0%,"32,684",336,"1,886",멕시코,멕시코,(주)박수엔터테인먼트
201,100일 동안 100가지로 100퍼센트 행복찾기,2019.9.12,"259,264,770",0.0%,"32,573",59,"1,482",독일,독일,(주)영화사 진진
202,마녀배달부 키키,2007.11.22,"269,749,604",0.0%,"32,410",180,"1,962",일본,일본,"(주)스마일이엔티,(주)키다리이엔티,대원미디어(주)"
203,너를 만난 여름,2019.10.16,"266,567,000",0.0%,"32,291",174,"4,677",중국,중국,"오드,(주)홈초이스"
204,썬키스 패밀리,2019.3.27,"245,549,900",0.0%,"31,742",417,"4,922",한국,한국,메가박스중앙(주)플러스엠
205,누구나 아는 비밀,2019.8.1,"237,555,620",0.0%,"30,940",52,"1,252",스페인,"스페인,프랑스,이탈리아","오드,(주)티캐스트"
206,더 길티,2019.3.27,"257,569,700",0.0%,"30,824",108,"2,493",덴마크,덴마크,(주)팝엔터테인먼트
207,신밧드와 마법 양탄자,2019.2.13,"204,586,840",0.0%,"30,534",258,"1,783",덴마크,덴마크,(주)박수엔터테인먼트
208,북클럽,2019.6.20,"220,647,690",0.0%,"30,063",73,"1,592",미국,미국,(주)영화사 진진
209,캐리tv 러브콘서트 더 무비,2019.8.7,"230,599,700",0.0%,"29,277",155,"1,538",한국,한국,롯데컬처웍스(주)롯데엔터테인먼트
210,왕이 될 아이,2019.1.16,"229,649,450",0.0%,"29,236",264,"2,719",미국,미국,이십세기폭스코리아(주)
211,"다시, 봄",2019.4.17,"233,916,700",0.0%,"29,048",360,"4,844",한국,한국,(주)스마일이엔티
212,플레이모빌: 더 무비,2019.9.11,"225,898,260",0.0%,"28,850",295,"1,851",캐나다,캐나다,(주)올스타엔터테인먼트
213,대통령의 7시간,2019.11.14,"239,382,840",0.0%,"28,380",84,"1,576",한국,한국,"(주)씨네포트,주식회사 마운틴픽쳐스"
214,마리아 칼라스: 세기의 디바,2019.7.11,"205,683,580",0.0%,"28,048",28,935,프랑스,프랑스,(주)영화사 진진
215,콜드 워,2019.2.7,"229,481,373",0.0%,"27,739",65,"1,587",폴란드,폴란드,아이 엠
216,리틀 포니 프린세스,2019.4.30,"147,356,140",0.0%,"27,681",8,155,미국,미국,제인앤유
217,내 완벽한 남사친의 비밀,2019.3.27,"144,661,080",0.0%,"27,520",8,180,미국,미국,제인앤유
218,러브라이브! 선샤인!! 더 스쿨 아이돌 무비 오버 더 레인보우,2019.2.14,"240,726,070",0.0%,"26,931",66,"1,550",일본,일본,(주)애니플러스
219,판소리 복서,2019.10.9,"202,328,680",0.0%,"26,758",345,"4,099",한국,한국,CGV아트하우스
220,굿 라이어,2019.12.5,"215,325,720",0.0%,"26,382",324,"2,926",미국,미국,워너브러더스 코리아(주)
221,크리스마스 호러 스토리,,"139,304,530",0.0%,"26,084",8,142,미국,미국,제인앤유
222,세계는 오늘부터 너의 것,,"139,300,020",0.0%,"25,996",9,156,일본,일본,제인앤유
223,블라인드 멜로디,2019.8.28,"208,723,400",0.0%,"25,863",151,"2,582",인도,인도,찬란
224,전원사형,2019.5.13,"137,483,280",0.0%,"25,816",7,160,일본,일본,제인앤유
225,"미안해요, 리키",2019.12.19,"200,839,200",0.0%,"25,647",69,"1,069",프랑스,프랑스,(주)영화사 진진
226,정글북: 마법 원정대,2019.3.21,"194,472,710",0.0%,"25,419",372,"1,760",러시아,러시아,(주)박수엔터테인먼트
227,칠드런 액트,2019.7.4,"204,263,320",0.0%,"25,256",61,"1,439",영국,영국,(주)홈초이스
228,극장판 포켓몬스터 모두의 이야기,2018.12.19,"209,509,550",0.0%,"25,015",162,854,일본,일본,(주)이수C&E
229,BIFAN2019 판타스틱 단편 걸작선 1,,"150,000,000",0.0%,"25,000",5,125,한국,한국,
230,모험왕 블링키,2019.2.20,"174,676,220",0.0%,"24,787",226,"1,718",호주,호주,(주)라이크콘텐츠
231,추격자: 살인자의 증거,2019.7.24,"75,949,000",0.0%,"24,337",3,103,독일,독일,제인앤유
232,명탐정 코난 : 제로의 집행인,2018.8.8,"194,464,777",0.0%,"23,768",31,"1,042",일본,일본,(주)씨제이이엔엠
233,얼굴없는 보스,2019.11.21,"199,801,000",0.0%,"23,711",293,"2,784",한국,한국,"(주)좋은 하늘,(주)박수엔터테인먼트"
234,노무현과 바보들,2019.4.18,"178,137,640",0.0%,"23,371",366,"4,116",한국,한국,"오키넷,(주)라이크콘텐츠"
235,여대생 기숙사에서 생긴 일,2019.9.10,"70,790,360",0.0%,"23,312",4,103,미국,미국,제인앤유
236,이타미 준의 바다,2019.8.15,"189,163,160",0.0%,"23,302",57,"1,501",한국,한국,(주)영화사 진진
237,트레킹: 저주의 숲,2019.7.4,"69,284,680",0.0%,"23,034",3,98,독일,독일,제인앤유
238,마녀: 소녀의 비밀,2019.7.24,"68,921,160",0.0%,"22,835",4,99,독일,독일,제인앤유
239,철벽선생,2019.3.14,"187,355,700",0.0%,"22,563",182,"3,395",일본,일본,(주)미디어캐슬
240,이스케이프 게임,2019.10.11,"66,331,020",0.0%,"22,451",3,98,독일,독일,제인앤유
241,숲속의 마녀들,2019.8.14,"66,017,200",0.0%,"22,362",3,94,미국,미국,제인앤유
242,숲속왕국의 꿀벌 여왕,2019.3.14,"172,105,990",0.0%,"22,241",372,"1,773",프랑스,프랑스,(주)팝엔터테인먼트
243,드래곤 길들이기,2010.5.20,"233,901,000",0.0%,"22,040",33,"1,485",미국,미국,"유니버설픽쳐스인터내셔널 코리아(유),CJ ENM"
244,판의 미로 - 오필리아와 세 개의 열쇠,2006.11.30,"186,217,700",0.0%,"21,828",44,"1,244",스페인,"스페인,멕시코","(주)디스테이션,(주)프라임엔터테인먼트"
245,사이코패스,2019.9.18,"62,031,400",0.0%,"21,603",3,94,미국,미국,제인앤유
246,로마,2018.12.12,"179,400,636",0.0%,"21,589",20,906,멕시코,멕시코,판씨네마(주)
247,잃어버린 세계를 찾아서,2019.10.9,"161,271,360",0.0%,"21,252",279,"1,637",미국,미국,(주)이수C&E
248,매트릭스,1999.5.15,"185,041,000",0.0%,"20,722",26,"1,044",미국,미국,"영화사 마농(주),(주)씨네클럽봉봉미엘"
249,리노,2019.3.7,"155,296,020",0.0%,"20,699",322,"1,524",브라질,브라질,(주)스톰픽쳐스코리아
250,미드 90,2019.9.25,"169,119,288",0.0%,"20,475",107,"1,704",미국,미국,"오드,(주)홈초이스"
251,결혼 이야기,2019.11.27,"163,322,560",0.0%,"20,114",83,"1,213",영국,영국,판씨네마(주)
252,물의 기억,2019.5.15,"114,776,080",0.0%,"20,010",108,"1,510",한국,한국,롯데컬처웍스(주)롯데엔터테인먼트
253,미스 스티븐스,2019.5.2,"163,113,610",0.0%,"19,925",64,"1,380",미국,미국,(주)티캐스트
254,나의 히어로 아카데미아 더 무비: 두 명의 히어로,2019.5.16,"162,979,210",0.0%,"19,917",85,"1,363",일본,일본,(주)리틀빅픽쳐스
255,더 킹: 헨리 5세,2019.10.23,"149,888,820",0.0%,"19,503",146,"2,175",네덜란드,네덜란드,판씨네마(주)
256,레토,2019.1.3,"167,909,772",0.0%,"19,427",112,"2,007",러시아,"러시아,프랑스","(주)엣나인필름,플레이리스트(주)"
257,지구공룡대탐험,2019.8.15,"148,474,640",0.0%,"19,419",265,"1,438",미국,미국,와이드 릴리즈(주)
258,데드 트리거,2018.12.14,"107,789,450",0.0%,"19,320",5,91,미국,미국,제인앤유
259,뱅드림! 필름 라이브,2019.9.26,"166,464,110",0.0%,"19,264",78,"1,198",일본,일본,(주)애니플러스
260,사이몬과 타카시,2019.5.7,"100,885,780",0.0%,"18,479",6,128,일본,일본,제인앤유
261,어제 일은 모두 괜찮아,2019.11.21,"130,530,280",0.0%,"17,756",87,953,한국,한국,(주)삼백상회
262,마담 프루스트의 비밀정원,2014.7.24,"140,102,820",0.0%,"17,752",34,849,프랑스,프랑스,찬란
263,경계선,2019.10.24,"148,261,880",0.0%,"17,714",56,"1,306",스웨덴,"스웨덴,덴마크",(주)제이앤씨미디어그룹
264,유랑지구,2019.4.18,"147,817,410",0.0%,"17,637",178,"2,125",중국,중국,(주)키다리이엔티
265,빌리어네어 보이즈클럽,2019.1.10,"153,912,800",0.0%,"17,413",166,"2,108",미국,미국,"(주)키다리이엔티,플레이리스트(주)"
266,프렌즈: 둥지탈출,2019.5.1,"118,243,260",0.0%,"17,205",184,"1,050",독일,독일,(주)박수엔터테인먼트
267,호크니,2019.8.8,"138,404,352",0.0%,"16,941",44,901,영국,영국,"그린나래미디어(주),(주)키다리이엔티"
268,조,2019.7.11,"136,756,096",0.0%,"16,778",69,"1,267",미국,미국,(주)팝엔터테인먼트
269,크리미널 체이스,2018.12.4,"91,635,150",0.0%,"16,695",6,99,미국,미국,제인앤유
269,아이스,2019.2.7,"132,095,780",0.0%,"16,695",110,"1,057",러시아,러시아,(주)마노엔터테인먼트
271,"고흐, 영원의 문에서",2019.12.26,"130,990,960",0.0%,"16,691",68,572,미국,"미국,프랑스",(주)팝엔터테인먼트
272,김군,2019.5.23,"122,761,590",0.0%,"16,605",73,"1,441",한국,한국,영화사 풀
273,두 교황,2019.12.11,"123,999,040",0.0%,"16,427",66,846,미국,"미국,영국,이탈리아,아르헨티나",판씨네마(주)
274,킹 오브 프리즘 -샤이니 세븐 스타즈-,2019.3.7,"141,519,690",0.0%,"16,423",43,722,일본,일본,동우에이앤이(주)
275,와일드 로즈,2019.10.17,"123,934,040",0.0%,"16,415",152,"2,058",영국,영국,판씨네마(주)
276,마왕의 딸 이리샤,2019.9.26,"116,264,980",0.0%,"16,331",314,"1,599",한국,한국,"(주)싸이더스,(주)삼백상회"
277,행복한 라짜로,2019.6.20,"129,458,240",0.0%,"16,287",39,"1,038",이탈리아,이탈리아,주식회사 슈아픽처스
278,라라와 움직이는 비밀의 숲,2019.8.22,"116,175,960",0.0%,"16,196",237,"1,273",중국,중국,(주)박수엔터테인먼트
279,아픈 만큼 사랑한다,2019.4.3,"112,581,600",0.0%,"16,154",121,"1,517",한국,한국,(주)드림팩트엔터테인먼트
280,극장판 샤이닝스타:새로운 루나퀸의 탄생!,2019.7.18,"129,098,700",0.0%,"15,785",117,"1,106",한국,한국,(주)리틀빅픽쳐스
281,이케아 옷장에서 시작된 특별난 여행,2019.7.18,"127,812,770",0.0%,"15,627",71,"1,016",프랑스,프랑스,(주)스마일이엔티
282,돈 워리,2019.7.25,"120,915,854",0.0%,"15,566",55,960,미국,미국,"그린나래미디어(주),(주)다날엔터테인먼트"
283,파리의 딜릴리,2019.5.29,"131,224,587",0.0%,"15,553",36,835,프랑스,프랑스,오드
284,쉘부르의 우산,1992.9.26,"114,923,068",0.0%,"15,287",33,712,프랑스,"프랑스,독일",(주)에스와이코마드
285,삽질,2019.11.14,"121,341,530",0.0%,"15,276",171,"2,034",한국,한국,(주)엣나인필름
286,헤로니모,2019.11.21,"111,555,720",0.0%,"15,140",68,821,한국,"한국,미국",커넥트픽쳐스(주)
287,극장판 타오르지마 버스터-블랙어썰트의 귀환,2019.12.5,"107,279,920",0.0%,"15,122",259,"1,099",한국,한국,(주)이수C&E
288,해치지않아,2020.1.15,"128,233,000",0.0%,"15,037",79,82,한국,한국,(주)에이스메이커무비웍스
289,크리드2,2019.2.21,"122,284,190",0.0%,"15,023",298,"2,585",미국,미국,워너브러더스 코리아(주)
290,모리스,2019.11.7,"124,682,523",0.0%,"15,009",50,"1,015",영국,영국,알토미디어(주)
291,프렌드 존,2019.10.30,"118,749,200",0.0%,"14,991",104,"1,718",태국,태국,(주)디스테이션
292,아사코,2019.3.14,"128,973,619",0.0%,"14,946",167,"1,736",일본,일본,(주)이수C&E
293,카센타,2019.11.27,"111,472,000",0.0%,"14,659",138,"1,544",한국,한국,(주)트리플픽쳐스
294,수영장으로 간 남자들,2019.7.18,"116,671,096",0.0%,"14,553",79,"1,053",프랑스,프랑스,(주)엣나인필름
295,킹 오브 프리즘 –샤이니 세븐 스타즈- IV 루이x신x언노운,2019.5.30,"121,225,370",0.0%,"14,502",30,584,일본,일본,동우에이앤이(주)
296,시민 노무현,2019.5.23,"116,930,250",0.0%,"14,500",174,"1,708",한국,한국,(주)삼백상회
297,뷰티풀 보이,2019.9.19,"112,988,198",0.0%,"14,432",130,"1,339",미국,미국,(주)이수C&E
298,버티고,2019.10.16,"121,628,340",0.0%,"14,353",298,"3,375",한국,한국,(주)트리플픽쳐스
299,양지의 그녀,2019.3.21,"124,350,580",0.0%,"14,350",134,"1,452",일본,일본,(주)영화사오원
300,별의 정원,2019.7.4,"97,276,300",0.0%,"14,286",210,"1,112",한국,한국,예지림엔터테인먼트