idx,name,date,sales ,sales_share,boxoffice_num,num_of_screen,rep_nation,nation,num_of_screenings,distributor,director1,director2,actor1,actor2,actor3,actor4,actor5,actor6,actor7,actor8,actor9,actor10,actor11,actor12,actor13,actor14,actor15,actor16,actor17,actor18,actor19,actor20,actor21,actor22,actor23,actor24,actor25,actor26,actor27,actor28,actor29,actor30,actor31,actor32,actor33,actor34,actor35,actor36,actor37,actor38,actor39,actor40,actor41,actor42,actor43,actor44,actor45,actor46
0,베테랑,2015.8.5,"105,168,155,250",6.10%,"13,414,009","1,115","199,231",한국,한국,(주)씨제이이엔엠, 류승완,, 황정민, 유아인, 유해진, 오달수,,,,,,,,,,,,,,,,,,,,,,,,,,,,,,,,,,,,,,,,,,
1,암살,2015.7.22,"98,463,132,781",5.70%,"12,705,700","1,519","175,185",한국,한국,(주)쇼박스, 최동훈,, 전지현, 이정재, 하정우,,,,,,,,,,,,,,,,,,,,,,,,,,,,,,,,,,,,,,,,,,,
2,어벤져스: 에이지 오브 울트론,2015.4.23,"88,582,586,366",5.20%,"10,494,499","1,843","191,778",미국,미국,"월트디즈니컴퍼니코리아 유한책임회사,월트디즈니컴퍼니코리아(주)", 조스 웨던,, 로버트 다우니 주니어, 크리스 헴스워스, 마크 러팔로, 크리스 에반스, 스칼릿 조핸슨, 제레미 레너, 돈 치들, 제임스 스페이더, 사무엘 L. 잭슨,,,,,,,,,,,,,,,,,,,,,,,,,,,,,,,,,,,,,
3,국제시장,2014.12.17,"69,841,376,134",4.10%,"8,915,904","1,044","149,061",한국,한국,(주)씨제이이엔엠, 윤제균,, 황정민, 김윤진, 오달수, 정진영,,,,,,,,,,,,,,,,,,,,,,,,,,,,,,,,,,,,,,,,,,
4,내부자들,2015.11.19,"56,465,665,657",3.30%,"7,055,332","1,129","152,265",한국,한국,(주)쇼박스, 우민호,, 이병헌, 조승우, 백윤식,,,,,,,,,,,,,,,,,,,,,,,,,,,,,,,,,,,,,,,,,,,
5,사도,2015.9.16,"48,842,902,501",2.80%,"6,246,849","1,210","124,246",한국,한국,(주)쇼박스, 이준익,, 송강호, 유아인, 문근영,,,,,,,,,,,,,,,,,,,,,,,,,,,,,,,,,,,,,,,,,,,
6,킹스맨 : 시크릿 에이전트,2015.2.11,"50,369,009,795",2.90%,"6,129,681",728,"139,988",미국,"미국,영국",이십세기폭스코리아(주), 매튜 본,, 콜린 퍼스, 태런 에저튼, 사무엘 L. 잭슨,,,,,,,,,,,,,,,,,,,,,,,,,,,,,,,,,,,,,,,,,,,
7,미션 임파서블: 로그네이션,2015.7.30,"48,547,353,607",2.80%,"6,126,488","1,202","89,682",미국,미국,롯데쇼핑㈜롯데엔터테인먼트, 크리스토퍼 맥쿼리,, 톰 크루즈, 제레미 레너, 사이먼 페그, 알렉 볼드윈, 레베카 퍼거슨,,,,,,,,,,,,,,,,,,,,,,,,,,,,,,,,,,,,,,,,,
8,연평해전,2015.6.24,"45,563,228,330",2.70%,"6,043,784","1,013","114,450",한국,한국,(주)넥스트엔터테인먼트월드(NEW), 김학순,, 김무열, 진구, 이현우,,,,,,,,,,,,,,,,,,,,,,,,,,,,,,,,,,,,,,,,,,,
9,쥬라기 월드,2015.6.11,"47,800,698,826",2.80%,"5,546,792","1,290","118,959",미국,미국,유니버설픽쳐스인터내셔널 코리아(유),,,,,,,,,,,,,,,,,,,,,,,,,,,,,,,,,,,,,,,,,,,,,,,,
10,검은 사제들,2015.11.5,"42,405,282,092",2.50%,"5,442,128","1,109","131,155",한국,한국,(주)씨제이이엔엠, 돈 E. 폰트르로이,, 토빈 벨, 랜디 셸리,,,,,,,,,,,,,,,,,,,,,,,,,,,,,,,,,,,,,,,,,,,,
11,히말라야,2015.12.16,"39,469,775,448",2.30%,"5,129,409","1,095","81,042",한국,한국,(주)씨제이이엔엠,,,,,,,,,,,,,,,,,,,,,,,,,,,,,,,,,,,,,,,,,,,,,,,,
12,인사이드 아웃,2015.7.9,"38,024,694,936",2.20%,"4,969,735",931,"84,000",미국,미국,월트디즈니컴퍼니코리아(주), 피트 닥터,, 에이미 포엘러, 필리스 스미스, 민디 캘링, 빌 헤이더, 루이스 블랙, 케이틀린 디아스, 카일 맥라클란, 다이안 레인,,,,,,,,,,,,,,,,,,,,,,,,,,,,,,,,,,,,,,
13,마션,2015.10.8,"39,663,145,295",2.30%,"4,880,800","1,132","114,183",미국,미국,"월트디즈니컴퍼니코리아 유한책임회사,이십세기폭스코리아(주)", 리들리 스콧,, 맷 데이먼, 제시카 차스테인, 세바스찬 스탠, 제프 다니엘스, 케이트 마라, 크리스틴 위그,,,,,,,,,,,,,,,,,,,,,,,,,,,,,,,,,,,,,,,,
14,조선명탐정 : 사라진 놉의 딸,2015.2.11,"30,456,879,428",1.80%,"3,872,015",825,"80,499",한국,한국,(주)쇼박스, 김석윤,, 김명민, 오달수, 이연희,,,,,,,,,,,,,,,,,,,,,,,,,,,,,,,,,,,,,,,,,,,
15,매드 맥스: 분노의 도로,2015.5.14,"32,912,842,162",1.90%,"3,843,343",799,"98,824",미국,"미국,호주",워너브러더스 코리아(주), 조지 밀러,, 톰 하디, 샤를리즈 테론, 니콜라스 홀트,,,,,,,,,,,,,,,,,,,,,,,,,,,,,,,,,,,,,,,,,,,
16,인턴,2015.9.24,"28,517,727,148",1.70%,"3,610,564",659,"81,552",미국,미국,워너브러더스 코리아(주),,,,,,,,,,,,,,,,,,,,,,,,,,,,,,,,,,,,,,,,,,,,,,,,
17,분노의 질주: 더 세븐,2015.4.1,"26,454,098,694",1.50%,"3,247,955",983,"93,612",미국,미국,유니버설픽쳐스인터내셔널 코리아(유), 제임스 완,, 빈 디젤, 폴 워커, 드웨인 존슨, 제이슨 스타뎀, 미셸 로드리게즈,,,,,,,,,,,,,,,,,,,,,,,,,,,,,,,,,,,,,,,,,
18,터미네이터 제니시스,2015.7.2,"26,556,715,129",1.50%,"3,240,370","1,113","77,590",미국,미국,롯데쇼핑㈜롯데엔터테인먼트, 앨런 테일러,, 아놀드 슈왈제네거, 제이슨 클락, 에밀리아 클라크, 제이 코트니, J.K. 시몬스,,,,,,,,,,,,,,,,,,,,,,,,,,,,,,,,,,,,,,,,,
19,스물,2015.3.25,"23,563,421,686",1.40%,"3,044,811",926,"100,161",한국,한국,(주)넥스트엔터테인먼트월드(NEW), 이병헌,, 김우빈, 준호, 강하늘,,,,,,,,,,,,,,,,,,,,,,,,,,,,,,,,,,,,,,,,,,,
20,극비수사,2015.6.18,"22,389,535,897",1.30%,"2,860,786",894,"66,211",한국,한국,(주)쇼박스, 곽경택,, 김윤석, 유해진,,,,,,,,,,,,,,,,,,,,,,,,,,,,,,,,,,,,,,,,,,,,
21,앤트맨,2015.9.3,"23,529,209,937",1.40%,"2,841,795",949,"74,649",미국,"미국,영국",월트디즈니컴퍼니코리아(주), 크리스토프 갬플,, 고츠 오토, 야스미나 필라리 보넨,,,,,,,,,,,,,,,,,,,,,,,,,,,,,,,,,,,,,,,,,,,,
22,스타워즈: 깨어난 포스,2015.12.17,"24,149,478,540",1.40%,"2,803,234",940,"56,425",미국,미국,월트디즈니컴퍼니코리아(주), J.J. 에이브럼스,, 데이지 리들리, 존 보예가, 오스카 아이삭, 아담 드라이버, 그웬돌린 크리스티, 도널 글리슨, 해리슨 포드, 마크 해밀, 캐리 피셔, 사이먼 페그, 막스 폰 시도우,,,,,,,,,,,,,,,,,,,,,,,,,,,,,,,,,,,
23,빅 히어로,2015.1.21,"21,993,119,765",1.30%,"2,801,949",825,"62,229",미국,미국,월트디즈니컴퍼니코리아(주), 돈 홀, 크리스 윌리엄스, 다니엘 헤니, 라이언 포터, 스콧 애짓, 제이미 정, T.J. 밀러, 제네시스 로드리게스, 데이몬 웨이언스 주니어, 마야 루돌프, 알란 터딕,,,,,,,,,,,,,,,,,,,,,,,,,,,,,,,,,,,,,
24,메이즈 러너: 스코치 트라이얼,2015.9.16,"21,596,946,349",1.30%,"2,744,413",804,"58,725",미국,미국,이십세기폭스코리아(주), 웨스 볼,, 딜런 오브라이언, 토마스 생스터, 카야 스코델라리오, 이기홍,,,,,,,,,,,,,,,,,,,,,,,,,,,,,,,,,,,,,,,,,,
25,탐정 : 더 비기닝,2015.9.24,"20,463,956,973",1.20%,"2,625,686",764,"54,995",한국,한국,(주)씨제이이엔엠, 김정훈,, 권상우, 성동일,,,,,,,,,,,,,,,,,,,,,,,,,,,,,,,,,,,,,,,,,,,,
26,미니언즈,2015.7.29,"18,998,046,278",1.10%,"2,625,599",792,"41,946",미국,미국,유니버설픽쳐스인터내셔널 코리아(유),,,,,,,,,,,,,,,,,,,,,,,,,,,,,,,,,,,,,,,,,,,,,,,,
27,스파이,2015.5.21,"18,417,637,358",1.10%,"2,318,748",665,"62,960",미국,미국,이십세기폭스코리아(주), 폴 페이그,, 멜리사 맥카시, 주드 로, 제이슨 스타뎀, 미란다 하트, 로즈 번, 앨리슨 제니, 피터 세라피노윅,,,,,,,,,,,,,,,,,,,,,,,,,,,,,,,,,,,,,,,
28,악의 연대기,2015.5.14,"17,361,815,332",1.00%,"2,192,525",776,"64,351",한국,한국,(주)씨제이이엔엠, 장유근,, 이설구, 박재훈, 박태산, 송보은, 조운,,,,,,,,,,,,,,,,,,,,,,,,,,,,,,,,,,,,,,,,,
29,강남 1970,2015.1.21,"17,718,699,499",1.00%,"2,192,276",841,"53,304",한국,한국,(주)쇼박스, 유하,, 이민호, 김래원, 정진영,,,,,,,,,,,,,,,,,,,,,,,,,,,,,,,,,,,,,,,,,,,
30,뷰티 인사이드,2015.8.20,"16,148,479,531",0.90%,"2,053,435",648,"52,618",한국,한국,(주)넥스트엔터테인먼트월드(NEW),,,,,,,,,,,,,,,,,,,,,,,,,,,,,,,,,,,,,,,,,,,,,,,,
31,오늘의 연애,2015.1.14,"14,924,654,487",0.90%,"1,891,993",709,"47,237",한국,한국,(주)씨제이이엔엠, 박진표,, 이승기, 문채원, 이서진, 정준영,,,,,,,,,,,,,,,,,,,,,,,,,,,,,,,,,,,,,,,,,,
32,테이큰 3,2015.1.1,"15,088,105,000",0.90%,"1,860,934",616,"38,060",미국,미국,이십세기폭스코리아(주), 올리비에 메가턴,, 리암 니슨, 팜케 얀센, 매기 그레이스,,,,,,,,,,,,,,,,,,,,,,,,,,,,,,,,,,,,,,,,,,,
33,007 스펙터,2015.11.11,"14,301,476,030",0.80%,"1,820,760","1,105","51,940",영국,"영국,미국",유니버설픽쳐스인터내셔널 코리아(유), 샘 멘데스,, 다니엘 크레이그, 레아 세이두, 크리스토프 왈츠, 모니카 벨루치, 랄프 파인즈, 데이브 바티스타,,,,,,,,,,,,,,,,,,,,,,,,,,,,,,,,,,,,,,,,
34,이미테이션 게임,2015.2.17,"13,655,929,120",0.80%,"1,743,963",541,"44,782",영국,영국,메가박스중앙(주)플러스엠, 모튼 틸덤,, 베네딕트 컴버배치, 키이라 나이틀리, 매튜 구드,,,,,,,,,,,,,,,,,,,,,,,,,,,,,,,,,,,,,,,,,,,
35,샌 안드레아스,2015.6.3,"14,435,844,152",0.80%,"1,716,455",847,"62,016",미국,미국,워너브러더스 코리아(주), 브래드 페이튼,, 드웨인 존슨, 알렉산드라 다드다리오, 칼라 구기노, 이안 그루퍼드,,,,,,,,,,,,,,,,,,,,,,,,,,,,,,,,,,,,,,,,,,
36,쎄시봉,2015.2.5,"13,571,515,911",0.80%,"1,715,370",829,"51,744",한국,한국,(주)씨제이이엔엠, 김현석,, 정우, 김윤석, 한효주, 김희애, 진구, 장현성, 강하늘, 조복래,,,,,,,,,,,,,,,,,,,,,,,,,,,,,,,,,,,,,,
37,더 폰,2015.10.22,"12,309,164,568",0.70%,"1,593,694",794,"53,599",한국,한국,(주)넥스트엔터테인먼트월드(NEW), 맥스 바톨리,, 루시오 마우리노, 안젤라 리치오티, 알레산드로 로마니,,,,,,,,,,,,,,,,,,,,,,,,,,,,,,,,,,,,,,,,,,,
38,위플래쉬,2015.3.12,"12,656,619,045",0.70%,"1,589,032",574,"56,028",미국,미국,"워터홀컴퍼니(주),(주)쇼박스", 데이미언 셔젤,, 마일즈 텔러, J.K. 시몬스,,,,,,,,,,,,,,,,,,,,,,,,,,,,,,,,,,,,,,,,,,,,
39,대호,2015.12.16,"12,104,808,332",0.70%,"1,584,168",892,"39,599",한국,한국,(주)넥스트엔터테인먼트월드(NEW), 박훈정,, 최민식,,,,,,,,,,,,,,,,,,,,,,,,,,,,,,,,,,,,,,,,,,,,,
40,마다가스카의 펭귄,2014.12.31,"11,450,482,159",0.70%,"1,512,340",615,"27,171",미국,미국,(주)씨제이이엔엠,,,,,,,,,,,,,,,,,,,,,,,,,,,,,,,,,,,,,,,,,,,,,,,,
41,차이나타운,2015.4.29,"11,990,370,378",0.70%,"1,472,106",551,"45,137",한국,한국,CGV아트하우스,,,,,,,,,,,,,,,,,,,,,,,,,,,,,,,,,,,,,,,,,,,,,,,,
42,장수상회,2015.4.9,"8,737,364,643",0.50%,"1,165,780",688,"52,928",한국,한국,(주)씨제이이엔엠, 강제규,, 박근형, 윤여정, 조진웅, 한지민,,,,,,,,,,,,,,,,,,,,,,,,,,,,,,,,,,,,,,,,,,
43,성난 변호사,2015.10.8,"8,723,650,039",0.50%,"1,128,288",607,"36,990",한국,한국,(주)씨제이이엔엠, 허종호,, 이선균, 김고은, 임원희,,,,,,,,,,,,,,,,,,,,,,,,,,,,,,,,,,,,,,,,,,,
44,간신,2015.5.21,"8,946,842,910",0.50%,"1,110,246",697,"40,580",한국,한국,롯데쇼핑㈜롯데엔터테인먼트, 민규동,, 주지훈, 김강우, 천호진, 임지연, 이유영,,,,,,,,,,,,,,,,,,,,,,,,,,,,,,,,,,,,,,,,,
45,박물관이 살아있다 : 비밀의 무덤,2015.1.14,"8,170,784,606",0.50%,"1,101,678",500,"30,146",미국,"미국,영국",이십세기폭스코리아(주), 숀 레비,, 벤 스틸러, 로빈 윌리엄스, 댄 스티븐스, 오웬 윌슨, 레벨 윌슨, 벤 킹슬리, 딕 반 다이크, 스티브 쿠건, 미키 루니,,,,,,,,,,,,,,,,,,,,,,,,,,,,,,,,,,,,,
46,그놈이다,2015.10.28,"8,096,427,152",0.50%,"1,046,015",681,"38,678",한국,한국,CGV아트하우스, 윤준형,, 주원, 유해진, 이유영,,,,,,,,,,,,,,,,,,,,,,,,,,,,,,,,,,,,,,,,,,,
47,미쓰 와이프,2015.8.13,"7,387,086,869",0.40%,"988,451",437,"28,864",한국,한국,메가박스중앙(주)플러스엠, 강효진,, 엄정화, 송승헌,,,,,,,,,,,,,,,,,,,,,,,,,,,,,,,,,,,,,,,,,,,,
48,몬스터 호텔 2,2015.12.24,"7,029,012,585",0.40%,"962,770",686,"12,388",미국,미국,유니버설픽쳐스인터내셔널 코리아(유), 젠디 타타코브스키,, 아담 샌들러, 셀레나 고메즈, 케빈 제임스, 스티브 부세미,,,,,,,,,,,,,,,,,,,,,,,,,,,,,,,,,,,,,,,,,,
49,허삼관,2015.1.14,"7,408,943,569",0.40%,"955,679",621,"27,645",한국,한국,(주)넥스트엔터테인먼트월드(NEW), 하정우,, 하정우, 하지원,,,,,,,,,,,,,,,,,,,,,,,,,,,,,,,,,,,,,,,,,,,,
50,"님아, 그 강을 건너지 마오",2014.11.27,"7,510,901,600",0.40%,"955,433",486,"26,199",한국,한국,"CGV아트하우스,(주)대명문화공장", 진모영,, 조병만, 강계열,,,,,,,,,,,,,,,,,,,,,,,,,,,,,,,,,,,,,,,,,,,,
51,살인의뢰,2015.3.12,"6,986,456,737",0.40%,"855,980",646,"35,244",한국,한국,씨네그루(주)다우기술, 손용호,, 김상경, 김성균, 박성웅,,,,,,,,,,,,,,,,,,,,,,,,,,,,,,,,,,,,,,,,,,,
52,손님,2015.7.9,"6,385,937,880",0.40%,"828,025",634,"23,404",한국,한국,(주)씨제이이엔엠, 김광태,, 류승룡, 이성민, 천우희, 이준,,,,,,,,,,,,,,,,,,,,,,,,,,,,,,,,,,,,,,,,,,
53,인시디어스 3,2015.7.9,"6,396,650,620",0.40%,"825,517",416,"20,824",미국,미국,유니버설픽쳐스인터내셔널 코리아(유), 리 워넬,, 스테파니 스콧, 더모트 멀로니, 린 샤예, 앵거스 샘슨,,,,,,,,,,,,,,,,,,,,,,,,,,,,,,,,,,,,,,,,,,
54,하트 오브 더 씨,2015.12.3,"6,777,420,023",0.40%,"809,399",535,"29,219",미국,미국,워너브러더스 코리아(주), 론 하워드,, 크리스 헴스워스, 킬리언 머피, 벤 위쇼, 샬롯 라일리, 브렌단 글리슨, 벤자민 워커,,,,,,,,,,,,,,,,,,,,,,,,,,,,,,,,,,,,,,,,
55,헝거게임: 더 파이널,2015.11.18,"6,069,167,163",0.40%,"806,520",661,"26,973",미국,미국,롯데쇼핑㈜롯데엔터테인먼트, 프란시스 로렌스,, 제니퍼 로렌스, 조쉬 허처슨, 리암 헴스워스,,,,,,,,,,,,,,,,,,,,,,,,,,,,,,,,,,,,,,,,,,,
56,기술자들,2014.12.24,"6,241,817,635",0.40%,"786,257",481,"18,808",한국,한국,롯데쇼핑㈜롯데엔터테인먼트, 김홍선,, 김우빈, 김영철, 고창석, 이현우, 조윤희, 임주환,,,,,,,,,,,,,,,,,,,,,,,,,,,,,,,,,,,,,,,,
57,신데렐라,2015.3.19,"5,500,502,900",0.30%,"716,491",531,"27,508",미국,미국,월트디즈니컴퍼니코리아(주),,,,,,,,,,,,,,,,,,,,,,,,,,,,,,,,,,,,,,,,,,,,,,,,
58,픽셀,2015.7.16,"5,390,909,947",0.30%,"681,945",557,"21,307",미국,미국,유니버설픽쳐스인터내셔널 코리아(유),,,,,,,,,,,,,,,,,,,,,,,,,,,,,,,,,,,,,,,,,,,,,,,,
59,열정같은소리하고있네,2015.11.25,"4,758,959,902",0.30%,"654,102",566,"30,459",한국,한국,(주)넥스트엔터테인먼트월드(NEW), 정기훈,, 정재영, 박보영,,,,,,,,,,,,,,,,,,,,,,,,,,,,,,,,,,,,,,,,,,,,
60,특종: 량첸살인기,2015.10.22,"4,754,763,118",0.30%,"616,481",776,"31,783",한국,한국,롯데쇼핑㈜롯데엔터테인먼트, 노덕,, 조정석, 이미숙, 이하나,,,,,,,,,,,,,,,,,,,,,,,,,,,,,,,,,,,,,,,,,,,
61,서부전선,2015.9.24,"4,751,661,400",0.30%,"609,063",509,"18,935",한국,한국,롯데쇼핑㈜롯데엔터테인먼트, 천성일,, 설경구, 여진구,,,,,,,,,,,,,,,,,,,,,,,,,,,,,,,,,,,,,,,,,,,,
62,채피,2015.3.12,"4,620,380,654",0.30%,"573,661",536,"24,669",미국,미국,유니버설픽쳐스인터내셔널 코리아(유), 닐 블롬캠프,, 휴 잭맨, 샬토 코플리, 시고니 위버, 데브 파텔,,,,,,,,,,,,,,,,,,,,,,,,,,,,,,,,,,,,,,,,,,
63,극장판 요괴워치: 탄생의 비밀이다냥!,2015.7.22,"3,888,539,100",0.20%,"550,924",509,"11,765",일본,일본,(주)씨제이이엔엠, 타카하시 시게하루, 우시로 신지, 박경혜, 김현지, 홍범기, 김율, 강호철, 현경수, 이상범, 임윤선, 김채하, 권성혁, 토마츠 하루카, 세키 토모카즈,,,,,,,,,,,,,,,,,,,,,,,,,,,,,,,,,,
64,헬머니,2015.3.5,"4,120,166,972",0.20%,"522,929",422,"24,846",한국,한국,(주)넥스트엔터테인먼트월드(NEW), 신한솔,, 김수미, 정만식, 김정태, 이태란, 정애연, 이영은, 이아인, 박준금,,,,,,,,,,,,,,,,,,,,,,,,,,,,,,,,,,,,,,
65,도라에몽 : 스탠 바이 미,2015.2.12,"3,684,756,429",0.20%,"503,968",432,"13,063",일본,일본,(주)넥스트엔터테인먼트월드(NEW), 야기 류이치, 야마자키 다카시, 윤아영, 김정아, 김혜성,,,,,,,,,,,,,,,,,,,,,,,,,,,,,,,,,,,,,,,,,,,
66,위험한 상견례 2,2015.4.29,"3,575,384,754",0.20%,"472,693",429,"18,409",한국,한국,"롯데쇼핑㈜롯데엔터테인먼트,(주)마인스 엔터테인먼트", 김진영,, 진세연, 홍종현, 신정근, 전수경, 김응수,,,,,,,,,,,,,,,,,,,,,,,,,,,,,,,,,,,,,,,,,
67,명탐정 코난 : 화염의 해바라기,2015.8.5,"3,296,031,400",0.20%,"471,205",433,"8,877",일본,일본,(주)씨제이이엔엠, 시즈노 코분,, 김선혜, 강수진, 신용우, 이현진, 타카야마 미나미, 야마자키 와카나, 코야마 리키야, 야마구치 캇페이,,,,,,,,,,,,,,,,,,,,,,,,,,,,,,,,,,,,,,
68,순수의 시대,2015.3.5,"3,740,948,828",0.20%,"469,891",546,"23,623",한국,한국,(주)씨제이이엔엠, 안상훈,, 신하균, 장혁, 강한나, 강하늘,,,,,,,,,,,,,,,,,,,,,,,,,,,,,,,,,,,,,,,,,,
69,오피스,2015.9.3,"3,460,460,230",0.20%,"441,208",425,"18,575",한국,한국,(주)리틀빅픽쳐스,,,,,,,,,,,,,,,,,,,,,,,,,,,,,,,,,,,,,,,,,,,,,,,,
70,"협녀, 칼의 기억",2015.8.13,"3,360,045,489",0.20%,"431,310",572,"16,099",한국,한국,롯데쇼핑㈜롯데엔터테인먼트, 박흥식,, 이병헌, 전도연, 김고은,,,,,,,,,,,,,,,,,,,,,,,,,,,,,,,,,,,,,,,,,,,
71,어린왕자,2015.12.23,"3,195,586,794",0.20%,"428,855",494,"8,384",프랑스,프랑스,씨네그루(주)다우기술,,,,,,,,,,,,,,,,,,,,,,,,,,,,,,,,,,,,,,,,,,,,,,,,
72,무뢰한,2015.5.27,"3,262,207,431",0.20%,"414,641",482,"23,660",한국,한국,CGV아트하우스, 오승욱,, 전도연, 김남길, 박성웅,,,,,,,,,,,,,,,,,,,,,,,,,,,,,,,,,,,,,,,,,,,
73,판타스틱 4,2015.8.20,"3,029,310,600",0.20%,"399,667",451,"16,241",미국,미국,이십세기폭스코리아(주), 팀 스토리,, 이안 그루퍼드, 제시카 알바, 크리스 에반스, 마이클 치클리스, 줄리안 맥마혼,,,,,,,,,,,,,,,,,,,,,,,,,,,,,,,,,,,,,,,,,
74,뽀로로 극장판 컴퓨터 왕국 대모험,2015.12.10,"2,902,090,600",0.20%,"391,760",544,"10,893",한국,한국,(주)넥스트엔터테인먼트월드(NEW), 박영균,, 이선, 이미자, 함수정, 홍소영, 정미숙, 김서영, 김환진, 엄상현,,,,,,,,,,,,,,,,,,,,,,,,,,,,,,,,,,,,,,
75,내 심장을 쏴라,2015.1.28,"2,856,859,132",0.20%,"387,409",452,"20,042",한국,한국,"(주)리틀빅픽쳐스,(주)이수C&E", 문제용,, 이민기, 여진구,,,,,,,,,,,,,,,,,,,,,,,,,,,,,,,,,,,,,,,,,,,,
76,소수의견,2015.6.24,"2,892,681,205",0.20%,"383,582",398,"16,273",한국,한국,(주)시네마서비스, 김성제,, 윤계상, 유해진, 김옥빈,,,,,,,,,,,,,,,,,,,,,,,,,,,,,,,,,,,,,,,,,,,
77,그레이의 50가지 그림자,2015.2.26,"2,918,598,796",0.20%,"364,415",512,"19,227",미국,미국,유니버설픽쳐스인터내셔널 코리아(유), 제임스 폴리,, 다코타 존슨, 제이미 도넌,,,,,,,,,,,,,,,,,,,,,,,,,,,,,,,,,,,,,,,,,,,,
78,홈,2015.5.21,"2,693,335,391",0.20%,"360,742",532,"10,484",미국,미국,(주)씨제이이엔엠, 김종우,, 이효제, 허준석, 임태풍, 김하나,,,,,,,,,,,,,,,,,,,,,,,,,,,,,,,,,,,,,,,,,,
79,경성학교: 사라진 소녀들,2015.6.18,"2,749,609,100",0.20%,"356,415",489,"18,520",한국,한국,롯데쇼핑㈜롯데엔터테인먼트, 이해영,, 박보영, 엄지원, 박소담,,,,,,,,,,,,,,,,,,,,,,,,,,,,,,,,,,,,,,,,,,,
80,치외법권,2015.8.27,"2,664,941,005",0.20%,"346,483",446,"15,297",한국,한국,판씨네마(주),,,,,,,,,,,,,,,,,,,,,,,,,,,,,,,,,,,,,,,,,,,,,,,,
81,아메리칸 스나이퍼,2015.1.14,"2,800,001,438",0.20%,"344,766",308,"10,769",미국,미국,워너브러더스 코리아(주), 클린트 이스트우드,, 브래들리 쿠퍼, 시에나 밀러, 제이크 맥더맨, 카일 갈너, 루크 그림즈,,,,,,,,,,,,,,,,,,,,,,,,,,,,,,,,,,,,,,,,,
82,에베레스트,2015.9.24,"3,055,119,748",0.20%,"332,180",331,"9,343",미국,"미국,영국",유니버설픽쳐스인터내셔널 코리아(유),,,,,,,,,,,,,,,,,,,,,,,,,,,,,,,,,,,,,,,,,,,,,,,,
83,호빗: 다섯 군대 전투,2014.12.17,"2,840,004,341",0.20%,"326,887",350,"7,347",미국,"미국,뉴질랜드",워너브러더스 코리아(주), 피터 잭슨,, 마틴 프리먼, 이안 맥켈런, 리처드 아미티지,,,,,,,,,,,,,,,,,,,,,,,,,,,,,,,,,,,,,,,,,,,
84,스폰지밥 3D,2015.2.18,"2,458,946,200",0.10%,"325,016",357,"8,415",미국,미국,(주)씨제이이엔엠, 폴 티비트,, 전태열, 이인성, 안토니오 반데라스, 클랜시 브라운,,,,,,,,,,,,,,,,,,,,,,,,,,,,,,,,,,,,,,,,,,
85,극적인 하룻밤,2015.12.3,"2,610,567,429",0.20%,"320,884",434,"18,332",한국,한국,CGV아트하우스,,,,,,,,,,,,,,,,,,,,,,,,,,,,,,,,,,,,,,,,,,,,,,,,
86,뮨: 달의 요정,2015.9.24,"2,333,203,700",0.10%,"319,384",365,"6,895",프랑스,프랑스,"(주)스마일이엔티,씨네그루(주)다우기술", 알렉상드르 헤보얀, 베노이트 필립폰, 조슈아 J. 발라드, 오마 사이, 트레버 드볼, 페오도르 아킨, 마이클 돕슨, 니콜 프로보스트,,,,,,,,,,,,,,,,,,,,,,,,,,,,,,,,,,,,,,,,
87,도리화가,2015.11.25,"2,246,950,339",0.10%,"317,505",563,"19,168",한국,한국,(주)씨제이이엔엠, 이종필,, 류승룡, 수지, 송새벽,,,,,,,,,,,,,,,,,,,,,,,,,,,,,,,,,,,,,,,,,,,
88,이터널 선샤인,2005.11.10,"2,581,017,592",0.20%,"315,447",108,"8,891",미국,미국,"(주)노바미디어,코리아픽쳐스(주)", 미셸 공드리,, 짐 캐리, 케이트 윈슬렛, 커스틴 던스트,,,,,,,,,,,,,,,,,,,,,,,,,,,,,,,,,,,,,,,,,,,
89,주피터 어센딩,2015.2.5,"2,687,549,879",0.20%,"309,842",561,"16,454",미국,미국,워너브러더스 코리아(주), 라나 워쇼스키, 릴리 워쇼스키, 밀라 쿠니스, 채닝 테이텀, 숀 빈, 에디 레드메인,,,,,,,,,,,,,,,,,,,,,,,,,,,,,,,,,,,,,,,,,,
90,패딩턴,2015.1.7,"2,246,438,729",0.10%,"305,102",408,"9,738",영국,"영국,프랑스,캐나다",롯데쇼핑㈜롯데엔터테인먼트,,,,,,,,,,,,,,,,,,,,,,,,,,,,,,,,,,,,,,,,,,,,,,,,
91,오즈의 마법사: 돌아온 도로시,2015.2.12,"2,176,416,000",0.10%,"298,482",330,"7,787",미국,미국,(주)박수엔터테인먼트, 윌 핀, 댄 세인트 피에르, 박지윤, 김하영, 신용우, 남도형, 레아 미셀, 패트릭 스튜어트,,,,,,,,,,,,,,,,,,,,,,,,,,,,,,,,,,,,,,,,
92,런 올 나이트,2015.3.19,"2,293,671,495",0.10%,"289,534",411,"15,865",미국,미국,워너브러더스 코리아(주), 자움 콜렛 세라,, 리암 니슨, 조엘 킨나만, 에드 해리스, 커먼, 제네시스 로드리게스,,,,,,,,,,,,,,,,,,,,,,,,,,,,,,,,,,,,,,,,,
93,다이노 타임,2015.4.30,"2,108,596,800",0.10%,"284,900",430,"6,713",한국,"한국,미국",(주)씨제이이엔엠, 최윤석, 존 카프카, 멜라니 그리피스, 제인 린치, 윌리암 볼드윈, 스티븐 볼드윈, 롭 슈나이더, 파멜라 애들론, 타라 스트롱, 유리 로웬탈,,,,,,,,,,,,,,,,,,,,,,,,,,,,,,,,,,,,,,
94,인서전트,2015.3.25,"2,158,449,889",0.10%,"282,662",480,"18,214",미국,미국,롯데쇼핑㈜롯데엔터테인먼트, 로베르트 슈벤트케,, 쉐일린 우들리, 테오 제임스, 케이트 윈슬렛, 나오미 왓츠, 매기 큐, 안셀 엘고트, 마일즈 텔러, 조니 웨스턴, 대니얼 대 킴,,,,,,,,,,,,,,,,,,,,,,,,,,,,,,,,,,,,,
95,백 투 더 비기닝,2015.2.26,"2,018,287,400",0.10%,"266,610",423,"13,839",미국,미국,롯데쇼핑㈜롯데엔터테인먼트,,,,,,,,,,,,,,,,,,,,,,,,,,,,,,,,,,,,,,,,,,,,,,,,
96,투모로우랜드,2015.5.27,"2,083,283,000",0.10%,"265,810",435,"14,640",미국,미국,월트디즈니컴퍼니코리아(주), 브래드 버드,, 조지 클루니, 휴 로리, 브릿 로버트슨, 래피 캐시디,,,,,,,,,,,,,,,,,,,,,,,,,,,,,,,,,,,,,,,,,,
97,스파이 브릿지,2015.11.5,"2,049,608,478",0.10%,"264,872",425,"12,434",미국,미국,이십세기폭스코리아(주), 스티븐 스필버그,, 톰 행크스, 마크 라이런스, 오스틴 스토웰, 에이미 라이언,,,,,,,,,,,,,,,,,,,,,,,,,,,,,,,,,,,,,,,,,,
98,개를 훔치는 완벽한 방법,2014.12.31,"2,019,629,065",0.10%,"263,300",199,"8,008",한국,한국,"(주)리틀빅픽쳐스,(주)대명문화공장", 김성호,, 이레, 이지원, 홍은택, 김혜자, 최민수, 강혜정, 이천희, 개리,,,,,,,,,,,,,,,,,,,,,,,,,,,,,,,,,,,,,,
99,함정,2015.9.10,"2,090,877,200",0.10%,"257,990",445,"10,899",한국,한국,(주)인벤트스톤, 권형진,, 마동석, 조한선, 김민경, 지안,,,,,,,,,,,,,,,,,,,,,,,,,,,,,,,,,,,,,,,,,,
100,명탐정 코난 : 코난 실종사건 - 사상 최악의 이틀,2015.2.12,"1,885,543,600",0.10%,"257,381",187,"5,300",일본,일본,(주)씨제이이엔엠, 야마모토 야스이치로,, 김선혜, 강수진, 이현진, 이정구, 황원, 우정신, 한인숙, 정선혜, 여민정, 위훈, 박신희, 정재헌, 양정화, 타카야마 미나미, 야마구치 캇페이, 야마자키 와카나, 코야마 리키야, 타나카 카즈나리, 하야시바라 메구미, 타카기 와타루, 오오타니 이쿠에, 이와이 유키코, 카가와 테루유키,,,,,,,,,,,,,,,,,,,,,,,
101,언브로큰,2015.1.7,"1,997,947,292",0.10%,"256,475",401,"10,780",미국,미국,유니버설픽쳐스인터내셔널 코리아(유), 안젤리나 졸리,, 잭 오코넬, 도널 글리슨, 가렛 헤드룬드, 핀 위트록, 제이 코트니, 알렉스 러셀,,,,,,,,,,,,,,,,,,,,,,,,,,,,,,,,,,,,,,,,
102,소셜포비아,2015.3.12,"1,964,654,963",0.10%,"249,828",368,"15,161",한국,한국,CGV아트하우스, 홍석재,, 변요한, 이주승, 류준열, 하윤경, 유대형, 박근록, 오희준, 임지호, 김용준, 정재우,,,,,,,,,,,,,,,,,,,,,,,,,,,,,,,,,,,,
103,하늘을 걷는 남자,2015.10.28,"2,267,273,653",0.10%,"238,257",415,"12,015",미국,미국,유니버설픽쳐스인터내셔널 코리아(유), 로버트 저메키스,, 조셉 고든 레빗, 벤 킹슬리, 샬롯 르 본, 제임스 뱃지 데일, 벤 슈와츠, 스티브 발렌타인,,,,,,,,,,,,,,,,,,,,,,,,,,,,,,,,,,,,,,,,
104,극장판 포켓몬스터 XY : 파괴의 포켓몬과 디안시,2015.1.14,"1,653,084,000",0.10%,"233,347",360,"7,472",일본,일본,롯데쇼핑㈜롯데엔터테인먼트, 유야마 쿠니히코,, 조현정, 이선호, 마츠모토 리카, 오오타니 이쿠에,,,,,,,,,,,,,,,,,,,,,,,,,,,,,,,,,,,,,,,,,,
105,조선마술사,2015.12.30,"1,506,449,794",0.10%,"224,657",596,"4,922",한국,한국,롯데쇼핑㈜롯데엔터테인먼트, 김대승,, 유승호, 고아라,,,,,,,,,,,,,,,,,,,,,,,,,,,,,,,,,,,,,,,,,,,,
106,괴물의 아이,2015.11.25,"1,652,580,816",0.10%,"223,216",363,"10,487",일본,일본,"CGV아트하우스,(주)리틀빅픽쳐스", 호소다 마모루,, 야쿠쇼 코지, 미야자키 아오이, 소메타니 쇼타, 히로세 스즈, 야마지 카즈히로,,,,,,,,,,,,,,,,,,,,,,,,,,,,,,,,,,,,,,,,,
107,노아의 방주: 남겨진 녀석들,2015.4.30,"1,589,433,800",0.10%,"220,189",436,"5,422",독일,"독일,벨기에,룩셈부르크,아일랜드",씨네그루(주)다우기술, 토비 젠켈,, 김하영, 배진홍, 윤세웅, 전진아, 임채헌, 박상훈, 권문정,,,,,,,,,,,,,,,,,,,,,,,,,,,,,,,,,,,,,,,
108,언프렌디드: 친구삭제,2015.5.7,"1,645,623,941",0.10%,"219,892",386,"9,994",미국,미국,유니버설픽쳐스인터내셔널 코리아(유), 레반 가브리아제,, 헤더 소서맨, 쉘리 헨닝, 모세 제이콥 스톰, 윌 펠츠,,,,,,,,,,,,,,,,,,,,,,,,,,,,,,,,,,,,,,,,,,
109,연애의 맛,2015.5.7,"1,725,990,153",0.10%,"214,539",398,"12,474",한국,한국,"(주)와우픽쳐스,(주)쇼박스", 김아론,, 오지호, 강예원,,,,,,,,,,,,,,,,,,,,,,,,,,,,,,,,,,,,,,,,,,,,
110,포켓몬 더 무비 XY 후파: 광륜의 초마신,2015.12.23,"1,528,041,500",0.10%,"214,284",360,"4,271",일본,일본,(주)이수C&E, 유야마 쿠니히코,, 여민정, 이광수, 이선호, 마츠모토 리카, 오오타니 이쿠에,,,,,,,,,,,,,,,,,,,,,,,,,,,,,,,,,,,,,,,,,
111,버드맨,2015.3.5,"1,664,640,800",0.10%,"206,241",380,"12,051",미국,미국,이십세기폭스코리아(주), 알레한드로 곤잘레스 이냐리투,, 마이클 키튼, 에드워드 노튼, 엠마 스톤, 나오미 왓츠,,,,,,,,,,,,,,,,,,,,,,,,,,,,,,,,,,,,,,,,,,
112,기생수 파트1,2015.2.26,"1,543,346,126",0.10%,"187,291",247,"7,405",일본,일본,판씨네마(주), 야마자키 다카시,, 소메타니 쇼타, 아베 사다오, 후카츠 에리, 하시모토 아이,,,,,,,,,,,,,,,,,,,,,,,,,,,,,,,,,,,,,,,,,,
113,더 셰프,2015.11.5,"1,482,518,148",0.10%,"186,511",409,"12,461",미국,미국,(주)이수C&E, 존 웰스,, 브래들리 쿠퍼, 시에나 밀러, 오마 사이, 엠마 톰슨, 우마 서먼, 다니엘 브륄, 매튜 리즈, 알리시아 비칸데르,,,,,,,,,,,,,,,,,,,,,,,,,,,,,,,,,,,,,,
114,팬,2015.10.8,"1,425,325,592",0.10%,"186,174",428,"8,994",미국,미국,워너브러더스 코리아(주),,,,,,,,,,,,,,,,,,,,,,,,,,,,,,,,,,,,,,,,,,,,,,,,
115,레전드,2015.12.10,"1,436,348,930",0.10%,"179,738",449,"9,991",프랑스,"프랑스,영국",(주)이수C&E, 브라이언 헬겔랜드,, 톰 하디, 태런 에저튼, 에밀리 브라우닝,,,,,,,,,,,,,,,,,,,,,,,,,,,,,,,,,,,,,,,,,,,
116,인터스텔라,2014.11.6,"1,699,965,700",0.10%,"178,527",109,"2,898",미국,"미국,영국",워너브러더스 코리아(주), 크리스토퍼 놀란,, 매튜 맥커너히, 앤 해서웨이, 마이클 케인, 제시카 차스테인,,,,,,,,,,,,,,,,,,,,,,,,,,,,,,,,,,,,,,,,,,
117,19곰 테드 2,2015.6.25,"1,378,084,400",0.10%,"170,647",297,"7,147",미국,미국,유니버설픽쳐스인터내셔널 코리아(유), 세스 맥팔레인,, 마크 월버그, 아만다 사이프리드, 세스 맥팔레인, 리암 니슨, 모건 프리먼,,,,,,,,,,,,,,,,,,,,,,,,,,,,,,,,,,,,,,,,,
118,아메리칸 울트라,2015.8.27,"1,301,387,295",0.10%,"161,382",341,"8,634",미국,미국,(주)씨제이이엔엠, 니마 누리자데,, 제시 아이젠버그, 크리스틴 스튜어트, 코니 브리튼, 토퍼 그레이스, 월튼 고긴스,,,,,,,,,,,,,,,,,,,,,,,,,,,,,,,,,,,,,,,,,
119,트랜스포터: 리퓰드,2015.10.15,"1,263,319,115",0.10%,"161,245",432,"10,083",프랑스,"프랑스,중국",씨네그루(주)다우기술, 카밀 들라마레,, 에드 스크레인, 론 샤바놀,,,,,,,,,,,,,,,,,,,,,,,,,,,,,,,,,,,,,,,,,,,,
120,내부자들: 디 오리지널,2015.12.31,"1,236,787,715",0.10%,"160,148",595,"1,540",한국,한국,(주)쇼박스, 우민호,, 이병헌, 조승우, 백윤식,,,,,,,,,,,,,,,,,,,,,,,,,,,,,,,,,,,,,,,,,,,
121,센과 치히로의 행방불명,2002.6.27,"1,255,442,529",0.10%,"159,282",339,"6,434",일본,일본,씨네그루(주)다우기술,,,,,,,,,,,,,,,,,,,,,,,,,,,,,,,,,,,,,,,,,,,,,,,,
122,스누피: 더 피너츠 무비,2015.12.24,"1,194,012,100",0.10%,"156,376",348,"3,572",미국,미국,이십세기폭스코리아(주), 스티브 마티노,, 빌 멜렌데즈, 노아 스납,,,,,,,,,,,,,,,,,,,,,,,,,,,,,,,,,,,,,,,,,,,,
123,최강전사 미니특공대 : 새로운 악당의 습격,2015.2.5,"1,171,479,200",0.10%,"155,348",318,"4,610",한국,한국,에이원엔터테인먼트, 이영준,, 엄상현, 전태열, 신용우, 이소영, 성완경, 양정화,,,,,,,,,,,,,,,,,,,,,,,,,,,,,,,,,,,,,,,,
124,아메리칸 셰프,2015.1.7,"1,245,833,929",0.10%,"152,508",111,"4,879",미국,미국,(주)영화사 진진, 존 파브로,, 존 파브로, 엠제이 안소니, 소피아 베르가라, 스칼렛 요한슨, 더스틴 호프만, 로버트 다우니 주니어,,,,,,,,,,,,,,,,,,,,,,,,,,,,,,,,,,,,,,,,
125,짱구는 못말려 극장판 : 정면승부! 로봇아빠의 역습,2015.4.23,"1,085,388,600",0.10%,"150,226",372,"5,097",일본,일본,(주)이수C&E, 타카하시 와타루,, 야지마 아키코, 나라하시 미키, 후지와라 케이지,,,,,,,,,,,,,,,,,,,,,,,,,,,,,,,,,,,,,,,,,,,
126,워킹걸,2015.1.7,"1,183,887,479",0.10%,"149,181",308,"7,076",한국,한국,메가박스중앙(주)플러스엠, 정범식,, 조여정, 클라라, 김태우,,,,,,,,,,,,,,,,,,,,,,,,,,,,,,,,,,,,,,,,,,,
127,은밀한 유혹,2015.6.4,"1,137,666,247",0.10%,"145,547",394,"14,968",한국,한국,(주)씨제이이엔엠, 윤재구,, 임수정, 유연석,,,,,,,,,,,,,,,,,,,,,,,,,,,,,,,,,,,,,,,,,,,,
128,우먼 인 골드,2015.7.9,"1,111,546,800",0.10%,"144,744",252,"5,801",미국,"미국,영국",(주)팝엔터테인먼트, 사이먼 커티스,, 헬렌 미렌, 라이언 레이놀즈, 다니엘 브륄, 타티아나 마슬라니, 케이티 홈즈,,,,,,,,,,,,,,,,,,,,,,,,,,,,,,,,,,,,,,,,,
129,화장,2015.4.9,"1,073,035,100",0.10%,"142,382",327,"13,811",한국,한국,(주)리틀빅픽쳐스,,,,,,,,,,,,,,,,,,,,,,,,,,,,,,,,,,,,,,,,,,,,,,,,
130,시카리오: 암살자의 도시,2015.12.3,"1,135,597,952",0.10%,"140,715",227,"6,220",미국,미국,롯데쇼핑㈜롯데엔터테인먼트, 드니 빌뇌브,, 에밀리 블런트, 베니시오 델 토로, 조슈 브롤린,,,,,,,,,,,,,,,,,,,,,,,,,,,,,,,,,,,,,,,,,,,
131,워터 디바이너,2015.1.28,"1,008,818,235",0.10%,"136,134",326,"9,179",미국,"미국,호주,터키",롯데쇼핑㈜롯데엔터테인먼트, 러셀 크로우,, 러셀 크로우, 올가 쿠릴렌코, 제이 코트니,,,,,,,,,,,,,,,,,,,,,,,,,,,,,,,,,,,,,,,,,,,
132,나의 절친 악당들,2015.6.25,"1,054,470,664",0.10%,"133,553",384,"9,830",한국,한국,이십세기폭스코리아(주), 임상수,, 류승범, 고준희, 류현경, 샘 오취리,,,,,,,,,,,,,,,,,,,,,,,,,,,,,,,,,,,,,,,,,,
133,심야식당,2015.6.18,"1,045,229,474",0.10%,"132,192",180,"5,779",일본,일본,(주)영화사 진진,,,,,,,,,,,,,,,,,,,,,,,,,,,,,,,,,,,,,,,,,,,,,,,,
134,러브 라이브! 더 스쿨 아이돌 무비,2015.9.3,"985,069,000",0.10%,"130,223",66,"2,637",일본,일본,(주)박수엔터테인먼트, 쿄고쿠 타카히코,, 닛타 에미, 난죠 요시노, 우치다 아야, 미모리 스즈코, 이이다 리호, 파일, 쿠스다 아이나, 쿠보 유리카, 토쿠이 소라,,,,,,,,,,,,,,,,,,,,,,,,,,,,,,,,,,,,,
135,미라클 벨리에,2015.8.27,"929,076,518",0.10%,"121,827",245,"6,055",프랑스,프랑스,(주)영화사 진진, 에릭 라티고,, 루안 에머라, 카린 비아르, 프랑수아 다미앙, 에릭 엘모스니노,,,,,,,,,,,,,,,,,,,,,,,,,,,,,,,,,,,,,,,,,,
136,퇴마: 무녀굴,2015.8.20,"951,843,500",0.10%,"120,802",331,"6,463",한국,한국,씨네그루(주)다우기술, 김휘,, 김성균, 유선, 천호진, 차예련, 김혜성, 임화영,,,,,,,,,,,,,,,,,,,,,,,,,,,,,,,,,,,,,,,,
137,눈의 여왕 2: 트롤의 마법거울,2014.12.24,"859,630,100",0.10%,"120,379",246,"2,660",러시아,러시아,씨네그루(주)다우기술, 알렉세이 트시칠린,, 벨라 손, 샬토 코플리,,,,,,,,,,,,,,,,,,,,,,,,,,,,,,,,,,,,,,,,,,,,
138,존 윅,2015.1.21,"925,995,637",0.10%,"116,119",321,"6,653",미국,미국,"(주)제이앤씨미디어그룹,(주)나이너스엔터테인먼트",,,,,,,,,,,,,,,,,,,,,,,,,,,,,,,,,,,,,,,,,,,,,,,,
139,상의원,2014.12.24,"910,405,400",0.10%,"113,738",264,"3,315",한국,한국,"(주)쇼박스,(주)와우픽쳐스", 이원석,, 한석규, 고수, 박신혜, 유연석, 마동석,,,,,,,,,,,,,,,,,,,,,,,,,,,,,,,,,,,,,,,,,
140,극장판 도라에몽 : 진구의 우주영웅기~스페이스 히어로즈~,2015.9.17,"816,868,100",0.00%,"113,404",351,"3,522",일본,일본,(주)와우픽쳐스, 오오스기 요시히로,, 미즈타 와사비, 오오하라 메구미, 카카즈 유미, 키무라 스바루, 세키 토모카즈,,,,,,,,,,,,,,,,,,,,,,,,,,,,,,,,,,,,,,,,,
141,스틸 앨리스,2015.4.29,"870,357,546",0.10%,"112,767",116,"4,963",미국,미국,그린나래미디어(주), 리처드 글랫저, 워시 웨스트모어랜드, 줄리안 무어, 알렉 볼드윈, 크리스틴 스튜어트, 케이트 보스워스,,,,,,,,,,,,,,,,,,,,,,,,,,,,,,,,,,,,,,,,,,
142,셀프/리스,2015.9.10,"874,447,764",0.10%,"111,127",340,"6,785",미국,미국,(주)이수C&E, 타셈 싱,, 라이언 레이놀즈, 매튜 구드, 벤 킹슬리, 미셀 도커리,,,,,,,,,,,,,,,,,,,,,,,,,,,,,,,,,,,,,,,,,,
143,맨 프롬 UNCLE,2015.10.28,"846,390,353",0.00%,"108,551",361,"7,169",미국,미국,워너브러더스 코리아(주), 가이 리치,, 헨리 카빌, 아미 해머, 알리시아 비칸데르, 엘리자베스 데비키, 휴 그랜트,,,,,,,,,,,,,,,,,,,,,,,,,,,,,,,,,,,,,,,,,
144,더 건맨,2015.4.16,"833,925,965",0.00%,"107,444",349,"9,352",프랑스,"프랑스,스페인,영국",롯데쇼핑㈜롯데엔터테인먼트, 피에르 모렐,, 숀 펜, 하비에르 바르뎀, 이드리스 엘바,,,,,,,,,,,,,,,,,,,,,,,,,,,,,,,,,,,,,,,,,,,
145,프리덤,2015.11.19,"736,220,100",0.00%,"106,030",117,"3,067",미국,미국,주식회사 마운틴픽쳐스,,,,,,,,,,,,,,,,,,,,,,,,,,,,,,,,,,,,,,,,,,,,,,,,
146,사우스포,2015.12.3,"757,831,248",0.00%,"100,785",335,"6,516",미국,미국,씨네그루(주)다우기술,,,,,,,,,,,,,,,,,,,,,,,,,,,,,,,,,,,,,,,,,,,,,,,,
147,돌연변이,2015.10.22,"748,816,684",0.00%,"100,523",399,"6,827",한국,한국,필라멘트픽쳐스,,,,,,,,,,,,,,,,,,,,,,,,,,,,,,,,,,,,,,,,,,,,,,,,
148,극장판 파워레인저 트레인포스 VS 다이노포스 THE MOVIE,2015.11.26,"730,895,500",0.00%,"100,026",344,"4,120",일본,일본,"(주)스마일이엔티,(주)영화사오원", 와타나베 카츠야,, 심규혁, 이인석, 강시현, 홍진욱, 김서영, 서원석, 김장, 이주창, 방성준, 이재범, 윤아영, 전광주, 이정구, 이유리, 이현, 박고운, 박요한, 김현욱, 정주원, 유해무, 이인성, 문유정, 오인성, 최문자, 황창영, 곽규미, 송준석, 김도영, 채민지, 김연우, 이새아, 시손 쥰, 히라마키 진, 코지마 리리아, 요코하마 류세이, 모리타카 아이, 나가하마 신, 류세이 료, 사이토 슈스케, 킨죠 야마토, 시오노 아키히사, 콘노 아유리, 마루야마 아츠시, 오오쿠치 켄고, 후쿠하라 하루카, 세키네 츠토무
149,빌리와 용감한 녀석들 3,2015.4.30,"699,788,600",0.00%,"98,495",343,"3,300",미국,미국,롯데쇼핑㈜롯데엔터테인먼트, 척 파워스,, 엄상현, 조현정, 숀 애스틴,,,,,,,,,,,,,,,,,,,,,,,,,,,,,,,,,,,,,,,,,,,
150,맥베스,2015.12.3,"712,208,153",0.00%,"93,610",141,"3,645",영국,"영국,프랑스,미국",판씨네마(주),,,,,,,,,,,,,,,,,,,,,,,,,,,,,,,,,,,,,,,,,,,,,,,,
151,7번째 아들,2015.2.11,"729,980,451",0.00%,"92,598",358,"7,396",미국,"미국,영국,캐나다",유니버설픽쳐스인터내셔널 코리아(유), 세르게이 보드로프,, 제프 브리지스, 벤 반스, 줄리안 무어,,,,,,,,,,,,,,,,,,,,,,,,,,,,,,,,,,,,,,,,,,,
152,숀더쉽,2015.8.13,"640,793,000",0.00%,"91,790",263,"2,937",영국,"영국,프랑스",(주)박수엔터테인먼트,,,,,,,,,,,,,,,,,,,,,,,,,,,,,,,,,,,,,,,,,,,,,,,,
153,포커스,2015.2.26,"702,878,700",0.00%,"91,164",349,"6,736",미국,미국,워너브러더스 코리아(주), 글렌 피카라, 존 레쿼, 윌 스미스, 마고 로비, 로드리고 산토로,,,,,,,,,,,,,,,,,,,,,,,,,,,,,,,,,,,,,,,,,,,
154,더 매직: 리틀톰과 도둑공주,2015.9.24,"654,964,700",0.00%,"89,524",193,"2,195",스페인,"스페인,쿠바","㈜코리아스크린,와이드 릴리즈(주)", 어네스토 파드롱,, 카를로스 블랑코, 몬티 카스티네이라스, 마리아 카스트로, 루이스 이글레시아스, 마리아 푸할테, 하비에르 레이,,,,,,,,,,,,,,,,,,,,,,,,,,,,,,,,,,,,,,,,
155,갤로우즈,2015.9.3,"686,186,406",0.00%,"88,777",299,"4,654",미국,미국,워너브러더스 코리아(주), 트래비스 클러프, 크리스 로핑, 캐시디 지포드, 파이퍼 브라운, 라이언 슈즈,,,,,,,,,,,,,,,,,,,,,,,,,,,,,,,,,,,,,,,,,,,
156,세인트 빈센트,2015.3.5,"670,341,528",0.00%,"86,415",308,"6,347",미국,미국,(주)영화사 빅, 월터 힐,, 캐머런 영,,,,,,,,,,,,,,,,,,,,,,,,,,,,,,,,,,,,,,,,,,,,,
157,빅 아이즈,2015.1.28,"651,454,335",0.00%,"85,223",290,"5,500",미국,미국,판씨네마(주), 팀 버튼,, 에이미 아담스, 크리스토프 왈츠,,,,,,,,,,,,,,,,,,,,,,,,,,,,,,,,,,,,,,,,,,,,
158,와일드,2015.1.22,"668,736,800",0.00%,"83,761",58,"2,733",미국,미국,이십세기폭스코리아(주),,,,,,,,,,,,,,,,,,,,,,,,,,,,,,,,,,,,,,,,,,,,,,,,
159,더 이퀄라이저,2015.1.28,"639,464,500",0.00%,"82,779",255,"4,861",미국,미국,유니버설픽쳐스인터내셔널 코리아(유), 안톤 후쿠아,, 덴젤 워싱턴, 페드로 파스칼, 빌 풀만, 멜리사 레오,,,,,,,,,,,,,,,,,,,,,,,,,,,,,,,,,,,,,,,,,,
160,지금은맞고그때는틀리다,2015.9.24,"658,072,600",0.00%,"79,840",70,"5,053",한국,한국,"(주)영화제작전원사 ,(주)넥스트엔터테인먼트월드(NEW)", 홍상수,, 정재영, 김민희,,,,,,,,,,,,,,,,,,,,,,,,,,,,,,,,,,,,,,,,,,,,
161,엑스 마키나,2015.1.21,"633,161,363",0.00%,"78,435",207,"4,062",미국,미국,유니버설픽쳐스인터내셔널 코리아(유), 알렉스 가랜드,, 도널 글리슨, 알리시아 비칸데르, 오스카 아이삭,,,,,,,,,,,,,,,,,,,,,,,,,,,,,,,,,,,,,,,,,,,
162,모데카이,2015.2.18,"624,513,020",0.00%,"78,070",290,"4,241",미국,미국,(주)나이너스엔터테인먼트, 데이빗 코엡,, 조니 뎁, 기네스 팰트로, 이완 맥그리거, 올리비아 문, 폴 베타니, 제프 골드브럼,,,,,,,,,,,,,,,,,,,,,,,,,,,,,,,,,,,,,,,,
163,러덜리스,2015.7.9,"613,113,720",0.00%,"77,867",117,"3,525",미국,미국,그린나래미디어(주), 윌리암 H. 머시,, 빌리 크루덥, 안톤 옐친,,,,,,,,,,,,,,,,,,,,,,,,,,,,,,,,,,,,,,,,,,,,
164,쓰리 썸머 나잇,2015.7.15,"616,132,846",0.00%,"77,621",297,"5,391",한국,한국,"(주)리틀빅픽쳐스,(주)인벤트스톤", 김상진,, 김동욱, 임원희, 손호준, 윤제문, 류현경,,,,,,,,,,,,,,,,,,,,,,,,,,,,,,,,,,,,,,,,,
165,타임 패러독스,2015.1.7,"602,296,908",0.00%,"76,803",232,"4,327",호주,호주,(유)조이앤시네마, 마이클 스피어리그, 피터 스피어리그, 에단 호크, 노아 테일러, 사라 스누크,,,,,,,,,,,,,,,,,,,,,,,,,,,,,,,,,,,,,,,,,,,
166,피치 퍼펙트: 언프리티 걸즈,2015.5.28,"591,516,497",0.00%,"75,598",297,"5,381",미국,미국,유니버설픽쳐스인터내셔널 코리아(유), 엘리자베스 뱅크스,, 안나 켄드릭, 헤일리 스테인펠드, 레벨 윌슨, 브리타니 스노우,,,,,,,,,,,,,,,,,,,,,,,,,,,,,,,,,,,,,,,,,,
167,위자,2015.4.16,"570,989,035",0.00%,"73,716",337,"6,160",미국,미국,유니버설픽쳐스인터내셔널 코리아(유), 마이크 플래너건,, 엘리자베스 리저, 애너리즈 바쏘, 룰루 윌슨, 헨리 토마스,,,,,,,,,,,,,,,,,,,,,,,,,,,,,,,,,,,,,,,,,,
168,러브 액츄얼리,2003.12.5,"563,342,808",0.00%,"70,500",105,"1,895",미국,"미국,영국","(주)제이앤씨미디어그룹,와이드 릴리즈(주),UIP코리아,(유)조이앤시네마", 리차드 커티스,, 휴 그랜트, 리암 니슨, 콜린 퍼스, 로라 리니, 엠마 톰슨, 앨런 릭먼, 키이라 나이틀리, 마틴 맥커친, 빌 나이,,,,,,,,,,,,,,,,,,,,,,,,,,,,,,,,,,,,,
169,다크 플레이스,2015.7.15,"530,282,654",0.00%,"66,075",268,"4,160",미국,"미국,영국,프랑스","(주)스톰픽쳐스코리아,주식회사 우리네트웍스", 질스 파겟-브레너,, 샤를리즈 테론, 니콜라스 홀트, 클로이 모레츠, 드리아 드 마테오,,,,,,,,,,,,,,,,,,,,,,,,,,,,,,,,,,,,,,,,,,
170,히트맨: 에이전트 47,2015.9.3,"502,308,500",0.00%,"64,157",272,"4,501",미국,미국,이십세기폭스코리아(주), 알렉산더 바흐,, 루퍼트 프렌드, 한나 웨어, 재커리 퀸토, 시아란 힌즈,,,,,,,,,,,,,,,,,,,,,,,,,,,,,,,,,,,,,,,,,,
171,보루토 - 나루토 더 무비,2015.12.10,"476,416,400",0.00%,"64,062",219,"2,680",일본,일본,와이드 릴리즈(주), 야마시타 히로유키,, 산페이 유코, 키쿠치 코코로, 타케우치 준코, 스기야마 노리아키,,,,,,,,,,,,,,,,,,,,,,,,,,,,,,,,,,,,,,,,,,
172,기생수 파트2,2015.5.7,"514,500,959",0.00%,"63,560",260,"5,118",일본,일본,판씨네마(주), 야마자키 다카시,, 소메타니 쇼타, 아베 사다오, 후카츠 에리, 하시모토 아이,,,,,,,,,,,,,,,,,,,,,,,,,,,,,,,,,,,,,,,,,,
173,위아영,2015.5.14,"495,668,860",0.00%,"62,069",235,"4,954",미국,미국,"(주)브리즈픽처스,(주)영화사오원", 노아 바움백,, 벤 스틸러, 나오미 왓츠, 아만다 사이프리드, 아담 드라이버, 찰스 그로딘,,,,,,,,,,,,,,,,,,,,,,,,,,,,,,,,,,,,,,,,,
174,아더와 미니모이 3: 두 세계의 전쟁,2015.11.5,"434,914,800",0.00%,"61,550",267,"2,071",프랑스,프랑스,(주)라이크콘텐츠, 뤽 베송,, 프레디 하이모어, 셀레나 고메즈, 페니 밸포어, 루 리드, 지미 펄론,,,,,,,,,,,,,,,,,,,,,,,,,,,,,,,,,,,,,,,,,
175,주온: 더 파이널,2015.10.1,"462,659,400",0.00%,"61,130",318,"4,882",일본,일본,유니버설픽쳐스인터내셔널 코리아(유), 오치아이 마사유키,, 타이라 아이리, 키리야마 렌,,,,,,,,,,,,,,,,,,,,,,,,,,,,,,,,,,,,,,,,,,,,
176,파더 앤 도터,2015.12.10,"464,270,100",0.00%,"60,829",352,"5,487",미국,"미국,이탈리아",(주)박수엔터테인먼트, 미유키 우에하라,,,,,,,,,,,,,,,,,,,,,,,,,,,,,,,,,,,,,,,,,,,,,,,
177,말할 수 없는 비밀,2008.1.10,"468,890,500",0.00%,"57,553",96,"2,900",대만,"대만,홍콩","(주)엔케이컨텐츠,(주)디스테이션,(주)스폰지이엔티",,,,,,,,,,,,,,,,,,,,,,,,,,,,,,,,,,,,,,,,,,,,,,,,
178,드래곤 블레이드,2015.3.12,"435,192,800",0.00%,"57,377",264,"4,794",중국,중국,롯데쇼핑㈜롯데엔터테인먼트, 이인항,, 성룡, 존 쿠삭, 애드리언 브로디, 시원, 샤니 빈슨,,,,,,,,,,,,,,,,,,,,,,,,,,,,,,,,,,,,,,,,,
179,대니 콜린스,2015.9.30,"427,040,305",0.00%,"56,632",309,"5,640",미국,미국,"(주)나이너스엔터테인먼트,(주)지어소프트", 댄 포겔맨,, 알 파치노, 아네트 베닝, 제니퍼 가너, 바비 카나베일,,,,,,,,,,,,,,,,,,,,,,,,,,,,,,,,,,,,,,,,,,
180,나이트 크롤러,2015.2.26,"451,539,300",0.00%,"55,975",233,"3,938",미국,미국,(주)스톰픽쳐스코리아, 댄 길로이,, 제이크 질렌할,,,,,,,,,,,,,,,,,,,,,,,,,,,,,,,,,,,,,,,,,,,,,
181,고녀석 맛나겠다2 : 함께라서 행복해,2015.7.29,"384,800,000",0.00%,"55,675",142,"1,768",한국,한국,(주)리틀빅픽쳐스, 최경석, 노나카 카즈미, 엄상현, 시영준, 안장혁, 김희선, 이경태, 와타나베 마리나, 다케우치 준코, 타카나시 켄고, 야마구치 캇페이, 카카즈 유미,,,,,,,,,,,,,,,,,,,,,,,,,,,,,,,,,,,,
182,더 랍스터,2015.10.29,"457,244,300",0.00%,"55,396",75,"2,510",영국,"영국,그리스,아일랜드,네덜란드,프랑스","(주)팝엔터테인먼트,(주)영화사오원,(주)브리즈픽처스", 요르고스 란티모스,, 콜린 파렐, 레이첼 와이즈, 레아 세이두,,,,,,,,,,,,,,,,,,,,,,,,,,,,,,,,,,,,,,,,,,,
183,개구리왕국,2015.11.12,"362,895,100",0.00%,"53,576",227,"1,971",중국,중국,예지림엔터테인먼트, 상광희, 펭 페이, 사문영, 이경태, 임주현, 홍진욱, 윤세웅, 이현,,,,,,,,,,,,,,,,,,,,,,,,,,,,,,,,,,,,,,,,
184,이웃집에 신이 산다,2015.12.24,"421,457,300",0.00%,"53,368",80,"1,213",벨기에,"벨기에,프랑스,룩셈부르크",(주)엣나인필름, 자코 반 도마엘,, 브누와 뽀엘부르드, 욜랜드 모로, 까뜨린느 드뇌브, 프랑소아 다미앙, 필리 그로인,,,,,,,,,,,,,,,,,,,,,,,,,,,,,,,,,,,,,,,,,
185,더 라스트: 나루토 더 무비,2015.2.26,"392,023,272",0.00%,"52,833",158,"2,109",일본,일본,와이드 릴리즈(주), 코바야시 츠네오,, 타케우치 준코, 나카무라 치에, 모리쿠보 쇼타로, 히노 사토시, 미즈키 나나, 이노우에 카즈히코, 스기야마 노리아키, 후쿠야마 쥰, 유즈키 료카,,,,,,,,,,,,,,,,,,,,,,,,,,,,,,,,,,,,,
186,바다 탐험대 옥토넛 스페셜,2015.2.5,"386,909,600",0.00%,"52,381",210,"1,855",영국,영국,와이드 릴리즈(주), 니키 팰런,, 하성용, 정재헌, 엄상현, 윤승희, 김정은, 유동균, 김율, 한경화,,,,,,,,,,,,,,,,,,,,,,,,,,,,,,,,,,,,,,
187,더 비지트,2015.10.15,"403,435,581",0.00%,"52,197",279,"4,134",미국,미국,유니버설픽쳐스인터내셔널 코리아(유), M. 나이트 샤말란,, 올리비아 데종, 에드 옥슨볼드,,,,,,,,,,,,,,,,,,,,,,,,,,,,,,,,,,,,,,,,,,,,
188,바닷마을 다이어리,2015.12.17,"418,641,984",0.00%,"52,110",67,"1,625",일본,일본,(주)티캐스트, 고레에다 히로카즈,, 아야세 하루카, 나가사와 마사미, 카호, 히로세 스즈,,,,,,,,,,,,,,,,,,,,,,,,,,,,,,,,,,,,,,,,,,
189,미안해 사랑해 고마워,2015.10.28,"359,247,800",0.00%,"51,207",344,"6,541",한국,한국,(주)쇼박스, 전윤수,, 지진희, 김성균, 성유리, 김영철, 이계인, 곽지혜,,,,,,,,,,,,,,,,,,,,,,,,,,,,,,,,,,,,,,,,
190,비밀,2015.10.15,"369,339,300",0.00%,"50,196",305,"5,180",한국,한국,CGV아트하우스,,,,,,,,,,,,,,,,,,,,,,,,,,,,,,,,,,,,,,,,,,,,,,,,
191,라스트 위치 헌터,2015.12.30,"345,219,000",0.00%,"49,558",275,"1,453",미국,미국,TCO(주)더콘텐츠온, 브렉 에이즈너,, 빈 디젤, 로즈 레슬리, 일라이저 우드,,,,,,,,,,,,,,,,,,,,,,,,,,,,,,,,,,,,,,,,,,,
192,스트레이트 아웃 오브 컴턴,2015.9.10,"412,749,800",0.00%,"48,844",185,"2,766",미국,미국,유니버설픽쳐스인터내셔널 코리아(유), F. 게리 그레이,, 오셔 잭슨 주니어, 코리 호킨스, 제이슨 밋첼,,,,,,,,,,,,,,,,,,,,,,,,,,,,,,,,,,,,,,,,,,,
193,송 원,2015.4.1,"360,122,143",0.00%,"48,252",365,"5,890",미국,미국,(주)박수엔터테인먼트,,,,,,,,,,,,,,,,,,,,,,,,,,,,,,,,,,,,,,,,,,,,,,,,
194,이스케이프,2015.11.5,"365,265,000",0.00%,"47,760",264,"4,020",미국,미국,(주)넥스트엔터테인먼트월드(NEW),,,,,,,,,,,,,,,,,,,,,,,,,,,,,,,,,,,,,,,,,,,,,,,,
195,엘리노어 릭비: 그 남자 그 여자,2015.4.9,"380,826,400",0.00%,"47,254",212,"4,013",미국,미국,(주)이수C&E, 네드 벤슨,, 제임스 맥어보이, 제시카 차스테인,,,,,,,,,,,,,,,,,,,,,,,,,,,,,,,,,,,,,,,,,,,,
196,크림슨 피크,2015.11.25,"377,338,400",0.00%,"46,411",255,"3,946",미국,미국,유니버설픽쳐스인터내셔널 코리아(유), 기예르모 델 토로,, 톰 히들스턴, 제시카 차스테인, 미아 와시코브스카, 찰리 허냄,,,,,,,,,,,,,,,,,,,,,,,,,,,,,,,,,,,,,,,,,,
197,한 번 더 해피엔딩,2015.4.8,"350,985,851",0.00%,"45,530",231,"4,712",미국,미국,(주)팝엔터테인먼트,,,,,,,,,,,,,,,,,,,,,,,,,,,,,,,,,,,,,,,,,,,,,,,,
198,피케이: 별에서 온 얼간이,2015.9.3,"352,210,800",0.00%,"45,311",184,"2,697",인도,인도,(주)와우픽쳐스, 라지쿠마르 히라니,, 아미르 칸, 산제이 더트, 아누쉬카 샤르마,,,,,,,,,,,,,,,,,,,,,,,,,,,,,,,,,,,,,,,,,,,
199,약장수,2015.4.23,"314,542,400",0.00%,"44,214",282,"4,312",한국,한국,"(주)대명문화공장,(주)나이너스엔터테인먼트", 조치언,, 김인권, 박철민, 이주실,,,,,,,,,,,,,,,,,,,,,,,,,,,,,,,,,,,,,,,,,,,
200,성실한 나라의 앨리스,2015.8.13,"349,482,500",0.00%,"43,964",69,"3,275",한국,한국,CGV아트하우스, 안국진,, 이정현,,,,,,,,,,,,,,,,,,,,,,,,,,,,,,,,,,,,,,,,,,,,,
201,일곱난쟁이,2014.12.24,"304,278,800",0.00%,"42,925",92,"1,027",독일,독일,메가박스중앙(주)플러스엠,,,,,,,,,,,,,,,,,,,,,,,,,,,,,,,,,,,,,,,,,,,,,,,,
202,코블러,2015.4.8,"318,637,732",0.00%,"41,444",250,"4,534",미국,미국,씨네그루(주)다우기술,,,,,,,,,,,,,,,,,,,,,,,,,,,,,,,,,,,,,,,,,,,,,,,,
203,데모닉,2015.6.25,"309,831,100",0.00%,"40,643",146,"2,081",미국,"미국,영국",(주)와우픽쳐스, 닐 블롬캠프,, 칼리 포프, 테리 첸, 나탈리 볼트,,,,,,,,,,,,,,,,,,,,,,,,,,,,,,,,,,,,,,,,,,,
204,유고와 라라: 하늘고래와 구름섬 대모험,2015.4.9,"291,706,400",0.00%,"40,374",222,"2,027",중국,중국,와이드 릴리즈(주), 왕운비,, 이재현, 박리나, 홍진욱, 임채헌, 윤세웅, 유지원, 권문정,,,,,,,,,,,,,,,,,,,,,,,,,,,,,,,,,,,,,,,
205,"웰컴, 삼바",2015.2.18,"325,078,800",0.00%,"40,321",252,"3,369",프랑스,프랑스,(주)이수C&E, 올리비에르 나카체, 에릭 토레다노, 오마 사이, 샤를로뜨 갱스부르,,,,,,,,,,,,,,,,,,,,,,,,,,,,,,,,,,,,,,,,,,,,
206,포켓몬 레인저와 바다의 왕자 마나피,2006.7.20,"284,294,600",0.00%,"40,146",257,"2,566",일본,일본,"(주)이수C&E,(주)쇼박스", 유야마 쿠니히코,, 엄상현, 이선호, 지미애, 최석필, 오오타니 이쿠에, 쉬라토리 유리,,,,,,,,,,,,,,,,,,,,,,,,,,,,,,,,,,,,,,,,
207,아델라인 : 멈춰진 시간,2015.10.15,"310,087,419",0.00%,"40,096",239,"3,425",미국,미국,(주)쇼박스, 리 톨랜드 크리거,, 블레이크 라이블리, 미치엘 휘즈먼,,,,,,,,,,,,,,,,,,,,,,,,,,,,,,,,,,,,,,,,,,,,
208,내일을 위한 시간,2015.1.1,"310,644,800",0.00%,"38,755",45,"1,781",벨기에,"벨기에,프랑스,이탈리아",그린나래미디어(주), 장 피에르 다르덴, 뤽 다르덴, 마리옹 꼬띠아르, 파브리지오 롱기온, 올리비에 구르메, 캐서린 살레,,,,,,,,,,,,,,,,,,,,,,,,,,,,,,,,,,,,,,,,,,
209,신은 죽지 않았다,2015.4.16,"282,788,000",0.00%,"38,254",137,"2,372",미국,미국,"주식회사 마운틴픽쳐스,(주)에스와이코마드", 마이클 메이슨,, 데이빗 A.R. 화이트, 존 코베트, 쉐인 하퍼, 테드 맥긴리, 테이텀 오닐,,,,,,,,,,,,,,,,,,,,,,,,,,,,,,,,,,,,,,,,,
210,타이밍,2015.12.10,"288,311,800",0.00%,"38,232",196,"2,737",한국,한국,(주)스톰픽쳐스코리아,,,,,,,,,,,,,,,,,,,,,,,,,,,,,,,,,,,,,,,,,,,,,,,,
211,정글번치: 너구리 해적단과 보물지도,2015.6.25,"272,076,100",0.00%,"38,219",247,"1,926",프랑스,프랑스,(주)팝엔터테인먼트, 에즈라 와이즈,, 스티브 스털리, 존 리스고, 앤드레 고든, 에린 피츠제럴드, 전태열, 김하영, 안효민, 현경수, 김혜성, 이현, 이재범, 이명희, 신경선, 윤아영, 김도영, 김주호, 김유림,,,,,,,,,,,,,,,,,,,,,,,,,,,,,
212,위아 유어 프렌즈,2015.11.12,"298,996,400",0.00%,"37,853",220,"2,883",미국,"미국,영국,프랑스",씨네그루(주)다우기술, 맥스 조셉,, 잭 에프론, 에밀리 라타이코프스키,,,,,,,,,,,,,,,,,,,,,,,,,,,,,,,,,,,,,,,,,,,,
213,추억의 마니,2015.3.19,"284,696,700",0.00%,"37,228",242,"3,218",일본,일본,(주)이수C&E, 요네바야시 히로마사,, 타카츠키 사라, 아리무라 카스미,,,,,,,,,,,,,,,,,,,,,,,,,,,,,,,,,,,,,,,,,,,,
214,령 : 저주받은 사진,2015.6.4,"277,244,253",0.00%,"36,371",253,"3,871",일본,일본,(주)스톰픽쳐스코리아, 아사토 마리,, 나카죠 아야미, 모리카와 아오이, 고지마 후지코, 미야마 카렌, 야마야 카스미,,,,,,,,,,,,,,,,,,,,,,,,,,,,,,,,,,,,,,,,,
215,한여름의 판타지아,2015.6.11,"279,273,058",0.00%,"35,950",59,"2,835",한국,"한국,일본",㈜인디스토리, 장건재,, 김새벽, 이와세 료, 임형국,,,,,,,,,,,,,,,,,,,,,,,,,,,,,,,,,,,,,,,,,,,
216,에스엠타운 더 스테이지,2015.8.13,"284,650,500",0.00%,"35,857",65,652,한국,한국,주식회사 디에스이이디, 배성상,, 강타, 보아, 동방신기, 슈퍼주니어, 소녀시대, 샤이니, 에프엑스, EXO, 레드벨벳, SM ROOKIES, 슈퍼주니어-m,,,,,,,,,,,,,,,,,,,,,,,,,,,,,,,,,,,
217,리틀드래곤 코코넛,2015.7.2,"256,425,400",0.00%,"35,119",209,"1,329",독일,독일,(주)영화사 빅, 앤소니 파워,, 손선영, 원에스더, 김한나, 김진홍, 이승행, 정의한,,,,,,,,,,,,,,,,,,,,,,,,,,,,,,,,,,,,,,,,
218,팔로우,2015.4.2,"277,989,143",0.00%,"33,509",197,"3,199",미국,미국,"(주)영화사오원,(주)브리즈픽처스",,,,,,,,,,,,,,,,,,,,,,,,,,,,,,,,,,,,,,,,,,,,,,,,
219,나를 미치게 하는 여자,2015.12.10,"237,669,700",0.00%,"33,380",161,"1,999",미국,미국,유니버설픽쳐스인터내셔널 코리아(유), 주드 아패토우,, 에이미 슈머, 빌 헤이더, 브리 라슨,,,,,,,,,,,,,,,,,,,,,,,,,,,,,,,,,,,,,,,,,,,
220,"땡큐, 대디",2015.4.23,"236,928,561",0.00%,"33,066",252,"2,896",프랑스,프랑스,(주)영화사 빅, 닐스 타베니어,, 자크 검블린, 파비앙 에로, 알렉산드라 라미, 소피 드 퓌어스트,,,,,,,,,,,,,,,,,,,,,,,,,,,,,,,,,,,,,,,,,,
221,더 테너 리리코 스핀토,2014.12.31,"260,190,241",0.00%,"32,644",176,"2,180",한국,한국,"(주)박수엔터테인먼트,(주)모인그룹",,,,,,,,,,,,,,,,,,,,,,,,,,,,,,,,,,,,,,,,,,,,,,,,
222,파울볼,2015.4.2,"235,292,500",0.00%,"31,137",231,"3,859",한국,한국,오퍼스픽쳐스(유),,,,,,,,,,,,,,,,,,,,,,,,,,,,,,,,,,,,,,,,,,,,,,,,
223,춘희막이,2015.9.30,"205,578,965",0.00%,"29,539",268,"3,940",한국,한국,"메가박스중앙(주)플러스엠,(주)엣나인필름", 박혁지,, 김춘희, 최막이,,,,,,,,,,,,,,,,,,,,,,,,,,,,,,,,,,,,,,,,,,,,
224,아이돌 마스터 무비 : 빛의 저편으로!,2015.11.19,"211,857,000",0.00%,"29,193",55,986,일본,일본,(주)머스트씨무비릴리징컴퍼니,,,,,,,,,,,,,,,,,,,,,,,,,,,,,,,,,,,,,,,,,,,,,,,,
225,슈퍼 스파이: 수상한 임무,2015.10.15,"207,059,400",0.00%,"28,626",173,"1,403",스페인,스페인,"(주)스톰픽쳐스코리아,TCO(주)더콘텐츠온", 하비에르 페서,, 카라 엘레할데, 헌프리 토페라,,,,,,,,,,,,,,,,,,,,,,,,,,,,,,,,,,,,,,,,,,,,
226,앙: 단팥 인생 이야기,2015.9.10,"219,663,862",0.00%,"27,590",41,"1,415",일본,일본,그린나래미디어(주), 가와세 나오미,, 키키 키린, 나가세 마사토시, 우치다 카라,,,,,,,,,,,,,,,,,,,,,,,,,,,,,,,,,,,,,,,,,,,
227,라자루스,2015.7.2,"215,951,800",0.00%,"27,445",89,"1,232",미국,미국,(유)조이앤시네마,,,,,,,,,,,,,,,,,,,,,,,,,,,,,,,,,,,,,,,,,,,,,,,,
228,몬스터 헌트,2015.11.12,"200,707,000",0.00%,"27,310",184,"1,954",중국,중국,(주)와우픽쳐스, 무문광,,,,,,,,,,,,,,,,,,,,,,,,,,,,,,,,,,,,,,,,,,,,,,,
229,뽀로로 극장판 눈요정 마을 대모험,,"129,379,900",0.00%,"27,034",66,896,한국,한국,, 김현호,, 이선, 함수정, 홍소영, 이미자, 정미숙, 김환진, 김서영, 문남숙, 온영삼, 손종환,,,,,,,,,,,,,,,,,,,,,,,,,,,,,,,,,,,,
230,러브 앤 머시,2015.7.30,"211,780,800",0.00%,"26,812",51,"1,331",미국,미국,판씨네마(주), 빌 포래드,, 존 쿠삭, 폴 다노, 엘리자베스 뱅크스,,,,,,,,,,,,,,,,,,,,,,,,,,,,,,,,,,,,,,,,,,,
231,트레이서,2015.3.19,"197,286,000",0.00%,"26,262",249,"3,433",미국,미국,"(주)영화사오원,(주)브리즈픽처스",,,,,,,,,,,,,,,,,,,,,,,,,,,,,,,,,,,,,,,,,,,,,,,,
232,폭스캐처,2015.2.5,"203,771,121",0.00%,"25,683",80,"1,469",미국,미국,그린나래미디어(주), 베넷 밀러,, 채닝 테이텀, 스티브 카렐, 마크 러팔로,,,,,,,,,,,,,,,,,,,,,,,,,,,,,,,,,,,,,,,,,,,
233,트래쉬,2015.5.14,"183,546,913",0.00%,"25,532",206,"3,037",미국,미국,유니버설픽쳐스인터내셔널 코리아(유),,,,,,,,,,,,,,,,,,,,,,,,,,,,,,,,,,,,,,,,,,,,,,,,
234,윈드랜드,2015.4.2,"176,978,200",0.00%,"24,936",240,"1,494",이탈리아,이탈리아,예지림엔터테인먼트, 세르지오 맨피오,, 김경희, 탁원정, 권문정, 박상훈, 윤세웅,,,,,,,,,,,,,,,,,,,,,,,,,,,,,,,,,,,,,,,,,
235,숲속으로,2014.12.24,"186,970,400",0.00%,"24,476",116,950,미국,미국,월트디즈니컴퍼니코리아(주), 롭 마샬,, 메릴 스트립, 조니 뎁, 에밀리 블런트, 제임스 코든, 안나 켄드릭, 크리스 파인, 루시 펀치,,,,,,,,,,,,,,,,,,,,,,,,,,,,,,,,,,,,,,,
236,진격의 거인: 홍련의 화살,2015.1.28,"192,575,800",0.00%,"24,450",82,"1,659",일본,일본,(주)박수엔터테인먼트, 아라키 테츠로,, 카지 유우키, 이시카와 유이, 이노우에 마리나, 카미야 히로시,,,,,,,,,,,,,,,,,,,,,,,,,,,,,,,,,,,,,,,,,,
237,종이 달,2015.7.23,"197,236,200",0.00%,"24,381",34,978,일본,일본,"(주)영화사오원,(주)퍼스트런", 요시다 다이하치,, 미야자와 리에, 이케마츠 소스케, 오오시마 유코, 다나베 세이치,,,,,,,,,,,,,,,,,,,,,,,,,,,,,,,,,,,,,,,,,,
238,레전드 오브 래빗: 불의 전설,2015.9.24,"178,371,100",0.00%,"24,111",126,954,중국,중국,(주)팝엔터테인먼트, 마원, 동대가, 황뢰, 양자산, 왕경송, 하운위, 마원,,,,,,,,,,,,,,,,,,,,,,,,,,,,,,,,,,,,,,,,,
239,아마조니아,2015.8.5,"169,462,200",0.00%,"23,704",105,875,프랑스,"프랑스,브라질","(주)영화사 빅,(주)버킷스튜디오",,,,,,,,,,,,,,,,,,,,,,,,,,,,,,,,,,,,,,,,,,,,,,,,
240,사이코패스,2015.5.28,"191,148,000",0.00%,"23,586",69,"1,198",일본,일본,(주)박수엔터테인먼트,,,,,,,,,,,,,,,,,,,,,,,,,,,,,,,,,,,,,,,,,,,,,,,,
241,드래곤볼 Z : 부활의 F,2015.10.1,"176,019,000",0.00%,"23,294",76,982,일본,일본,(주)씨제이이엔엠, 야마무로 타다요시,, 김환진, 최문자, 노자와 마사코, 나카오 류세이, 야마데라 코이치, 모리타 마사카즈, 최한,,,,,,,,,,,,,,,,,,,,,,,,,,,,,,,,,,,,,,,
242,마미,2014.12.18,"184,466,300",0.00%,"22,683",56,779,캐나다,"캐나다,프랑스",(주)엣나인필름,,,,,,,,,,,,,,,,,,,,,,,,,,,,,,,,,,,,,,,,,,,,,,,,
243,엘리제궁의 요리사,2015.3.19,"170,548,500",0.00%,"22,416",112,"1,803",프랑스,프랑스,판씨네마(주), 크리스티앙 벵상,, 카트린 프로, 아르튀르 뒤퐁, 장 도르메송, 이폴리트 지라르도,,,,,,,,,,,,,,,,,,,,,,,,,,,,,,,,,,,,,,,,,,
244,차일드 44,2015.5.28,"168,643,231",0.00%,"21,604",145,"1,865",미국,미국,(주)넥스트엔터테인먼트월드(NEW), 다니엘 에스피노사,, 톰 하디, 게리 올드만, 조엘 킨나만, 누미 라파스, 뱅상 카셀, 찰스 댄스,,,,,,,,,,,,,,,,,,,,,,,,,,,,,,,,,,,,,,,,
245,그 사람 그 사랑 그 세상,2014.11.20,"149,047,500",0.00%,"21,268",28,712,한국,한국,"THE 픽쳐스,(주)팝엔터테인먼트", 권혁만,, 강석우, 이광기, 최강희, 배창복,,,,,,,,,,,,,,,,,,,,,,,,,,,,,,,,,,,,,,,,,,
246,트립 투 이탈리아,2015.6.4,"162,320,800",0.00%,"21,136",51,"1,418",영국,영국,찬란, 마이클 윈터바텀,, 롭 브라이든, 스티브 쿠건,,,,,,,,,,,,,,,,,,,,,,,,,,,,,,,,,,,,,,,,,,,,
247,스윗 프랑세즈,2015.12.3,"153,528,300",0.00%,"20,694",94,"1,300",영국,"영국,프랑스,미국",그린나래미디어(주), 사울 딥,, 미셸 윌리엄스, 마티아스 쇼에나에츠, 크리스틴 스콧 토마스, 마고 로비,,,,,,,,,,,,,,,,,,,,,,,,,,,,,,,,,,,,,,,,,,
248,난 그녀와 키스했다,2015.7.22,"155,762,798",0.00%,"20,056",53,"1,009",프랑스,프랑스,(주)엣나인필름, 막심 고바레, 노에미 사글리오, 피오 마르마이, 애드리애너 그라지엘, 래닉 가우트리, 프랑크 가스탐비드, 카밀 코탄, 프레더릭 피에롯,,,,,,,,,,,,,,,,,,,,,,,,,,,,,,,,,,,,,,,,
249,라이프,2015.10.15,"155,668,185",0.00%,"19,596",99,"1,893",캐나다,"캐나다,독일,오스트리아 ,미국","(주)영화사오원,(주)프레인글로벌",,,,,,,,,,,,,,,,,,,,,,,,,,,,,,,,,,,,,,,,,,,,,,,,
250,옐로우버드,2015.2.18,"146,918,300",0.00%,"18,900",127,"1,074",프랑스,프랑스,"(주)영화사오원,(주)브리즈픽처스", 크리스티앙 드 비타,, 세스 그린, 다코타 패닝, 대니 글로버, 아르튀르 뒤퐁, 사라 포레스티에, 브루노 살로몬,,,,,,,,,,,,,,,,,,,,,,,,,,,,,,,,,,,,,,,,
251,부에나 비스타 소셜 클럽,2001.3.1,"154,284,701",0.00%,"18,892",54,"1,003",독일,독일,오드, 빔 벤더스,, 꼼빠이 세군도, 이브라힘 페레르, 오마라 포르투온도, 엘리아데스 오초아,,,,,,,,,,,,,,,,,,,,,,,,,,,,,,,,,,,,,,,,,,
252,비비안 마이어를 찾아서,2015.4.30,"150,367,500",0.00%,"18,829",36,"1,060",미국,미국,오드, 존 말루프, 찰리 시스켈, 존 말루프, 비비안 마이어,,,,,,,,,,,,,,,,,,,,,,,,,,,,,,,,,,,,,,,,,,,,
253,무민 더 무비,2015.8.13,"133,874,700",0.00%,"18,380",161,"1,195",핀란드,"핀란드,프랑스",(주)팝엔터테인먼트, 자비에르 피카드,, 크리스토퍼 검머러스, 마리아 시드, 매츠 랑백카, 알마 포이스티, 라그니 그뢴블롬, C.G. 웬젤, 카를 크리스티안 룬드만,,,,,,,,,,,,,,,,,,,,,,,,,,,,,,,,,,,,,,,
254,마돈나,2015.7.2,"141,358,400",0.00%,"18,149",65,"1,474",한국,한국,(주)리틀빅픽쳐스,,,,,,,,,,,,,,,,,,,,,,,,,,,,,,,,,,,,,,,,,,,,,,,,
255,리그레션,2015.10.15,"141,042,885",0.00%,"18,057",143,"1,856",스페인,"스페인,캐나다",(주)박수엔터테인먼트, 알레한드로 아메나바르,, 엠마 왓슨, 에단 호크,,,,,,,,,,,,,,,,,,,,,,,,,,,,,,,,,,,,,,,,,,,,
256,원스 어폰 어 타임 인 아메리카,1984.12.10,"248,615,600",0.00%,"17,873",31,556,미국,"미국,이탈리아",(주)프레인글로벌, 세르지오 레오네,, 로버트 드 니로,,,,,,,,,,,,,,,,,,,,,,,,,,,,,,,,,,,,,,,,,,,,,
257,태양을 쏴라,2015.3.19,"126,046,400",0.00%,"17,444",156,"1,983",한국,한국,(유)조이앤시네마, 김태식,, 강지환, 윤진서,,,,,,,,,,,,,,,,,,,,,,,,,,,,,,,,,,,,,,,,,,,,
258,유아 낫 유,2015.1.21,"138,505,400",0.00%,"17,372",103,"1,243",미국,미국,(주)마인스 엔터테인먼트,,,,,,,,,,,,,,,,,,,,,,,,,,,,,,,,,,,,,,,,,,,,,,,,
259,어떤살인,2015.10.28,"137,025,800",0.00%,"17,190",179,"2,562",한국,한국,"TCO(주)더콘텐츠온,(주)전망좋은 영화사", 안용훈,, 윤소이, 신현빈, 임서주, 김혁,,,,,,,,,,,,,,,,,,,,,,,,,,,,,,,,,,,,,,,,,,
260,이민자,2015.9.3,"130,809,123",0.00%,"16,667",36,936,미국,미국,주식회사 씨네룩스, 제임스 그레이,, 마리옹 꼬띠아르, 호아킨 피닉스, 제레미 레너,,,,,,,,,,,,,,,,,,,,,,,,,,,,,,,,,,,,,,,,,,,
261,어바웃 리키,2015.9.3,"123,069,900",0.00%,"16,475",123,"1,532",미국,미국,유니버설픽쳐스인터내셔널 코리아(유), 조나단 드미,, 메릴 스트립, 케빈 클라인, 마미 검머, 릭 스프링필드, 세바스찬 스탠,,,,,,,,,,,,,,,,,,,,,,,,,,,,,,,,,,,,,,,,,
262,나쁜 나라,2015.12.3,"111,080,400",0.00%,"16,368",23,651,한국,한국,"배급위원회,(주)시네마달", 김진열,,,,,,,,,,,,,,,,,,,,,,,,,,,,,,,,,,,,,,,,,,,,,,,
263,셀마,2015.7.23,"118,838,824",0.00%,"16,198",48,981,미국,미국,찬란,,,,,,,,,,,,,,,,,,,,,,,,,,,,,,,,,,,,,,,,,,,,,,,,
264,순교,2015.8.13,"115,342,000",0.00%,"16,097",8,604,한국,한국,파이오니아21,,,,,,,,,,,,,,,,,,,,,,,,,,,,,,,,,,,,,,,,,,,,,,,,
265,이다,2015.2.18,"119,357,345",0.00%,"15,668",34,"1,065",폴란드,"폴란드,덴마크",시네마 뉴원,,,,,,,,,,,,,,,,,,,,,,,,,,,,,,,,,,,,,,,,,,,,,,,,
266,꼬마 유령,2015.6.11,"111,527,100",0.00%,"15,516",176,"1,212",독일,"독일,스위스",(주)영화사오원,,,,,,,,,,,,,,,,,,,,,,,,,,,,,,,,,,,,,,,,,,,,,,,,
267,사랑이 이긴다,2015.9.10,"116,662,900",0.00%,"15,328",48,632,한국,한국,(주)리틀빅픽쳐스, 민병훈,, 장현성, 최정원, 오유진,,,,,,,,,,,,,,,,,,,,,,,,,,,,,,,,,,,,,,,,,,,
268,아스테릭스: 신들의 전당,2015.4.30,"108,464,000",0.00%,"15,315",104,801,프랑스,프랑스,(주)나이너스엔터테인먼트, 루이 클리시, 알렉상드르 아스티에, 알랭 샤바, 로랑 라피트, 제라르딘 나카체, 알렉상드르 아스티에, 로란트 도이취, 로저 카렐, 엘리 세모운, 플로렌스 포레스티, 아르투 드 팡게른, 프랑소와 모렐,,,,,,,,,,,,,,,,,,,,,,,,,,,,,,,,,,,,
269,라이드 : 나에게로의 여행,2015.7.16,"125,004,700",0.00%,"15,195",29,789,미국,미국,(주)티캐스트, 헬렌 헌트,, 헬렌 헌트, 루크 윌슨, 브렌튼 스웨이츠, 로버트 네퍼,,,,,,,,,,,,,,,,,,,,,,,,,,,,,,,,,,,,,,,,,,
270,뷰티풀 라이,2015.3.26,"112,466,200",0.00%,"15,050",91,"1,452",미국,미국,(주)씨제이이엔엠, 필리프 팔라도,, 리즈 위더스푼, 아놀드 오셍, 게르 두아니, 엠마뉴엘 잘, 코리 스톨, 사라 베이커,,,,,,,,,,,,,,,,,,,,,,,,,,,,,,,,,,,,,,,,
271,엘리펀트 송,2015.6.11,"116,806,400",0.00%,"14,893",49,"1,059",캐나다,캐나다,(주)엣나인필름,,,,,,,,,,,,,,,,,,,,,,,,,,,,,,,,,,,,,,,,,,,,,,,,
272,어느 하녀의 일기,2015.8.6,"114,051,900",0.00%,"14,891",37,694,프랑스,"프랑스,벨기에",주식회사 씨네룩스, 루이스 부뉴엘,, 잔느 모로, 조지스 게레,,,,,,,,,,,,,,,,,,,,,,,,,,,,,,,,,,,,,,,,,,,,
273,하나와 앨리스: 살인사건,2015.5.27,"114,452,100",0.00%,"14,491",67,"1,357",일본,일본,(주)씨제이이엔엠, 이와이 슌지,, 아오이 유우, 스즈키 안,,,,,,,,,,,,,,,,,,,,,,,,,,,,,,,,,,,,,,,,,,,,
274,리틀 보이,2015.12.10,"100,778,300",0.00%,"14,343",143,"1,371",미국,"미국,멕시코",메가박스중앙(주)플러스엠,,,,,,,,,,,,,,,,,,,,,,,,,,,,,,,,,,,,,,,,,,,,,,,,
275,"알로, 슈티",2015.7.2,"115,129,400",0.00%,"14,289",33,746,프랑스,프랑스,"(주)프레인글로벌,(주)콘텐츠판다", 대니 분,, 카드 므라드, 대니 분,,,,,,,,,,,,,,,,,,,,,,,,,,,,,,,,,,,,,,,,,,,,
276,빽 투 더 퓨쳐 2,1990.1.13,"122,558,400",0.00%,"14,253",53,773,미국,미국,"(주)프레인글로벌,(주)영화사 안다미로", 로버트 저메키스,, 마이클 J. 폭스, 크리스토퍼 로이드,,,,,,,,,,,,,,,,,,,,,,,,,,,,,,,,,,,,,,,,,,,,
277,호비와 엄마나무섬의 비밀,2015.7.2,"97,809,500",0.00%,"14,234",74,820,일본,일본,(주)머스트씨무비릴리징컴퍼니,,,,,,,,,,,,,,,,,,,,,,,,,,,,,,,,,,,,,,,,,,,,,,,,
278,위로공단,2015.8.13,"106,504,000",0.00%,"14,231",34,"1,095",한국,한국,(주)엣나인필름, 임흥순,, 신순애, 이총각, 이기복, 김영미, 강명자,,,,,,,,,,,,,,,,,,,,,,,,,,,,,,,,,,,,,,,,,
279,네이든,2015.6.25,"106,437,400",0.00%,"13,984",49,900,영국,영국,(주)블룸즈베리리소시스리미티드, 모건 매튜스,, 에이사 버터필드, 샐리 호킨스, 라프 스팰,,,,,,,,,,,,,,,,,,,,,,,,,,,,,,,,,,,,,,,,,,,
280,해피 홀리데이,2015.5.14,"105,913,800",0.00%,"13,939",102,"1,405",영국,영국,(주)스톰픽쳐스코리아,,,,,,,,,,,,,,,,,,,,,,,,,,,,,,,,,,,,,,,,,,,,,,,,
281,미스터 터너,2015.1.22,"105,909,883",0.00%,"13,792",29,569,영국,"영국,프랑스,독일",(주)영화사 진진, 마이크 리,, 티모시 스폴, 폴 제슨, 도로시 앳킨슨,,,,,,,,,,,,,,,,,,,,,,,,,,,,,,,,,,,,,,,,,,,
282,무드 인디고,2014.12.11,"111,195,900",0.00%,"13,430",31,736,프랑스,"프랑스,벨기에",(주)프레인글로벌, 미셸 공드리,, 로망 뒤리스, 오드리 토투, 게드 엘마레,,,,,,,,,,,,,,,,,,,,,,,,,,,,,,,,,,,,,,,,,,,
283,아마데우스 감독판,2015.10.29,"108,229,000",0.00%,"13,428",31,513,미국,미국,시네마 뉴원,,,,,,,,,,,,,,,,,,,,,,,,,,,,,,,,,,,,,,,,,,,,,,,,
284,베스트 오브 미,2015.6.18,"100,915,600",0.00%,"13,399",118,"1,422",미국,미국,메가박스중앙(주)플러스엠, 로제르 아길라르,, 마리안 알바레즈, 후안 샌즈,,,,,,,,,,,,,,,,,,,,,,,,,,,,,,,,,,,,,,,,,,,,
285,블랙버드,2015.1.28,"97,711,400",0.00%,"13,130",135,"2,007",미국,미국,(주)영화사 빅,,,,,,,,,,,,,,,,,,,,,,,,,,,,,,,,,,,,,,,,,,,,,,,,
286,"안녕, 전우치! 도술로봇대결전",2015.10.8,"92,435,600",0.00%,"13,055",173,"1,076",한국,한국,(주)리틀빅픽쳐스, 김대창,, 김율, 김새해, 정선혜, 홍범기, 안장혁, 류점희,,,,,,,,,,,,,,,,,,,,,,,,,,,,,,,,,,,,,,,,
287,온리 유,2015.10.15,"96,822,200",0.00%,"12,990",111,"1,315",중국,중국,(주)영화사 빅, 장하오,, 탕웨이, 리아오 판,,,,,,,,,,,,,,,,,,,,,,,,,,,,,,,,,,,,,,,,,,,,
288,폴라로이드,2015.7.16,"82,417,500",0.00%,"12,457",27,169,한국,"한국,중국",와이드 릴리즈(주),,,,,,,,,,,,,,,,,,,,,,,,,,,,,,,,,,,,,,,,,,,,,,,,
289,피아니스트,2003.1.1,"92,192,700",0.00%,"12,331",22,480,프랑스,프랑스,"(주)씨네월드,(주)드림팩트엔터테인먼트", 미카엘 하네케,, 이자벨 위페르, 브느와 마지멜,,,,,,,,,,,,,,,,,,,,,,,,,,,,,,,,,,,,,,,,,,,,
290,어우동: 주인 없는 꽃,2015.1.29,"60,141,000",0.00%,"12,203",19,381,한국,한국,(주)드림팩트엔터테인먼트, 이수성,, 백도빈, 강은비, 여욱환, 남경읍, 유장영,,,,,,,,,,,,,,,,,,,,,,,,,,,,,,,,,,,,,,,,,
291,빽 투 더 퓨쳐,1987.7.17,"99,851,744",0.00%,"12,187",49,622,미국,미국,"(주)프레인글로벌,(주)영화사 안다미로", 로버트 저메키스,, 마이클 J. 폭스, 크리스토퍼 로이드, 리 톰슨, 크리스핀 글로버, 토머스 F. 윌슨,,,,,,,,,,,,,,,,,,,,,,,,,,,,,,,,,,,,,,,,,
292,타투,2015.12.10,"99,255,100",0.00%,"12,102",133,"1,223",한국,한국,와이드 릴리즈(주),,,,,,,,,,,,,,,,,,,,,,,,,,,,,,,,,,,,,,,,,,,,,,,,
293,결혼하지 않아도 괜찮을까,2015.4.9,"96,425,500",0.00%,"11,782",27,901,일본,일본,프리비젼엔터테인먼트, 미노리카와 오사무,, 시바사키 코우, 마키 요코, 테라지마 시노부,,,,,,,,,,,,,,,,,,,,,,,,,,,,,,,,,,,,,,,,,,,
294,검은손,2015.4.16,"89,815,665",0.00%,"11,650",178,"2,572",한국,한국,(주)스톰픽쳐스코리아, 박재식,, 김성수, 한고은,,,,,,,,,,,,,,,,,,,,,,,,,,,,,,,,,,,,,,,,,,,,
295,클라우즈 오브 실스마리아,2014.12.18,"91,924,300",0.00%,"11,410",22,379,프랑스,"프랑스,스위스,독일",(주)나이너스엔터테인먼트, 올리비에 아사야스,, 줄리엣 비노쉬, 크리스틴 스튜어트, 클로이 모레츠,,,,,,,,,,,,,,,,,,,,,,,,,,,,,,,,,,,,,,,,,,,
296,카이트,2015.6.11,"66,844,000",0.00%,"11,287",50,147,미국,미국,(주)누리픽쳐스,,,,,,,,,,,,,,,,,,,,,,,,,,,,,,,,,,,,,,,,,,,,,,,,
297,에이미,2015.11.5,"93,166,400",0.00%,"11,258",31,620,영국,영국,"(주)팝엔터테인먼트,주식회사 더쿱",,,,,,,,,,,,,,,,,,,,,,,,,,,,,,,,,,,,,,,,,,,,,,,,
298,블러바드,2015.8.13,"86,642,300",0.00%,"11,048",22,634,미국,미국,"주식회사 블루필름웍스,주식회사 마운틴픽쳐스,TCO(주)더콘텐츠온",,,,,,,,,,,,,,,,,,,,,,,,,,,,,,,,,,,,,,,,,,,,,,,,
299,바티칸 뮤지엄,2015.1.8,"106,215,500",0.00%,"11,027",51,587,이탈리아,이탈리아,(주)팝엔터테인먼트, 루카 드 마타,, 채시라,,,,,,,,,,,,,,,,,,,,,,,,,,,,,,,,,,,,,,,,,,,,,
